REGION,TECHNOLOGY,EMISSION,MODE_OF_OPERATION,YEAR,VALUE
GLOBAL,PWRCCGCRIXX00,CO2CRI,1,2021,0.1283
GLOBAL,PWRCCGCRIXX00,CO2CRI,1,2022,0.1283
GLOBAL,PWRCCGCRIXX00,CO2CRI,1,2023,0.1283
GLOBAL,PWRCCGCRIXX00,CO2CRI,1,2024,0.1283
GLOBAL,PWRCCGCRIXX00,CO2CRI,1,2025,0.1283
GLOBAL,PWRCCGCRIXX00,CO2CRI,1,2026,0.1283
GLOBAL,PWRCCGCRIXX00,CO2CRI,1,2027,0.1283
GLOBAL,PWRCCGCRIXX00,CO2CRI,1,2028,0.1283
GLOBAL,PWRCCGCRIXX00,CO2CRI,1,2029,0.1283
GLOBAL,PWRCCGCRIXX00,CO2CRI,1,2030,0.1283
GLOBAL,PWRCCGCRIXX00,CO2CRI,1,2031,0.1283
GLOBAL,PWRCCGCRIXX00,CO2CRI,1,2032,0.1283
GLOBAL,PWRCCGCRIXX00,CO2CRI,1,2033,0.1283
GLOBAL,PWRCCGCRIXX00,CO2CRI,1,2034,0.1283
GLOBAL,PWRCCGCRIXX00,CO2CRI,1,2035,0.1283
GLOBAL,PWRCCGCRIXX00,CO2CRI,1,2036,0.1283
GLOBAL,PWRCCGCRIXX00,CO2CRI,1,2037,0.1283
GLOBAL,PWRCCGCRIXX00,CO2CRI,1,2038,0.1283
GLOBAL,PWRCCGCRIXX00,CO2CRI,1,2039,0.1283
GLOBAL,PWRCCGCRIXX00,CO2CRI,1,2040,0.1283
GLOBAL,PWRCCGCRIXX00,CO2CRI,1,2041,0.1283
GLOBAL,PWRCCGCRIXX00,CO2CRI,1,2042,0.1283
GLOBAL,PWRCCGCRIXX00,CO2CRI,1,2043,0.1283
GLOBAL,PWRCCGCRIXX00,CO2CRI,1,2044,0.1283
GLOBAL,PWRCCGCRIXX00,CO2CRI,1,2045,0.1283
GLOBAL,PWRCCGCRIXX00,CO2CRI,1,2046,0.1283
GLOBAL,PWRCCGCRIXX00,CO2CRI,1,2047,0.1283
GLOBAL,PWRCCGCRIXX00,CO2CRI,1,2048,0.1283
GLOBAL,PWRCCGCRIXX00,CO2CRI,1,2049,0.1283
GLOBAL,PWRCCGCRIXX00,CO2CRI,1,2050,0.1283
GLOBAL,PWRCCGCRIXX00,CO2CRI,2,2021,0.1283
GLOBAL,PWRCCGCRIXX00,CO2CRI,2,2022,0.1283
GLOBAL,PWRCCGCRIXX00,CO2CRI,2,2023,0.1283
GLOBAL,PWRCCGCRIXX00,CO2CRI,2,2024,0.1283
GLOBAL,PWRCCGCRIXX00,CO2CRI,2,2025,0.1283
GLOBAL,PWRCCGCRIXX00,CO2CRI,2,2026,0.1283
GLOBAL,PWRCCGCRIXX00,CO2CRI,2,2027,0.1283
GLOBAL,PWRCCGCRIXX00,CO2CRI,2,2028,0.1283
GLOBAL,PWRCCGCRIXX00,CO2CRI,2,2029,0.1283
GLOBAL,PWRCCGCRIXX00,CO2CRI,2,2030,0.1283
GLOBAL,PWRCCGCRIXX00,CO2CRI,2,2031,0.1283
GLOBAL,PWRCCGCRIXX00,CO2CRI,2,2032,0.1283
GLOBAL,PWRCCGCRIXX00,CO2CRI,2,2033,0.1283
GLOBAL,PWRCCGCRIXX00,CO2CRI,2,2034,0.1283
GLOBAL,PWRCCGCRIXX00,CO2CRI,2,2035,0.1283
GLOBAL,PWRCCGCRIXX00,CO2CRI,2,2036,0.1283
GLOBAL,PWRCCGCRIXX00,CO2CRI,2,2037,0.1283
GLOBAL,PWRCCGCRIXX00,CO2CRI,2,2038,0.1283
GLOBAL,PWRCCGCRIXX00,CO2CRI,2,2039,0.1283
GLOBAL,PWRCCGCRIXX00,CO2CRI,2,2040,0.1283
GLOBAL,PWRCCGCRIXX00,CO2CRI,2,2041,0.1283
GLOBAL,PWRCCGCRIXX00,CO2CRI,2,2042,0.1283
GLOBAL,PWRCCGCRIXX00,CO2CRI,2,2043,0.1283
GLOBAL,PWRCCGCRIXX00,CO2CRI,2,2044,0.1283
GLOBAL,PWRCCGCRIXX00,CO2CRI,2,2045,0.1283
GLOBAL,PWRCCGCRIXX00,CO2CRI,2,2046,0.1283
GLOBAL,PWRCCGCRIXX00,CO2CRI,2,2047,0.1283
GLOBAL,PWRCCGCRIXX00,CO2CRI,2,2048,0.1283
GLOBAL,PWRCCGCRIXX00,CO2CRI,2,2049,0.1283
GLOBAL,PWRCCGCRIXX00,CO2CRI,2,2050,0.1283
GLOBAL,PWRCCGCRIXX01,CO2CRI,1,2021,0.1006
GLOBAL,PWRCCGCRIXX01,CO2CRI,1,2022,0.1006
GLOBAL,PWRCCGCRIXX01,CO2CRI,1,2023,0.1006
GLOBAL,PWRCCGCRIXX01,CO2CRI,1,2024,0.1006
GLOBAL,PWRCCGCRIXX01,CO2CRI,1,2025,0.1006
GLOBAL,PWRCCGCRIXX01,CO2CRI,1,2026,0.1006
GLOBAL,PWRCCGCRIXX01,CO2CRI,1,2027,0.1006
GLOBAL,PWRCCGCRIXX01,CO2CRI,1,2028,0.1006
GLOBAL,PWRCCGCRIXX01,CO2CRI,1,2029,0.1006
GLOBAL,PWRCCGCRIXX01,CO2CRI,1,2030,0.1006
GLOBAL,PWRCCGCRIXX01,CO2CRI,1,2031,0.1006
GLOBAL,PWRCCGCRIXX01,CO2CRI,1,2032,0.1006
GLOBAL,PWRCCGCRIXX01,CO2CRI,1,2033,0.1006
GLOBAL,PWRCCGCRIXX01,CO2CRI,1,2034,0.1006
GLOBAL,PWRCCGCRIXX01,CO2CRI,1,2035,0.1006
GLOBAL,PWRCCGCRIXX01,CO2CRI,1,2036,0.1006
GLOBAL,PWRCCGCRIXX01,CO2CRI,1,2037,0.1006
GLOBAL,PWRCCGCRIXX01,CO2CRI,1,2038,0.1006
GLOBAL,PWRCCGCRIXX01,CO2CRI,1,2039,0.1006
GLOBAL,PWRCCGCRIXX01,CO2CRI,1,2040,0.1006
GLOBAL,PWRCCGCRIXX01,CO2CRI,1,2041,0.1006
GLOBAL,PWRCCGCRIXX01,CO2CRI,1,2042,0.1006
GLOBAL,PWRCCGCRIXX01,CO2CRI,1,2043,0.1006
GLOBAL,PWRCCGCRIXX01,CO2CRI,1,2044,0.1006
GLOBAL,PWRCCGCRIXX01,CO2CRI,1,2045,0.1006
GLOBAL,PWRCCGCRIXX01,CO2CRI,1,2046,0.1006
GLOBAL,PWRCCGCRIXX01,CO2CRI,1,2047,0.1006
GLOBAL,PWRCCGCRIXX01,CO2CRI,1,2048,0.1006
GLOBAL,PWRCCGCRIXX01,CO2CRI,1,2049,0.1006
GLOBAL,PWRCCGCRIXX01,CO2CRI,1,2050,0.1006
GLOBAL,PWRCCGCRIXX01,CO2CRI,2,2021,0.1006
GLOBAL,PWRCCGCRIXX01,CO2CRI,2,2022,0.1006
GLOBAL,PWRCCGCRIXX01,CO2CRI,2,2023,0.1006
GLOBAL,PWRCCGCRIXX01,CO2CRI,2,2024,0.1006
GLOBAL,PWRCCGCRIXX01,CO2CRI,2,2025,0.1006
GLOBAL,PWRCCGCRIXX01,CO2CRI,2,2026,0.1006
GLOBAL,PWRCCGCRIXX01,CO2CRI,2,2027,0.1006
GLOBAL,PWRCCGCRIXX01,CO2CRI,2,2028,0.1006
GLOBAL,PWRCCGCRIXX01,CO2CRI,2,2029,0.1006
GLOBAL,PWRCCGCRIXX01,CO2CRI,2,2030,0.1006
GLOBAL,PWRCCGCRIXX01,CO2CRI,2,2031,0.1006
GLOBAL,PWRCCGCRIXX01,CO2CRI,2,2032,0.1006
GLOBAL,PWRCCGCRIXX01,CO2CRI,2,2033,0.1006
GLOBAL,PWRCCGCRIXX01,CO2CRI,2,2034,0.1006
GLOBAL,PWRCCGCRIXX01,CO2CRI,2,2035,0.1006
GLOBAL,PWRCCGCRIXX01,CO2CRI,2,2036,0.1006
GLOBAL,PWRCCGCRIXX01,CO2CRI,2,2037,0.1006
GLOBAL,PWRCCGCRIXX01,CO2CRI,2,2038,0.1006
GLOBAL,PWRCCGCRIXX01,CO2CRI,2,2039,0.1006
GLOBAL,PWRCCGCRIXX01,CO2CRI,2,2040,0.1006
GLOBAL,PWRCCGCRIXX01,CO2CRI,2,2041,0.1006
GLOBAL,PWRCCGCRIXX01,CO2CRI,2,2042,0.1006
GLOBAL,PWRCCGCRIXX01,CO2CRI,2,2043,0.1006
GLOBAL,PWRCCGCRIXX01,CO2CRI,2,2044,0.1006
GLOBAL,PWRCCGCRIXX01,CO2CRI,2,2045,0.1006
GLOBAL,PWRCCGCRIXX01,CO2CRI,2,2046,0.1006
GLOBAL,PWRCCGCRIXX01,CO2CRI,2,2047,0.1006
GLOBAL,PWRCCGCRIXX01,CO2CRI,2,2048,0.1006
GLOBAL,PWRCCGCRIXX01,CO2CRI,2,2049,0.1006
GLOBAL,PWRCCGCRIXX01,CO2CRI,2,2050,0.1006
GLOBAL,PWRCCGPANXX00,CO2PAN,1,2021,0.1232
GLOBAL,PWRCCGPANXX00,CO2PAN,1,2022,0.1232
GLOBAL,PWRCCGPANXX00,CO2PAN,1,2023,0.1232
GLOBAL,PWRCCGPANXX00,CO2PAN,1,2024,0.1232
GLOBAL,PWRCCGPANXX00,CO2PAN,1,2025,0.1232
GLOBAL,PWRCCGPANXX00,CO2PAN,1,2026,0.1232
GLOBAL,PWRCCGPANXX00,CO2PAN,1,2027,0.1232
GLOBAL,PWRCCGPANXX00,CO2PAN,1,2028,0.1232
GLOBAL,PWRCCGPANXX00,CO2PAN,1,2029,0.1232
GLOBAL,PWRCCGPANXX00,CO2PAN,1,2030,0.1232
GLOBAL,PWRCCGPANXX00,CO2PAN,1,2031,0.1232
GLOBAL,PWRCCGPANXX00,CO2PAN,1,2032,0.1232
GLOBAL,PWRCCGPANXX00,CO2PAN,1,2033,0.1232
GLOBAL,PWRCCGPANXX00,CO2PAN,1,2034,0.1232
GLOBAL,PWRCCGPANXX00,CO2PAN,1,2035,0.1232
GLOBAL,PWRCCGPANXX00,CO2PAN,1,2036,0.1232
GLOBAL,PWRCCGPANXX00,CO2PAN,1,2037,0.1232
GLOBAL,PWRCCGPANXX00,CO2PAN,1,2038,0.1232
GLOBAL,PWRCCGPANXX00,CO2PAN,1,2039,0.1232
GLOBAL,PWRCCGPANXX00,CO2PAN,1,2040,0.1232
GLOBAL,PWRCCGPANXX00,CO2PAN,1,2041,0.1232
GLOBAL,PWRCCGPANXX00,CO2PAN,1,2042,0.1232
GLOBAL,PWRCCGPANXX00,CO2PAN,1,2043,0.1232
GLOBAL,PWRCCGPANXX00,CO2PAN,1,2044,0.1232
GLOBAL,PWRCCGPANXX00,CO2PAN,1,2045,0.1232
GLOBAL,PWRCCGPANXX00,CO2PAN,1,2046,0.1232
GLOBAL,PWRCCGPANXX00,CO2PAN,1,2047,0.1232
GLOBAL,PWRCCGPANXX00,CO2PAN,1,2048,0.1232
GLOBAL,PWRCCGPANXX00,CO2PAN,1,2049,0.1232
GLOBAL,PWRCCGPANXX00,CO2PAN,1,2050,0.1232
GLOBAL,PWRCCGPANXX00,CO2PAN,2,2021,0.1232
GLOBAL,PWRCCGPANXX00,CO2PAN,2,2022,0.1232
GLOBAL,PWRCCGPANXX00,CO2PAN,2,2023,0.1232
GLOBAL,PWRCCGPANXX00,CO2PAN,2,2024,0.1232
GLOBAL,PWRCCGPANXX00,CO2PAN,2,2025,0.1232
GLOBAL,PWRCCGPANXX00,CO2PAN,2,2026,0.1232
GLOBAL,PWRCCGPANXX00,CO2PAN,2,2027,0.1232
GLOBAL,PWRCCGPANXX00,CO2PAN,2,2028,0.1232
GLOBAL,PWRCCGPANXX00,CO2PAN,2,2029,0.1232
GLOBAL,PWRCCGPANXX00,CO2PAN,2,2030,0.1232
GLOBAL,PWRCCGPANXX00,CO2PAN,2,2031,0.1232
GLOBAL,PWRCCGPANXX00,CO2PAN,2,2032,0.1232
GLOBAL,PWRCCGPANXX00,CO2PAN,2,2033,0.1232
GLOBAL,PWRCCGPANXX00,CO2PAN,2,2034,0.1232
GLOBAL,PWRCCGPANXX00,CO2PAN,2,2035,0.1232
GLOBAL,PWRCCGPANXX00,CO2PAN,2,2036,0.1232
GLOBAL,PWRCCGPANXX00,CO2PAN,2,2037,0.1232
GLOBAL,PWRCCGPANXX00,CO2PAN,2,2038,0.1232
GLOBAL,PWRCCGPANXX00,CO2PAN,2,2039,0.1232
GLOBAL,PWRCCGPANXX00,CO2PAN,2,2040,0.1232
GLOBAL,PWRCCGPANXX00,CO2PAN,2,2041,0.1232
GLOBAL,PWRCCGPANXX00,CO2PAN,2,2042,0.1232
GLOBAL,PWRCCGPANXX00,CO2PAN,2,2043,0.1232
GLOBAL,PWRCCGPANXX00,CO2PAN,2,2044,0.1232
GLOBAL,PWRCCGPANXX00,CO2PAN,2,2045,0.1232
GLOBAL,PWRCCGPANXX00,CO2PAN,2,2046,0.1232
GLOBAL,PWRCCGPANXX00,CO2PAN,2,2047,0.1232
GLOBAL,PWRCCGPANXX00,CO2PAN,2,2048,0.1232
GLOBAL,PWRCCGPANXX00,CO2PAN,2,2049,0.1232
GLOBAL,PWRCCGPANXX00,CO2PAN,2,2050,0.1232
GLOBAL,PWRCCGPANXX01,CO2PAN,1,2021,0.1006
GLOBAL,PWRCCGPANXX01,CO2PAN,1,2022,0.1006
GLOBAL,PWRCCGPANXX01,CO2PAN,1,2023,0.1006
GLOBAL,PWRCCGPANXX01,CO2PAN,1,2024,0.1006
GLOBAL,PWRCCGPANXX01,CO2PAN,1,2025,0.1006
GLOBAL,PWRCCGPANXX01,CO2PAN,1,2026,0.1006
GLOBAL,PWRCCGPANXX01,CO2PAN,1,2027,0.1006
GLOBAL,PWRCCGPANXX01,CO2PAN,1,2028,0.1006
GLOBAL,PWRCCGPANXX01,CO2PAN,1,2029,0.1006
GLOBAL,PWRCCGPANXX01,CO2PAN,1,2030,0.1006
GLOBAL,PWRCCGPANXX01,CO2PAN,1,2031,0.1006
GLOBAL,PWRCCGPANXX01,CO2PAN,1,2032,0.1006
GLOBAL,PWRCCGPANXX01,CO2PAN,1,2033,0.1006
GLOBAL,PWRCCGPANXX01,CO2PAN,1,2034,0.1006
GLOBAL,PWRCCGPANXX01,CO2PAN,1,2035,0.1006
GLOBAL,PWRCCGPANXX01,CO2PAN,1,2036,0.1006
GLOBAL,PWRCCGPANXX01,CO2PAN,1,2037,0.1006
GLOBAL,PWRCCGPANXX01,CO2PAN,1,2038,0.1006
GLOBAL,PWRCCGPANXX01,CO2PAN,1,2039,0.1006
GLOBAL,PWRCCGPANXX01,CO2PAN,1,2040,0.1006
GLOBAL,PWRCCGPANXX01,CO2PAN,1,2041,0.1006
GLOBAL,PWRCCGPANXX01,CO2PAN,1,2042,0.1006
GLOBAL,PWRCCGPANXX01,CO2PAN,1,2043,0.1006
GLOBAL,PWRCCGPANXX01,CO2PAN,1,2044,0.1006
GLOBAL,PWRCCGPANXX01,CO2PAN,1,2045,0.1006
GLOBAL,PWRCCGPANXX01,CO2PAN,1,2046,0.1006
GLOBAL,PWRCCGPANXX01,CO2PAN,1,2047,0.1006
GLOBAL,PWRCCGPANXX01,CO2PAN,1,2048,0.1006
GLOBAL,PWRCCGPANXX01,CO2PAN,1,2049,0.1006
GLOBAL,PWRCCGPANXX01,CO2PAN,1,2050,0.1006
GLOBAL,PWRCCGPANXX01,CO2PAN,2,2021,0.1006
GLOBAL,PWRCCGPANXX01,CO2PAN,2,2022,0.1006
GLOBAL,PWRCCGPANXX01,CO2PAN,2,2023,0.1006
GLOBAL,PWRCCGPANXX01,CO2PAN,2,2024,0.1006
GLOBAL,PWRCCGPANXX01,CO2PAN,2,2025,0.1006
GLOBAL,PWRCCGPANXX01,CO2PAN,2,2026,0.1006
GLOBAL,PWRCCGPANXX01,CO2PAN,2,2027,0.1006
GLOBAL,PWRCCGPANXX01,CO2PAN,2,2028,0.1006
GLOBAL,PWRCCGPANXX01,CO2PAN,2,2029,0.1006
GLOBAL,PWRCCGPANXX01,CO2PAN,2,2030,0.1006
GLOBAL,PWRCCGPANXX01,CO2PAN,2,2031,0.1006
GLOBAL,PWRCCGPANXX01,CO2PAN,2,2032,0.1006
GLOBAL,PWRCCGPANXX01,CO2PAN,2,2033,0.1006
GLOBAL,PWRCCGPANXX01,CO2PAN,2,2034,0.1006
GLOBAL,PWRCCGPANXX01,CO2PAN,2,2035,0.1006
GLOBAL,PWRCCGPANXX01,CO2PAN,2,2036,0.1006
GLOBAL,PWRCCGPANXX01,CO2PAN,2,2037,0.1006
GLOBAL,PWRCCGPANXX01,CO2PAN,2,2038,0.1006
GLOBAL,PWRCCGPANXX01,CO2PAN,2,2039,0.1006
GLOBAL,PWRCCGPANXX01,CO2PAN,2,2040,0.1006
GLOBAL,PWRCCGPANXX01,CO2PAN,2,2041,0.1006
GLOBAL,PWRCCGPANXX01,CO2PAN,2,2042,0.1006
GLOBAL,PWRCCGPANXX01,CO2PAN,2,2043,0.1006
GLOBAL,PWRCCGPANXX01,CO2PAN,2,2044,0.1006
GLOBAL,PWRCCGPANXX01,CO2PAN,2,2045,0.1006
GLOBAL,PWRCCGPANXX01,CO2PAN,2,2046,0.1006
GLOBAL,PWRCCGPANXX01,CO2PAN,2,2047,0.1006
GLOBAL,PWRCCGPANXX01,CO2PAN,2,2048,0.1006
GLOBAL,PWRCCGPANXX01,CO2PAN,2,2049,0.1006
GLOBAL,PWRCCGPANXX01,CO2PAN,2,2050,0.1006
GLOBAL,PWRCCSCRIXX01,CO2CRI,1,2021,0.0273
GLOBAL,PWRCCSCRIXX01,CO2CRI,1,2022,0.0273
GLOBAL,PWRCCSCRIXX01,CO2CRI,1,2023,0.0273
GLOBAL,PWRCCSCRIXX01,CO2CRI,1,2024,0.0273
GLOBAL,PWRCCSCRIXX01,CO2CRI,1,2025,0.0273
GLOBAL,PWRCCSCRIXX01,CO2CRI,1,2026,0.0273
GLOBAL,PWRCCSCRIXX01,CO2CRI,1,2027,0.0273
GLOBAL,PWRCCSCRIXX01,CO2CRI,1,2028,0.0273
GLOBAL,PWRCCSCRIXX01,CO2CRI,1,2029,0.0273
GLOBAL,PWRCCSCRIXX01,CO2CRI,1,2030,0.0273
GLOBAL,PWRCCSCRIXX01,CO2CRI,1,2031,0.0273
GLOBAL,PWRCCSCRIXX01,CO2CRI,1,2032,0.0273
GLOBAL,PWRCCSCRIXX01,CO2CRI,1,2033,0.0273
GLOBAL,PWRCCSCRIXX01,CO2CRI,1,2034,0.0273
GLOBAL,PWRCCSCRIXX01,CO2CRI,1,2035,0.0273
GLOBAL,PWRCCSCRIXX01,CO2CRI,1,2036,0.0273
GLOBAL,PWRCCSCRIXX01,CO2CRI,1,2037,0.0273
GLOBAL,PWRCCSCRIXX01,CO2CRI,1,2038,0.0273
GLOBAL,PWRCCSCRIXX01,CO2CRI,1,2039,0.0273
GLOBAL,PWRCCSCRIXX01,CO2CRI,1,2040,0.0273
GLOBAL,PWRCCSCRIXX01,CO2CRI,1,2041,0.0273
GLOBAL,PWRCCSCRIXX01,CO2CRI,1,2042,0.0273
GLOBAL,PWRCCSCRIXX01,CO2CRI,1,2043,0.0273
GLOBAL,PWRCCSCRIXX01,CO2CRI,1,2044,0.0273
GLOBAL,PWRCCSCRIXX01,CO2CRI,1,2045,0.0273
GLOBAL,PWRCCSCRIXX01,CO2CRI,1,2046,0.0273
GLOBAL,PWRCCSCRIXX01,CO2CRI,1,2047,0.0273
GLOBAL,PWRCCSCRIXX01,CO2CRI,1,2048,0.0273
GLOBAL,PWRCCSCRIXX01,CO2CRI,1,2049,0.0273
GLOBAL,PWRCCSCRIXX01,CO2CRI,1,2050,0.0273
GLOBAL,PWRCCSCRIXX01,CO2CRI,2,2021,0.0273
GLOBAL,PWRCCSCRIXX01,CO2CRI,2,2022,0.0273
GLOBAL,PWRCCSCRIXX01,CO2CRI,2,2023,0.0273
GLOBAL,PWRCCSCRIXX01,CO2CRI,2,2024,0.0273
GLOBAL,PWRCCSCRIXX01,CO2CRI,2,2025,0.0273
GLOBAL,PWRCCSCRIXX01,CO2CRI,2,2026,0.0273
GLOBAL,PWRCCSCRIXX01,CO2CRI,2,2027,0.0273
GLOBAL,PWRCCSCRIXX01,CO2CRI,2,2028,0.0273
GLOBAL,PWRCCSCRIXX01,CO2CRI,2,2029,0.0273
GLOBAL,PWRCCSCRIXX01,CO2CRI,2,2030,0.0273
GLOBAL,PWRCCSCRIXX01,CO2CRI,2,2031,0.0273
GLOBAL,PWRCCSCRIXX01,CO2CRI,2,2032,0.0273
GLOBAL,PWRCCSCRIXX01,CO2CRI,2,2033,0.0273
GLOBAL,PWRCCSCRIXX01,CO2CRI,2,2034,0.0273
GLOBAL,PWRCCSCRIXX01,CO2CRI,2,2035,0.0273
GLOBAL,PWRCCSCRIXX01,CO2CRI,2,2036,0.0273
GLOBAL,PWRCCSCRIXX01,CO2CRI,2,2037,0.0273
GLOBAL,PWRCCSCRIXX01,CO2CRI,2,2038,0.0273
GLOBAL,PWRCCSCRIXX01,CO2CRI,2,2039,0.0273
GLOBAL,PWRCCSCRIXX01,CO2CRI,2,2040,0.0273
GLOBAL,PWRCCSCRIXX01,CO2CRI,2,2041,0.0273
GLOBAL,PWRCCSCRIXX01,CO2CRI,2,2042,0.0273
GLOBAL,PWRCCSCRIXX01,CO2CRI,2,2043,0.0273
GLOBAL,PWRCCSCRIXX01,CO2CRI,2,2044,0.0273
GLOBAL,PWRCCSCRIXX01,CO2CRI,2,2045,0.0273
GLOBAL,PWRCCSCRIXX01,CO2CRI,2,2046,0.0273
GLOBAL,PWRCCSCRIXX01,CO2CRI,2,2047,0.0273
GLOBAL,PWRCCSCRIXX01,CO2CRI,2,2048,0.0273
GLOBAL,PWRCCSCRIXX01,CO2CRI,2,2049,0.0273
GLOBAL,PWRCCSCRIXX01,CO2CRI,2,2050,0.0273
GLOBAL,PWRCCSPANXX01,CO2PAN,1,2021,0.0273
GLOBAL,PWRCCSPANXX01,CO2PAN,1,2022,0.0273
GLOBAL,PWRCCSPANXX01,CO2PAN,1,2023,0.0273
GLOBAL,PWRCCSPANXX01,CO2PAN,1,2024,0.0273
GLOBAL,PWRCCSPANXX01,CO2PAN,1,2025,0.0273
GLOBAL,PWRCCSPANXX01,CO2PAN,1,2026,0.0273
GLOBAL,PWRCCSPANXX01,CO2PAN,1,2027,0.0273
GLOBAL,PWRCCSPANXX01,CO2PAN,1,2028,0.0273
GLOBAL,PWRCCSPANXX01,CO2PAN,1,2029,0.0273
GLOBAL,PWRCCSPANXX01,CO2PAN,1,2030,0.0273
GLOBAL,PWRCCSPANXX01,CO2PAN,1,2031,0.0273
GLOBAL,PWRCCSPANXX01,CO2PAN,1,2032,0.0273
GLOBAL,PWRCCSPANXX01,CO2PAN,1,2033,0.0273
GLOBAL,PWRCCSPANXX01,CO2PAN,1,2034,0.0273
GLOBAL,PWRCCSPANXX01,CO2PAN,1,2035,0.0273
GLOBAL,PWRCCSPANXX01,CO2PAN,1,2036,0.0273
GLOBAL,PWRCCSPANXX01,CO2PAN,1,2037,0.0273
GLOBAL,PWRCCSPANXX01,CO2PAN,1,2038,0.0273
GLOBAL,PWRCCSPANXX01,CO2PAN,1,2039,0.0273
GLOBAL,PWRCCSPANXX01,CO2PAN,1,2040,0.0273
GLOBAL,PWRCCSPANXX01,CO2PAN,1,2041,0.0273
GLOBAL,PWRCCSPANXX01,CO2PAN,1,2042,0.0273
GLOBAL,PWRCCSPANXX01,CO2PAN,1,2043,0.0273
GLOBAL,PWRCCSPANXX01,CO2PAN,1,2044,0.0273
GLOBAL,PWRCCSPANXX01,CO2PAN,1,2045,0.0273
GLOBAL,PWRCCSPANXX01,CO2PAN,1,2046,0.0273
GLOBAL,PWRCCSPANXX01,CO2PAN,1,2047,0.0273
GLOBAL,PWRCCSPANXX01,CO2PAN,1,2048,0.0273
GLOBAL,PWRCCSPANXX01,CO2PAN,1,2049,0.0273
GLOBAL,PWRCCSPANXX01,CO2PAN,1,2050,0.0273
GLOBAL,PWRCCSPANXX01,CO2PAN,2,2021,0.0273
GLOBAL,PWRCCSPANXX01,CO2PAN,2,2022,0.0273
GLOBAL,PWRCCSPANXX01,CO2PAN,2,2023,0.0273
GLOBAL,PWRCCSPANXX01,CO2PAN,2,2024,0.0273
GLOBAL,PWRCCSPANXX01,CO2PAN,2,2025,0.0273
GLOBAL,PWRCCSPANXX01,CO2PAN,2,2026,0.0273
GLOBAL,PWRCCSPANXX01,CO2PAN,2,2027,0.0273
GLOBAL,PWRCCSPANXX01,CO2PAN,2,2028,0.0273
GLOBAL,PWRCCSPANXX01,CO2PAN,2,2029,0.0273
GLOBAL,PWRCCSPANXX01,CO2PAN,2,2030,0.0273
GLOBAL,PWRCCSPANXX01,CO2PAN,2,2031,0.0273
GLOBAL,PWRCCSPANXX01,CO2PAN,2,2032,0.0273
GLOBAL,PWRCCSPANXX01,CO2PAN,2,2033,0.0273
GLOBAL,PWRCCSPANXX01,CO2PAN,2,2034,0.0273
GLOBAL,PWRCCSPANXX01,CO2PAN,2,2035,0.0273
GLOBAL,PWRCCSPANXX01,CO2PAN,2,2036,0.0273
GLOBAL,PWRCCSPANXX01,CO2PAN,2,2037,0.0273
GLOBAL,PWRCCSPANXX01,CO2PAN,2,2038,0.0273
GLOBAL,PWRCCSPANXX01,CO2PAN,2,2039,0.0273
GLOBAL,PWRCCSPANXX01,CO2PAN,2,2040,0.0273
GLOBAL,PWRCCSPANXX01,CO2PAN,2,2041,0.0273
GLOBAL,PWRCCSPANXX01,CO2PAN,2,2042,0.0273
GLOBAL,PWRCCSPANXX01,CO2PAN,2,2043,0.0273
GLOBAL,PWRCCSPANXX01,CO2PAN,2,2044,0.0273
GLOBAL,PWRCCSPANXX01,CO2PAN,2,2045,0.0273
GLOBAL,PWRCCSPANXX01,CO2PAN,2,2046,0.0273
GLOBAL,PWRCCSPANXX01,CO2PAN,2,2047,0.0273
GLOBAL,PWRCCSPANXX01,CO2PAN,2,2048,0.0273
GLOBAL,PWRCCSPANXX01,CO2PAN,2,2049,0.0273
GLOBAL,PWRCCSPANXX01,CO2PAN,2,2050,0.0273
GLOBAL,PWRCOACRIXX01,CO2CRI,1,2021,0.2724
GLOBAL,PWRCOACRIXX01,CO2CRI,1,2022,0.2724
GLOBAL,PWRCOACRIXX01,CO2CRI,1,2023,0.2724
GLOBAL,PWRCOACRIXX01,CO2CRI,1,2024,0.2724
GLOBAL,PWRCOACRIXX01,CO2CRI,1,2025,0.2724
GLOBAL,PWRCOACRIXX01,CO2CRI,1,2026,0.2724
GLOBAL,PWRCOACRIXX01,CO2CRI,1,2027,0.2724
GLOBAL,PWRCOACRIXX01,CO2CRI,1,2028,0.2724
GLOBAL,PWRCOACRIXX01,CO2CRI,1,2029,0.2724
GLOBAL,PWRCOACRIXX01,CO2CRI,1,2030,0.2724
GLOBAL,PWRCOACRIXX01,CO2CRI,1,2031,0.2724
GLOBAL,PWRCOACRIXX01,CO2CRI,1,2032,0.2724
GLOBAL,PWRCOACRIXX01,CO2CRI,1,2033,0.2724
GLOBAL,PWRCOACRIXX01,CO2CRI,1,2034,0.2724
GLOBAL,PWRCOACRIXX01,CO2CRI,1,2035,0.2724
GLOBAL,PWRCOACRIXX01,CO2CRI,1,2036,0.2724
GLOBAL,PWRCOACRIXX01,CO2CRI,1,2037,0.2724
GLOBAL,PWRCOACRIXX01,CO2CRI,1,2038,0.2724
GLOBAL,PWRCOACRIXX01,CO2CRI,1,2039,0.2724
GLOBAL,PWRCOACRIXX01,CO2CRI,1,2040,0.2724
GLOBAL,PWRCOACRIXX01,CO2CRI,1,2041,0.2724
GLOBAL,PWRCOACRIXX01,CO2CRI,1,2042,0.2724
GLOBAL,PWRCOACRIXX01,CO2CRI,1,2043,0.2724
GLOBAL,PWRCOACRIXX01,CO2CRI,1,2044,0.2724
GLOBAL,PWRCOACRIXX01,CO2CRI,1,2045,0.2724
GLOBAL,PWRCOACRIXX01,CO2CRI,1,2046,0.2724
GLOBAL,PWRCOACRIXX01,CO2CRI,1,2047,0.2724
GLOBAL,PWRCOACRIXX01,CO2CRI,1,2048,0.2724
GLOBAL,PWRCOACRIXX01,CO2CRI,1,2049,0.2724
GLOBAL,PWRCOACRIXX01,CO2CRI,1,2050,0.2724
GLOBAL,PWRCOACRIXX01,CO2CRI,2,2021,0.2724
GLOBAL,PWRCOACRIXX01,CO2CRI,2,2022,0.2724
GLOBAL,PWRCOACRIXX01,CO2CRI,2,2023,0.2724
GLOBAL,PWRCOACRIXX01,CO2CRI,2,2024,0.2724
GLOBAL,PWRCOACRIXX01,CO2CRI,2,2025,0.2724
GLOBAL,PWRCOACRIXX01,CO2CRI,2,2026,0.2724
GLOBAL,PWRCOACRIXX01,CO2CRI,2,2027,0.2724
GLOBAL,PWRCOACRIXX01,CO2CRI,2,2028,0.2724
GLOBAL,PWRCOACRIXX01,CO2CRI,2,2029,0.2724
GLOBAL,PWRCOACRIXX01,CO2CRI,2,2030,0.2724
GLOBAL,PWRCOACRIXX01,CO2CRI,2,2031,0.2724
GLOBAL,PWRCOACRIXX01,CO2CRI,2,2032,0.2724
GLOBAL,PWRCOACRIXX01,CO2CRI,2,2033,0.2724
GLOBAL,PWRCOACRIXX01,CO2CRI,2,2034,0.2724
GLOBAL,PWRCOACRIXX01,CO2CRI,2,2035,0.2724
GLOBAL,PWRCOACRIXX01,CO2CRI,2,2036,0.2724
GLOBAL,PWRCOACRIXX01,CO2CRI,2,2037,0.2724
GLOBAL,PWRCOACRIXX01,CO2CRI,2,2038,0.2724
GLOBAL,PWRCOACRIXX01,CO2CRI,2,2039,0.2724
GLOBAL,PWRCOACRIXX01,CO2CRI,2,2040,0.2724
GLOBAL,PWRCOACRIXX01,CO2CRI,2,2041,0.2724
GLOBAL,PWRCOACRIXX01,CO2CRI,2,2042,0.2724
GLOBAL,PWRCOACRIXX01,CO2CRI,2,2043,0.2724
GLOBAL,PWRCOACRIXX01,CO2CRI,2,2044,0.2724
GLOBAL,PWRCOACRIXX01,CO2CRI,2,2045,0.2724
GLOBAL,PWRCOACRIXX01,CO2CRI,2,2046,0.2724
GLOBAL,PWRCOACRIXX01,CO2CRI,2,2047,0.2724
GLOBAL,PWRCOACRIXX01,CO2CRI,2,2048,0.2724
GLOBAL,PWRCOACRIXX01,CO2CRI,2,2049,0.2724
GLOBAL,PWRCOACRIXX01,CO2CRI,2,2050,0.2724
GLOBAL,PWRCOAPANXX01,CO2PAN,1,2021,0.2771
GLOBAL,PWRCOAPANXX01,CO2PAN,1,2022,0.2771
GLOBAL,PWRCOAPANXX01,CO2PAN,1,2023,0.2771
GLOBAL,PWRCOAPANXX01,CO2PAN,1,2024,0.2771
GLOBAL,PWRCOAPANXX01,CO2PAN,1,2025,0.2771
GLOBAL,PWRCOAPANXX01,CO2PAN,1,2026,0.2771
GLOBAL,PWRCOAPANXX01,CO2PAN,1,2027,0.2771
GLOBAL,PWRCOAPANXX01,CO2PAN,1,2028,0.2771
GLOBAL,PWRCOAPANXX01,CO2PAN,1,2029,0.2771
GLOBAL,PWRCOAPANXX01,CO2PAN,1,2030,0.2771
GLOBAL,PWRCOAPANXX01,CO2PAN,1,2031,0.2771
GLOBAL,PWRCOAPANXX01,CO2PAN,1,2032,0.2771
GLOBAL,PWRCOAPANXX01,CO2PAN,1,2033,0.2771
GLOBAL,PWRCOAPANXX01,CO2PAN,1,2034,0.2771
GLOBAL,PWRCOAPANXX01,CO2PAN,1,2035,0.2771
GLOBAL,PWRCOAPANXX01,CO2PAN,1,2036,0.2771
GLOBAL,PWRCOAPANXX01,CO2PAN,1,2037,0.2771
GLOBAL,PWRCOAPANXX01,CO2PAN,1,2038,0.2771
GLOBAL,PWRCOAPANXX01,CO2PAN,1,2039,0.2771
GLOBAL,PWRCOAPANXX01,CO2PAN,1,2040,0.2771
GLOBAL,PWRCOAPANXX01,CO2PAN,1,2041,0.2771
GLOBAL,PWRCOAPANXX01,CO2PAN,1,2042,0.2771
GLOBAL,PWRCOAPANXX01,CO2PAN,1,2043,0.2771
GLOBAL,PWRCOAPANXX01,CO2PAN,1,2044,0.2771
GLOBAL,PWRCOAPANXX01,CO2PAN,1,2045,0.2771
GLOBAL,PWRCOAPANXX01,CO2PAN,1,2046,0.2771
GLOBAL,PWRCOAPANXX01,CO2PAN,1,2047,0.2771
GLOBAL,PWRCOAPANXX01,CO2PAN,1,2048,0.2771
GLOBAL,PWRCOAPANXX01,CO2PAN,1,2049,0.2771
GLOBAL,PWRCOAPANXX01,CO2PAN,1,2050,0.2771
GLOBAL,PWRCOAPANXX01,CO2PAN,2,2021,0.2771
GLOBAL,PWRCOAPANXX01,CO2PAN,2,2022,0.2771
GLOBAL,PWRCOAPANXX01,CO2PAN,2,2023,0.2771
GLOBAL,PWRCOAPANXX01,CO2PAN,2,2024,0.2771
GLOBAL,PWRCOAPANXX01,CO2PAN,2,2025,0.2771
GLOBAL,PWRCOAPANXX01,CO2PAN,2,2026,0.2771
GLOBAL,PWRCOAPANXX01,CO2PAN,2,2027,0.2771
GLOBAL,PWRCOAPANXX01,CO2PAN,2,2028,0.2771
GLOBAL,PWRCOAPANXX01,CO2PAN,2,2029,0.2771
GLOBAL,PWRCOAPANXX01,CO2PAN,2,2030,0.2771
GLOBAL,PWRCOAPANXX01,CO2PAN,2,2031,0.2771
GLOBAL,PWRCOAPANXX01,CO2PAN,2,2032,0.2771
GLOBAL,PWRCOAPANXX01,CO2PAN,2,2033,0.2771
GLOBAL,PWRCOAPANXX01,CO2PAN,2,2034,0.2771
GLOBAL,PWRCOAPANXX01,CO2PAN,2,2035,0.2771
GLOBAL,PWRCOAPANXX01,CO2PAN,2,2036,0.2771
GLOBAL,PWRCOAPANXX01,CO2PAN,2,2037,0.2771
GLOBAL,PWRCOAPANXX01,CO2PAN,2,2038,0.2771
GLOBAL,PWRCOAPANXX01,CO2PAN,2,2039,0.2771
GLOBAL,PWRCOAPANXX01,CO2PAN,2,2040,0.2771
GLOBAL,PWRCOAPANXX01,CO2PAN,2,2041,0.2771
GLOBAL,PWRCOAPANXX01,CO2PAN,2,2042,0.2771
GLOBAL,PWRCOAPANXX01,CO2PAN,2,2043,0.2771
GLOBAL,PWRCOAPANXX01,CO2PAN,2,2044,0.2771
GLOBAL,PWRCOAPANXX01,CO2PAN,2,2045,0.2771
GLOBAL,PWRCOAPANXX01,CO2PAN,2,2046,0.2771
GLOBAL,PWRCOAPANXX01,CO2PAN,2,2047,0.2771
GLOBAL,PWRCOAPANXX01,CO2PAN,2,2048,0.2771
GLOBAL,PWRCOAPANXX01,CO2PAN,2,2049,0.2771
GLOBAL,PWRCOAPANXX01,CO2PAN,2,2050,0.2771
GLOBAL,PWRCOGCRIXX01,CO2CRI,1,2021,0.2724
GLOBAL,PWRCOGCRIXX01,CO2CRI,1,2022,0.2724
GLOBAL,PWRCOGCRIXX01,CO2CRI,1,2023,0.2724
GLOBAL,PWRCOGCRIXX01,CO2CRI,1,2024,0.2724
GLOBAL,PWRCOGCRIXX01,CO2CRI,1,2025,0.2724
GLOBAL,PWRCOGCRIXX01,CO2CRI,1,2026,0.2724
GLOBAL,PWRCOGCRIXX01,CO2CRI,1,2027,0.2724
GLOBAL,PWRCOGCRIXX01,CO2CRI,1,2028,0.2724
GLOBAL,PWRCOGCRIXX01,CO2CRI,1,2029,0.2724
GLOBAL,PWRCOGCRIXX01,CO2CRI,1,2030,0.2724
GLOBAL,PWRCOGCRIXX01,CO2CRI,1,2031,0.2724
GLOBAL,PWRCOGCRIXX01,CO2CRI,1,2032,0.2724
GLOBAL,PWRCOGCRIXX01,CO2CRI,1,2033,0.2724
GLOBAL,PWRCOGCRIXX01,CO2CRI,1,2034,0.2724
GLOBAL,PWRCOGCRIXX01,CO2CRI,1,2035,0.2724
GLOBAL,PWRCOGCRIXX01,CO2CRI,1,2036,0.2724
GLOBAL,PWRCOGCRIXX01,CO2CRI,1,2037,0.2724
GLOBAL,PWRCOGCRIXX01,CO2CRI,1,2038,0.2724
GLOBAL,PWRCOGCRIXX01,CO2CRI,1,2039,0.2724
GLOBAL,PWRCOGCRIXX01,CO2CRI,1,2040,0.2724
GLOBAL,PWRCOGCRIXX01,CO2CRI,1,2041,0.2724
GLOBAL,PWRCOGCRIXX01,CO2CRI,1,2042,0.2724
GLOBAL,PWRCOGCRIXX01,CO2CRI,1,2043,0.2724
GLOBAL,PWRCOGCRIXX01,CO2CRI,1,2044,0.2724
GLOBAL,PWRCOGCRIXX01,CO2CRI,1,2045,0.2724
GLOBAL,PWRCOGCRIXX01,CO2CRI,1,2046,0.2724
GLOBAL,PWRCOGCRIXX01,CO2CRI,1,2047,0.2724
GLOBAL,PWRCOGCRIXX01,CO2CRI,1,2048,0.2724
GLOBAL,PWRCOGCRIXX01,CO2CRI,1,2049,0.2724
GLOBAL,PWRCOGCRIXX01,CO2CRI,1,2050,0.2724
GLOBAL,PWRCOGCRIXX01,CO2CRI,2,2021,0.2724
GLOBAL,PWRCOGCRIXX01,CO2CRI,2,2022,0.2724
GLOBAL,PWRCOGCRIXX01,CO2CRI,2,2023,0.2724
GLOBAL,PWRCOGCRIXX01,CO2CRI,2,2024,0.2724
GLOBAL,PWRCOGCRIXX01,CO2CRI,2,2025,0.2724
GLOBAL,PWRCOGCRIXX01,CO2CRI,2,2026,0.2724
GLOBAL,PWRCOGCRIXX01,CO2CRI,2,2027,0.2724
GLOBAL,PWRCOGCRIXX01,CO2CRI,2,2028,0.2724
GLOBAL,PWRCOGCRIXX01,CO2CRI,2,2029,0.2724
GLOBAL,PWRCOGCRIXX01,CO2CRI,2,2030,0.2724
GLOBAL,PWRCOGCRIXX01,CO2CRI,2,2031,0.2724
GLOBAL,PWRCOGCRIXX01,CO2CRI,2,2032,0.2724
GLOBAL,PWRCOGCRIXX01,CO2CRI,2,2033,0.2724
GLOBAL,PWRCOGCRIXX01,CO2CRI,2,2034,0.2724
GLOBAL,PWRCOGCRIXX01,CO2CRI,2,2035,0.2724
GLOBAL,PWRCOGCRIXX01,CO2CRI,2,2036,0.2724
GLOBAL,PWRCOGCRIXX01,CO2CRI,2,2037,0.2724
GLOBAL,PWRCOGCRIXX01,CO2CRI,2,2038,0.2724
GLOBAL,PWRCOGCRIXX01,CO2CRI,2,2039,0.2724
GLOBAL,PWRCOGCRIXX01,CO2CRI,2,2040,0.2724
GLOBAL,PWRCOGCRIXX01,CO2CRI,2,2041,0.2724
GLOBAL,PWRCOGCRIXX01,CO2CRI,2,2042,0.2724
GLOBAL,PWRCOGCRIXX01,CO2CRI,2,2043,0.2724
GLOBAL,PWRCOGCRIXX01,CO2CRI,2,2044,0.2724
GLOBAL,PWRCOGCRIXX01,CO2CRI,2,2045,0.2724
GLOBAL,PWRCOGCRIXX01,CO2CRI,2,2046,0.2724
GLOBAL,PWRCOGCRIXX01,CO2CRI,2,2047,0.2724
GLOBAL,PWRCOGCRIXX01,CO2CRI,2,2048,0.2724
GLOBAL,PWRCOGCRIXX01,CO2CRI,2,2049,0.2724
GLOBAL,PWRCOGCRIXX01,CO2CRI,2,2050,0.2724
GLOBAL,PWRCOGPANXX01,CO2PAN,1,2021,0.2724
GLOBAL,PWRCOGPANXX01,CO2PAN,1,2022,0.2724
GLOBAL,PWRCOGPANXX01,CO2PAN,1,2023,0.2724
GLOBAL,PWRCOGPANXX01,CO2PAN,1,2024,0.2724
GLOBAL,PWRCOGPANXX01,CO2PAN,1,2025,0.2724
GLOBAL,PWRCOGPANXX01,CO2PAN,1,2026,0.2724
GLOBAL,PWRCOGPANXX01,CO2PAN,1,2027,0.2724
GLOBAL,PWRCOGPANXX01,CO2PAN,1,2028,0.2724
GLOBAL,PWRCOGPANXX01,CO2PAN,1,2029,0.2724
GLOBAL,PWRCOGPANXX01,CO2PAN,1,2030,0.2724
GLOBAL,PWRCOGPANXX01,CO2PAN,1,2031,0.2724
GLOBAL,PWRCOGPANXX01,CO2PAN,1,2032,0.2724
GLOBAL,PWRCOGPANXX01,CO2PAN,1,2033,0.2724
GLOBAL,PWRCOGPANXX01,CO2PAN,1,2034,0.2724
GLOBAL,PWRCOGPANXX01,CO2PAN,1,2035,0.2724
GLOBAL,PWRCOGPANXX01,CO2PAN,1,2036,0.2724
GLOBAL,PWRCOGPANXX01,CO2PAN,1,2037,0.2724
GLOBAL,PWRCOGPANXX01,CO2PAN,1,2038,0.2724
GLOBAL,PWRCOGPANXX01,CO2PAN,1,2039,0.2724
GLOBAL,PWRCOGPANXX01,CO2PAN,1,2040,0.2724
GLOBAL,PWRCOGPANXX01,CO2PAN,1,2041,0.2724
GLOBAL,PWRCOGPANXX01,CO2PAN,1,2042,0.2724
GLOBAL,PWRCOGPANXX01,CO2PAN,1,2043,0.2724
GLOBAL,PWRCOGPANXX01,CO2PAN,1,2044,0.2724
GLOBAL,PWRCOGPANXX01,CO2PAN,1,2045,0.2724
GLOBAL,PWRCOGPANXX01,CO2PAN,1,2046,0.2724
GLOBAL,PWRCOGPANXX01,CO2PAN,1,2047,0.2724
GLOBAL,PWRCOGPANXX01,CO2PAN,1,2048,0.2724
GLOBAL,PWRCOGPANXX01,CO2PAN,1,2049,0.2724
GLOBAL,PWRCOGPANXX01,CO2PAN,1,2050,0.2724
GLOBAL,PWRCOGPANXX01,CO2PAN,2,2021,0.2724
GLOBAL,PWRCOGPANXX01,CO2PAN,2,2022,0.2724
GLOBAL,PWRCOGPANXX01,CO2PAN,2,2023,0.2724
GLOBAL,PWRCOGPANXX01,CO2PAN,2,2024,0.2724
GLOBAL,PWRCOGPANXX01,CO2PAN,2,2025,0.2724
GLOBAL,PWRCOGPANXX01,CO2PAN,2,2026,0.2724
GLOBAL,PWRCOGPANXX01,CO2PAN,2,2027,0.2724
GLOBAL,PWRCOGPANXX01,CO2PAN,2,2028,0.2724
GLOBAL,PWRCOGPANXX01,CO2PAN,2,2029,0.2724
GLOBAL,PWRCOGPANXX01,CO2PAN,2,2030,0.2724
GLOBAL,PWRCOGPANXX01,CO2PAN,2,2031,0.2724
GLOBAL,PWRCOGPANXX01,CO2PAN,2,2032,0.2724
GLOBAL,PWRCOGPANXX01,CO2PAN,2,2033,0.2724
GLOBAL,PWRCOGPANXX01,CO2PAN,2,2034,0.2724
GLOBAL,PWRCOGPANXX01,CO2PAN,2,2035,0.2724
GLOBAL,PWRCOGPANXX01,CO2PAN,2,2036,0.2724
GLOBAL,PWRCOGPANXX01,CO2PAN,2,2037,0.2724
GLOBAL,PWRCOGPANXX01,CO2PAN,2,2038,0.2724
GLOBAL,PWRCOGPANXX01,CO2PAN,2,2039,0.2724
GLOBAL,PWRCOGPANXX01,CO2PAN,2,2040,0.2724
GLOBAL,PWRCOGPANXX01,CO2PAN,2,2041,0.2724
GLOBAL,PWRCOGPANXX01,CO2PAN,2,2042,0.2724
GLOBAL,PWRCOGPANXX01,CO2PAN,2,2043,0.2724
GLOBAL,PWRCOGPANXX01,CO2PAN,2,2044,0.2724
GLOBAL,PWRCOGPANXX01,CO2PAN,2,2045,0.2724
GLOBAL,PWRCOGPANXX01,CO2PAN,2,2046,0.2724
GLOBAL,PWRCOGPANXX01,CO2PAN,2,2047,0.2724
GLOBAL,PWRCOGPANXX01,CO2PAN,2,2048,0.2724
GLOBAL,PWRCOGPANXX01,CO2PAN,2,2049,0.2724
GLOBAL,PWRCOGPANXX01,CO2PAN,2,2050,0.2724
GLOBAL,PWROCGCRIXX00,CO2CRI,1,2021,0.1504
GLOBAL,PWROCGCRIXX00,CO2CRI,1,2022,0.1504
GLOBAL,PWROCGCRIXX00,CO2CRI,1,2023,0.1504
GLOBAL,PWROCGCRIXX00,CO2CRI,1,2024,0.1504
GLOBAL,PWROCGCRIXX00,CO2CRI,1,2025,0.1504
GLOBAL,PWROCGCRIXX00,CO2CRI,1,2026,0.1504
GLOBAL,PWROCGCRIXX00,CO2CRI,1,2027,0.1504
GLOBAL,PWROCGCRIXX00,CO2CRI,1,2028,0.1504
GLOBAL,PWROCGCRIXX00,CO2CRI,1,2029,0.1504
GLOBAL,PWROCGCRIXX00,CO2CRI,1,2030,0.1504
GLOBAL,PWROCGCRIXX00,CO2CRI,1,2031,0.1504
GLOBAL,PWROCGCRIXX00,CO2CRI,1,2032,0.1504
GLOBAL,PWROCGCRIXX00,CO2CRI,1,2033,0.1504
GLOBAL,PWROCGCRIXX00,CO2CRI,1,2034,0.1504
GLOBAL,PWROCGCRIXX00,CO2CRI,1,2035,0.1504
GLOBAL,PWROCGCRIXX00,CO2CRI,1,2036,0.1504
GLOBAL,PWROCGCRIXX00,CO2CRI,1,2037,0.1504
GLOBAL,PWROCGCRIXX00,CO2CRI,1,2038,0.1504
GLOBAL,PWROCGCRIXX00,CO2CRI,1,2039,0.1504
GLOBAL,PWROCGCRIXX00,CO2CRI,1,2040,0.1504
GLOBAL,PWROCGCRIXX00,CO2CRI,1,2041,0.1504
GLOBAL,PWROCGCRIXX00,CO2CRI,1,2042,0.1504
GLOBAL,PWROCGCRIXX00,CO2CRI,1,2043,0.1504
GLOBAL,PWROCGCRIXX00,CO2CRI,1,2044,0.1504
GLOBAL,PWROCGCRIXX00,CO2CRI,1,2045,0.1504
GLOBAL,PWROCGCRIXX00,CO2CRI,1,2046,0.1504
GLOBAL,PWROCGCRIXX00,CO2CRI,1,2047,0.1504
GLOBAL,PWROCGCRIXX00,CO2CRI,1,2048,0.1504
GLOBAL,PWROCGCRIXX00,CO2CRI,1,2049,0.1504
GLOBAL,PWROCGCRIXX00,CO2CRI,1,2050,0.1504
GLOBAL,PWROCGCRIXX00,CO2CRI,2,2021,0.1504
GLOBAL,PWROCGCRIXX00,CO2CRI,2,2022,0.1504
GLOBAL,PWROCGCRIXX00,CO2CRI,2,2023,0.1504
GLOBAL,PWROCGCRIXX00,CO2CRI,2,2024,0.1504
GLOBAL,PWROCGCRIXX00,CO2CRI,2,2025,0.1504
GLOBAL,PWROCGCRIXX00,CO2CRI,2,2026,0.1504
GLOBAL,PWROCGCRIXX00,CO2CRI,2,2027,0.1504
GLOBAL,PWROCGCRIXX00,CO2CRI,2,2028,0.1504
GLOBAL,PWROCGCRIXX00,CO2CRI,2,2029,0.1504
GLOBAL,PWROCGCRIXX00,CO2CRI,2,2030,0.1504
GLOBAL,PWROCGCRIXX00,CO2CRI,2,2031,0.1504
GLOBAL,PWROCGCRIXX00,CO2CRI,2,2032,0.1504
GLOBAL,PWROCGCRIXX00,CO2CRI,2,2033,0.1504
GLOBAL,PWROCGCRIXX00,CO2CRI,2,2034,0.1504
GLOBAL,PWROCGCRIXX00,CO2CRI,2,2035,0.1504
GLOBAL,PWROCGCRIXX00,CO2CRI,2,2036,0.1504
GLOBAL,PWROCGCRIXX00,CO2CRI,2,2037,0.1504
GLOBAL,PWROCGCRIXX00,CO2CRI,2,2038,0.1504
GLOBAL,PWROCGCRIXX00,CO2CRI,2,2039,0.1504
GLOBAL,PWROCGCRIXX00,CO2CRI,2,2040,0.1504
GLOBAL,PWROCGCRIXX00,CO2CRI,2,2041,0.1504
GLOBAL,PWROCGCRIXX00,CO2CRI,2,2042,0.1504
GLOBAL,PWROCGCRIXX00,CO2CRI,2,2043,0.1504
GLOBAL,PWROCGCRIXX00,CO2CRI,2,2044,0.1504
GLOBAL,PWROCGCRIXX00,CO2CRI,2,2045,0.1504
GLOBAL,PWROCGCRIXX00,CO2CRI,2,2046,0.1504
GLOBAL,PWROCGCRIXX00,CO2CRI,2,2047,0.1504
GLOBAL,PWROCGCRIXX00,CO2CRI,2,2048,0.1504
GLOBAL,PWROCGCRIXX00,CO2CRI,2,2049,0.1504
GLOBAL,PWROCGCRIXX00,CO2CRI,2,2050,0.1504
GLOBAL,PWROCGCRIXX01,CO2CRI,1,2021,0.1437
GLOBAL,PWROCGCRIXX01,CO2CRI,1,2022,0.1437
GLOBAL,PWROCGCRIXX01,CO2CRI,1,2023,0.1437
GLOBAL,PWROCGCRIXX01,CO2CRI,1,2024,0.1437
GLOBAL,PWROCGCRIXX01,CO2CRI,1,2025,0.1437
GLOBAL,PWROCGCRIXX01,CO2CRI,1,2026,0.1437
GLOBAL,PWROCGCRIXX01,CO2CRI,1,2027,0.1437
GLOBAL,PWROCGCRIXX01,CO2CRI,1,2028,0.1437
GLOBAL,PWROCGCRIXX01,CO2CRI,1,2029,0.1437
GLOBAL,PWROCGCRIXX01,CO2CRI,1,2030,0.1437
GLOBAL,PWROCGCRIXX01,CO2CRI,1,2031,0.1437
GLOBAL,PWROCGCRIXX01,CO2CRI,1,2032,0.1437
GLOBAL,PWROCGCRIXX01,CO2CRI,1,2033,0.1437
GLOBAL,PWROCGCRIXX01,CO2CRI,1,2034,0.1437
GLOBAL,PWROCGCRIXX01,CO2CRI,1,2035,0.1437
GLOBAL,PWROCGCRIXX01,CO2CRI,1,2036,0.1437
GLOBAL,PWROCGCRIXX01,CO2CRI,1,2037,0.1437
GLOBAL,PWROCGCRIXX01,CO2CRI,1,2038,0.1437
GLOBAL,PWROCGCRIXX01,CO2CRI,1,2039,0.1437
GLOBAL,PWROCGCRIXX01,CO2CRI,1,2040,0.1437
GLOBAL,PWROCGCRIXX01,CO2CRI,1,2041,0.1437
GLOBAL,PWROCGCRIXX01,CO2CRI,1,2042,0.1437
GLOBAL,PWROCGCRIXX01,CO2CRI,1,2043,0.1437
GLOBAL,PWROCGCRIXX01,CO2CRI,1,2044,0.1437
GLOBAL,PWROCGCRIXX01,CO2CRI,1,2045,0.1437
GLOBAL,PWROCGCRIXX01,CO2CRI,1,2046,0.1437
GLOBAL,PWROCGCRIXX01,CO2CRI,1,2047,0.1437
GLOBAL,PWROCGCRIXX01,CO2CRI,1,2048,0.1437
GLOBAL,PWROCGCRIXX01,CO2CRI,1,2049,0.1437
GLOBAL,PWROCGCRIXX01,CO2CRI,1,2050,0.1437
GLOBAL,PWROCGCRIXX01,CO2CRI,2,2021,0.1437
GLOBAL,PWROCGCRIXX01,CO2CRI,2,2022,0.1437
GLOBAL,PWROCGCRIXX01,CO2CRI,2,2023,0.1437
GLOBAL,PWROCGCRIXX01,CO2CRI,2,2024,0.1437
GLOBAL,PWROCGCRIXX01,CO2CRI,2,2025,0.1437
GLOBAL,PWROCGCRIXX01,CO2CRI,2,2026,0.1437
GLOBAL,PWROCGCRIXX01,CO2CRI,2,2027,0.1437
GLOBAL,PWROCGCRIXX01,CO2CRI,2,2028,0.1437
GLOBAL,PWROCGCRIXX01,CO2CRI,2,2029,0.1437
GLOBAL,PWROCGCRIXX01,CO2CRI,2,2030,0.1437
GLOBAL,PWROCGCRIXX01,CO2CRI,2,2031,0.1437
GLOBAL,PWROCGCRIXX01,CO2CRI,2,2032,0.1437
GLOBAL,PWROCGCRIXX01,CO2CRI,2,2033,0.1437
GLOBAL,PWROCGCRIXX01,CO2CRI,2,2034,0.1437
GLOBAL,PWROCGCRIXX01,CO2CRI,2,2035,0.1437
GLOBAL,PWROCGCRIXX01,CO2CRI,2,2036,0.1437
GLOBAL,PWROCGCRIXX01,CO2CRI,2,2037,0.1437
GLOBAL,PWROCGCRIXX01,CO2CRI,2,2038,0.1437
GLOBAL,PWROCGCRIXX01,CO2CRI,2,2039,0.1437
GLOBAL,PWROCGCRIXX01,CO2CRI,2,2040,0.1437
GLOBAL,PWROCGCRIXX01,CO2CRI,2,2041,0.1437
GLOBAL,PWROCGCRIXX01,CO2CRI,2,2042,0.1437
GLOBAL,PWROCGCRIXX01,CO2CRI,2,2043,0.1437
GLOBAL,PWROCGCRIXX01,CO2CRI,2,2044,0.1437
GLOBAL,PWROCGCRIXX01,CO2CRI,2,2045,0.1437
GLOBAL,PWROCGCRIXX01,CO2CRI,2,2046,0.1437
GLOBAL,PWROCGCRIXX01,CO2CRI,2,2047,0.1437
GLOBAL,PWROCGCRIXX01,CO2CRI,2,2048,0.1437
GLOBAL,PWROCGCRIXX01,CO2CRI,2,2049,0.1437
GLOBAL,PWROCGCRIXX01,CO2CRI,2,2050,0.1437
GLOBAL,PWROCGPANXX00,CO2PAN,1,2021,0.1504
GLOBAL,PWROCGPANXX00,CO2PAN,1,2022,0.1504
GLOBAL,PWROCGPANXX00,CO2PAN,1,2023,0.1504
GLOBAL,PWROCGPANXX00,CO2PAN,1,2024,0.1504
GLOBAL,PWROCGPANXX00,CO2PAN,1,2025,0.1504
GLOBAL,PWROCGPANXX00,CO2PAN,1,2026,0.1504
GLOBAL,PWROCGPANXX00,CO2PAN,1,2027,0.1504
GLOBAL,PWROCGPANXX00,CO2PAN,1,2028,0.1504
GLOBAL,PWROCGPANXX00,CO2PAN,1,2029,0.1504
GLOBAL,PWROCGPANXX00,CO2PAN,1,2030,0.1504
GLOBAL,PWROCGPANXX00,CO2PAN,1,2031,0.1504
GLOBAL,PWROCGPANXX00,CO2PAN,1,2032,0.1504
GLOBAL,PWROCGPANXX00,CO2PAN,1,2033,0.1504
GLOBAL,PWROCGPANXX00,CO2PAN,1,2034,0.1504
GLOBAL,PWROCGPANXX00,CO2PAN,1,2035,0.1504
GLOBAL,PWROCGPANXX00,CO2PAN,1,2036,0.1504
GLOBAL,PWROCGPANXX00,CO2PAN,1,2037,0.1504
GLOBAL,PWROCGPANXX00,CO2PAN,1,2038,0.1504
GLOBAL,PWROCGPANXX00,CO2PAN,1,2039,0.1504
GLOBAL,PWROCGPANXX00,CO2PAN,1,2040,0.1504
GLOBAL,PWROCGPANXX00,CO2PAN,1,2041,0.1504
GLOBAL,PWROCGPANXX00,CO2PAN,1,2042,0.1504
GLOBAL,PWROCGPANXX00,CO2PAN,1,2043,0.1504
GLOBAL,PWROCGPANXX00,CO2PAN,1,2044,0.1504
GLOBAL,PWROCGPANXX00,CO2PAN,1,2045,0.1504
GLOBAL,PWROCGPANXX00,CO2PAN,1,2046,0.1504
GLOBAL,PWROCGPANXX00,CO2PAN,1,2047,0.1504
GLOBAL,PWROCGPANXX00,CO2PAN,1,2048,0.1504
GLOBAL,PWROCGPANXX00,CO2PAN,1,2049,0.1504
GLOBAL,PWROCGPANXX00,CO2PAN,1,2050,0.1504
GLOBAL,PWROCGPANXX00,CO2PAN,2,2021,0.1504
GLOBAL,PWROCGPANXX00,CO2PAN,2,2022,0.1504
GLOBAL,PWROCGPANXX00,CO2PAN,2,2023,0.1504
GLOBAL,PWROCGPANXX00,CO2PAN,2,2024,0.1504
GLOBAL,PWROCGPANXX00,CO2PAN,2,2025,0.1504
GLOBAL,PWROCGPANXX00,CO2PAN,2,2026,0.1504
GLOBAL,PWROCGPANXX00,CO2PAN,2,2027,0.1504
GLOBAL,PWROCGPANXX00,CO2PAN,2,2028,0.1504
GLOBAL,PWROCGPANXX00,CO2PAN,2,2029,0.1504
GLOBAL,PWROCGPANXX00,CO2PAN,2,2030,0.1504
GLOBAL,PWROCGPANXX00,CO2PAN,2,2031,0.1504
GLOBAL,PWROCGPANXX00,CO2PAN,2,2032,0.1504
GLOBAL,PWROCGPANXX00,CO2PAN,2,2033,0.1504
GLOBAL,PWROCGPANXX00,CO2PAN,2,2034,0.1504
GLOBAL,PWROCGPANXX00,CO2PAN,2,2035,0.1504
GLOBAL,PWROCGPANXX00,CO2PAN,2,2036,0.1504
GLOBAL,PWROCGPANXX00,CO2PAN,2,2037,0.1504
GLOBAL,PWROCGPANXX00,CO2PAN,2,2038,0.1504
GLOBAL,PWROCGPANXX00,CO2PAN,2,2039,0.1504
GLOBAL,PWROCGPANXX00,CO2PAN,2,2040,0.1504
GLOBAL,PWROCGPANXX00,CO2PAN,2,2041,0.1504
GLOBAL,PWROCGPANXX00,CO2PAN,2,2042,0.1504
GLOBAL,PWROCGPANXX00,CO2PAN,2,2043,0.1504
GLOBAL,PWROCGPANXX00,CO2PAN,2,2044,0.1504
GLOBAL,PWROCGPANXX00,CO2PAN,2,2045,0.1504
GLOBAL,PWROCGPANXX00,CO2PAN,2,2046,0.1504
GLOBAL,PWROCGPANXX00,CO2PAN,2,2047,0.1504
GLOBAL,PWROCGPANXX00,CO2PAN,2,2048,0.1504
GLOBAL,PWROCGPANXX00,CO2PAN,2,2049,0.1504
GLOBAL,PWROCGPANXX00,CO2PAN,2,2050,0.1504
GLOBAL,PWROCGPANXX01,CO2PAN,1,2021,0.1437
GLOBAL,PWROCGPANXX01,CO2PAN,1,2022,0.1437
GLOBAL,PWROCGPANXX01,CO2PAN,1,2023,0.1437
GLOBAL,PWROCGPANXX01,CO2PAN,1,2024,0.1437
GLOBAL,PWROCGPANXX01,CO2PAN,1,2025,0.1437
GLOBAL,PWROCGPANXX01,CO2PAN,1,2026,0.1437
GLOBAL,PWROCGPANXX01,CO2PAN,1,2027,0.1437
GLOBAL,PWROCGPANXX01,CO2PAN,1,2028,0.1437
GLOBAL,PWROCGPANXX01,CO2PAN,1,2029,0.1437
GLOBAL,PWROCGPANXX01,CO2PAN,1,2030,0.1437
GLOBAL,PWROCGPANXX01,CO2PAN,1,2031,0.1437
GLOBAL,PWROCGPANXX01,CO2PAN,1,2032,0.1437
GLOBAL,PWROCGPANXX01,CO2PAN,1,2033,0.1437
GLOBAL,PWROCGPANXX01,CO2PAN,1,2034,0.1437
GLOBAL,PWROCGPANXX01,CO2PAN,1,2035,0.1437
GLOBAL,PWROCGPANXX01,CO2PAN,1,2036,0.1437
GLOBAL,PWROCGPANXX01,CO2PAN,1,2037,0.1437
GLOBAL,PWROCGPANXX01,CO2PAN,1,2038,0.1437
GLOBAL,PWROCGPANXX01,CO2PAN,1,2039,0.1437
GLOBAL,PWROCGPANXX01,CO2PAN,1,2040,0.1437
GLOBAL,PWROCGPANXX01,CO2PAN,1,2041,0.1437
GLOBAL,PWROCGPANXX01,CO2PAN,1,2042,0.1437
GLOBAL,PWROCGPANXX01,CO2PAN,1,2043,0.1437
GLOBAL,PWROCGPANXX01,CO2PAN,1,2044,0.1437
GLOBAL,PWROCGPANXX01,CO2PAN,1,2045,0.1437
GLOBAL,PWROCGPANXX01,CO2PAN,1,2046,0.1437
GLOBAL,PWROCGPANXX01,CO2PAN,1,2047,0.1437
GLOBAL,PWROCGPANXX01,CO2PAN,1,2048,0.1437
GLOBAL,PWROCGPANXX01,CO2PAN,1,2049,0.1437
GLOBAL,PWROCGPANXX01,CO2PAN,1,2050,0.1437
GLOBAL,PWROCGPANXX01,CO2PAN,2,2021,0.1437
GLOBAL,PWROCGPANXX01,CO2PAN,2,2022,0.1437
GLOBAL,PWROCGPANXX01,CO2PAN,2,2023,0.1437
GLOBAL,PWROCGPANXX01,CO2PAN,2,2024,0.1437
GLOBAL,PWROCGPANXX01,CO2PAN,2,2025,0.1437
GLOBAL,PWROCGPANXX01,CO2PAN,2,2026,0.1437
GLOBAL,PWROCGPANXX01,CO2PAN,2,2027,0.1437
GLOBAL,PWROCGPANXX01,CO2PAN,2,2028,0.1437
GLOBAL,PWROCGPANXX01,CO2PAN,2,2029,0.1437
GLOBAL,PWROCGPANXX01,CO2PAN,2,2030,0.1437
GLOBAL,PWROCGPANXX01,CO2PAN,2,2031,0.1437
GLOBAL,PWROCGPANXX01,CO2PAN,2,2032,0.1437
GLOBAL,PWROCGPANXX01,CO2PAN,2,2033,0.1437
GLOBAL,PWROCGPANXX01,CO2PAN,2,2034,0.1437
GLOBAL,PWROCGPANXX01,CO2PAN,2,2035,0.1437
GLOBAL,PWROCGPANXX01,CO2PAN,2,2036,0.1437
GLOBAL,PWROCGPANXX01,CO2PAN,2,2037,0.1437
GLOBAL,PWROCGPANXX01,CO2PAN,2,2038,0.1437
GLOBAL,PWROCGPANXX01,CO2PAN,2,2039,0.1437
GLOBAL,PWROCGPANXX01,CO2PAN,2,2040,0.1437
GLOBAL,PWROCGPANXX01,CO2PAN,2,2041,0.1437
GLOBAL,PWROCGPANXX01,CO2PAN,2,2042,0.1437
GLOBAL,PWROCGPANXX01,CO2PAN,2,2043,0.1437
GLOBAL,PWROCGPANXX01,CO2PAN,2,2044,0.1437
GLOBAL,PWROCGPANXX01,CO2PAN,2,2045,0.1437
GLOBAL,PWROCGPANXX01,CO2PAN,2,2046,0.1437
GLOBAL,PWROCGPANXX01,CO2PAN,2,2047,0.1437
GLOBAL,PWROCGPANXX01,CO2PAN,2,2048,0.1437
GLOBAL,PWROCGPANXX01,CO2PAN,2,2049,0.1437
GLOBAL,PWROCGPANXX01,CO2PAN,2,2050,0.1437
GLOBAL,PWROILCRIXX01,CO2CRI,1,2021,0.2021
GLOBAL,PWROILCRIXX01,CO2CRI,1,2022,0.2021
GLOBAL,PWROILCRIXX01,CO2CRI,1,2023,0.2021
GLOBAL,PWROILCRIXX01,CO2CRI,1,2024,0.2021
GLOBAL,PWROILCRIXX01,CO2CRI,1,2025,0.2021
GLOBAL,PWROILCRIXX01,CO2CRI,1,2026,0.2021
GLOBAL,PWROILCRIXX01,CO2CRI,1,2027,0.2021
GLOBAL,PWROILCRIXX01,CO2CRI,1,2028,0.2021
GLOBAL,PWROILCRIXX01,CO2CRI,1,2029,0.2021
GLOBAL,PWROILCRIXX01,CO2CRI,1,2030,0.2021
GLOBAL,PWROILCRIXX01,CO2CRI,1,2031,0.2021
GLOBAL,PWROILCRIXX01,CO2CRI,1,2032,0.2021
GLOBAL,PWROILCRIXX01,CO2CRI,1,2033,0.2021
GLOBAL,PWROILCRIXX01,CO2CRI,1,2034,0.2021
GLOBAL,PWROILCRIXX01,CO2CRI,1,2035,0.2021
GLOBAL,PWROILCRIXX01,CO2CRI,1,2036,0.2021
GLOBAL,PWROILCRIXX01,CO2CRI,1,2037,0.2021
GLOBAL,PWROILCRIXX01,CO2CRI,1,2038,0.2021
GLOBAL,PWROILCRIXX01,CO2CRI,1,2039,0.2021
GLOBAL,PWROILCRIXX01,CO2CRI,1,2040,0.2021
GLOBAL,PWROILCRIXX01,CO2CRI,1,2041,0.2021
GLOBAL,PWROILCRIXX01,CO2CRI,1,2042,0.2021
GLOBAL,PWROILCRIXX01,CO2CRI,1,2043,0.2021
GLOBAL,PWROILCRIXX01,CO2CRI,1,2044,0.2021
GLOBAL,PWROILCRIXX01,CO2CRI,1,2045,0.2021
GLOBAL,PWROILCRIXX01,CO2CRI,1,2046,0.2021
GLOBAL,PWROILCRIXX01,CO2CRI,1,2047,0.2021
GLOBAL,PWROILCRIXX01,CO2CRI,1,2048,0.2021
GLOBAL,PWROILCRIXX01,CO2CRI,1,2049,0.2021
GLOBAL,PWROILCRIXX01,CO2CRI,1,2050,0.2021
GLOBAL,PWROILCRIXX01,CO2CRI,2,2021,0.2021
GLOBAL,PWROILCRIXX01,CO2CRI,2,2022,0.2021
GLOBAL,PWROILCRIXX01,CO2CRI,2,2023,0.2021
GLOBAL,PWROILCRIXX01,CO2CRI,2,2024,0.2021
GLOBAL,PWROILCRIXX01,CO2CRI,2,2025,0.2021
GLOBAL,PWROILCRIXX01,CO2CRI,2,2026,0.2021
GLOBAL,PWROILCRIXX01,CO2CRI,2,2027,0.2021
GLOBAL,PWROILCRIXX01,CO2CRI,2,2028,0.2021
GLOBAL,PWROILCRIXX01,CO2CRI,2,2029,0.2021
GLOBAL,PWROILCRIXX01,CO2CRI,2,2030,0.2021
GLOBAL,PWROILCRIXX01,CO2CRI,2,2031,0.2021
GLOBAL,PWROILCRIXX01,CO2CRI,2,2032,0.2021
GLOBAL,PWROILCRIXX01,CO2CRI,2,2033,0.2021
GLOBAL,PWROILCRIXX01,CO2CRI,2,2034,0.2021
GLOBAL,PWROILCRIXX01,CO2CRI,2,2035,0.2021
GLOBAL,PWROILCRIXX01,CO2CRI,2,2036,0.2021
GLOBAL,PWROILCRIXX01,CO2CRI,2,2037,0.2021
GLOBAL,PWROILCRIXX01,CO2CRI,2,2038,0.2021
GLOBAL,PWROILCRIXX01,CO2CRI,2,2039,0.2021
GLOBAL,PWROILCRIXX01,CO2CRI,2,2040,0.2021
GLOBAL,PWROILCRIXX01,CO2CRI,2,2041,0.2021
GLOBAL,PWROILCRIXX01,CO2CRI,2,2042,0.2021
GLOBAL,PWROILCRIXX01,CO2CRI,2,2043,0.2021
GLOBAL,PWROILCRIXX01,CO2CRI,2,2044,0.2021
GLOBAL,PWROILCRIXX01,CO2CRI,2,2045,0.2021
GLOBAL,PWROILCRIXX01,CO2CRI,2,2046,0.2021
GLOBAL,PWROILCRIXX01,CO2CRI,2,2047,0.2021
GLOBAL,PWROILCRIXX01,CO2CRI,2,2048,0.2021
GLOBAL,PWROILCRIXX01,CO2CRI,2,2049,0.2021
GLOBAL,PWROILCRIXX01,CO2CRI,2,2050,0.2021
GLOBAL,PWROILPANXX01,CO2PAN,1,2021,0.2077
GLOBAL,PWROILPANXX01,CO2PAN,1,2022,0.2077
GLOBAL,PWROILPANXX01,CO2PAN,1,2023,0.2077
GLOBAL,PWROILPANXX01,CO2PAN,1,2024,0.2077
GLOBAL,PWROILPANXX01,CO2PAN,1,2025,0.2077
GLOBAL,PWROILPANXX01,CO2PAN,1,2026,0.2077
GLOBAL,PWROILPANXX01,CO2PAN,1,2027,0.2077
GLOBAL,PWROILPANXX01,CO2PAN,1,2028,0.2077
GLOBAL,PWROILPANXX01,CO2PAN,1,2029,0.2077
GLOBAL,PWROILPANXX01,CO2PAN,1,2030,0.2077
GLOBAL,PWROILPANXX01,CO2PAN,1,2031,0.2077
GLOBAL,PWROILPANXX01,CO2PAN,1,2032,0.2077
GLOBAL,PWROILPANXX01,CO2PAN,1,2033,0.2077
GLOBAL,PWROILPANXX01,CO2PAN,1,2034,0.2077
GLOBAL,PWROILPANXX01,CO2PAN,1,2035,0.2077
GLOBAL,PWROILPANXX01,CO2PAN,1,2036,0.2077
GLOBAL,PWROILPANXX01,CO2PAN,1,2037,0.2077
GLOBAL,PWROILPANXX01,CO2PAN,1,2038,0.2077
GLOBAL,PWROILPANXX01,CO2PAN,1,2039,0.2077
GLOBAL,PWROILPANXX01,CO2PAN,1,2040,0.2077
GLOBAL,PWROILPANXX01,CO2PAN,1,2041,0.2077
GLOBAL,PWROILPANXX01,CO2PAN,1,2042,0.2077
GLOBAL,PWROILPANXX01,CO2PAN,1,2043,0.2077
GLOBAL,PWROILPANXX01,CO2PAN,1,2044,0.2077
GLOBAL,PWROILPANXX01,CO2PAN,1,2045,0.2077
GLOBAL,PWROILPANXX01,CO2PAN,1,2046,0.2077
GLOBAL,PWROILPANXX01,CO2PAN,1,2047,0.2077
GLOBAL,PWROILPANXX01,CO2PAN,1,2048,0.2077
GLOBAL,PWROILPANXX01,CO2PAN,1,2049,0.2077
GLOBAL,PWROILPANXX01,CO2PAN,1,2050,0.2077
GLOBAL,PWROILPANXX01,CO2PAN,2,2021,0.2077
GLOBAL,PWROILPANXX01,CO2PAN,2,2022,0.2077
GLOBAL,PWROILPANXX01,CO2PAN,2,2023,0.2077
GLOBAL,PWROILPANXX01,CO2PAN,2,2024,0.2077
GLOBAL,PWROILPANXX01,CO2PAN,2,2025,0.2077
GLOBAL,PWROILPANXX01,CO2PAN,2,2026,0.2077
GLOBAL,PWROILPANXX01,CO2PAN,2,2027,0.2077
GLOBAL,PWROILPANXX01,CO2PAN,2,2028,0.2077
GLOBAL,PWROILPANXX01,CO2PAN,2,2029,0.2077
GLOBAL,PWROILPANXX01,CO2PAN,2,2030,0.2077
GLOBAL,PWROILPANXX01,CO2PAN,2,2031,0.2077
GLOBAL,PWROILPANXX01,CO2PAN,2,2032,0.2077
GLOBAL,PWROILPANXX01,CO2PAN,2,2033,0.2077
GLOBAL,PWROILPANXX01,CO2PAN,2,2034,0.2077
GLOBAL,PWROILPANXX01,CO2PAN,2,2035,0.2077
GLOBAL,PWROILPANXX01,CO2PAN,2,2036,0.2077
GLOBAL,PWROILPANXX01,CO2PAN,2,2037,0.2077
GLOBAL,PWROILPANXX01,CO2PAN,2,2038,0.2077
GLOBAL,PWROILPANXX01,CO2PAN,2,2039,0.2077
GLOBAL,PWROILPANXX01,CO2PAN,2,2040,0.2077
GLOBAL,PWROILPANXX01,CO2PAN,2,2041,0.2077
GLOBAL,PWROILPANXX01,CO2PAN,2,2042,0.2077
GLOBAL,PWROILPANXX01,CO2PAN,2,2043,0.2077
GLOBAL,PWROILPANXX01,CO2PAN,2,2044,0.2077
GLOBAL,PWROILPANXX01,CO2PAN,2,2045,0.2077
GLOBAL,PWROILPANXX01,CO2PAN,2,2046,0.2077
GLOBAL,PWROILPANXX01,CO2PAN,2,2047,0.2077
GLOBAL,PWROILPANXX01,CO2PAN,2,2048,0.2077
GLOBAL,PWROILPANXX01,CO2PAN,2,2049,0.2077
GLOBAL,PWROILPANXX01,CO2PAN,2,2050,0.2077
GLOBAL,PWROTHCRIXX01,CO2CRI,1,2021,0.0503
GLOBAL,PWROTHCRIXX01,CO2CRI,1,2022,0.0503
GLOBAL,PWROTHCRIXX01,CO2CRI,1,2023,0.0503
GLOBAL,PWROTHCRIXX01,CO2CRI,1,2024,0.0503
GLOBAL,PWROTHCRIXX01,CO2CRI,1,2025,0.0503
GLOBAL,PWROTHCRIXX01,CO2CRI,1,2026,0.0503
GLOBAL,PWROTHCRIXX01,CO2CRI,1,2027,0.0503
GLOBAL,PWROTHCRIXX01,CO2CRI,1,2028,0.0503
GLOBAL,PWROTHCRIXX01,CO2CRI,1,2029,0.0503
GLOBAL,PWROTHCRIXX01,CO2CRI,1,2030,0.0503
GLOBAL,PWROTHCRIXX01,CO2CRI,1,2031,0.0503
GLOBAL,PWROTHCRIXX01,CO2CRI,1,2032,0.0503
GLOBAL,PWROTHCRIXX01,CO2CRI,1,2033,0.0503
GLOBAL,PWROTHCRIXX01,CO2CRI,1,2034,0.0503
GLOBAL,PWROTHCRIXX01,CO2CRI,1,2035,0.0503
GLOBAL,PWROTHCRIXX01,CO2CRI,1,2036,0.0503
GLOBAL,PWROTHCRIXX01,CO2CRI,1,2037,0.0503
GLOBAL,PWROTHCRIXX01,CO2CRI,1,2038,0.0503
GLOBAL,PWROTHCRIXX01,CO2CRI,1,2039,0.0503
GLOBAL,PWROTHCRIXX01,CO2CRI,1,2040,0.0503
GLOBAL,PWROTHCRIXX01,CO2CRI,1,2041,0.0503
GLOBAL,PWROTHCRIXX01,CO2CRI,1,2042,0.0503
GLOBAL,PWROTHCRIXX01,CO2CRI,1,2043,0.0503
GLOBAL,PWROTHCRIXX01,CO2CRI,1,2044,0.0503
GLOBAL,PWROTHCRIXX01,CO2CRI,1,2045,0.0503
GLOBAL,PWROTHCRIXX01,CO2CRI,1,2046,0.0503
GLOBAL,PWROTHCRIXX01,CO2CRI,1,2047,0.0503
GLOBAL,PWROTHCRIXX01,CO2CRI,1,2048,0.0503
GLOBAL,PWROTHCRIXX01,CO2CRI,1,2049,0.0503
GLOBAL,PWROTHCRIXX01,CO2CRI,1,2050,0.0503
GLOBAL,PWROTHCRIXX01,CO2CRI,2,2021,0.0503
GLOBAL,PWROTHCRIXX01,CO2CRI,2,2022,0.0503
GLOBAL,PWROTHCRIXX01,CO2CRI,2,2023,0.0503
GLOBAL,PWROTHCRIXX01,CO2CRI,2,2024,0.0503
GLOBAL,PWROTHCRIXX01,CO2CRI,2,2025,0.0503
GLOBAL,PWROTHCRIXX01,CO2CRI,2,2026,0.0503
GLOBAL,PWROTHCRIXX01,CO2CRI,2,2027,0.0503
GLOBAL,PWROTHCRIXX01,CO2CRI,2,2028,0.0503
GLOBAL,PWROTHCRIXX01,CO2CRI,2,2029,0.0503
GLOBAL,PWROTHCRIXX01,CO2CRI,2,2030,0.0503
GLOBAL,PWROTHCRIXX01,CO2CRI,2,2031,0.0503
GLOBAL,PWROTHCRIXX01,CO2CRI,2,2032,0.0503
GLOBAL,PWROTHCRIXX01,CO2CRI,2,2033,0.0503
GLOBAL,PWROTHCRIXX01,CO2CRI,2,2034,0.0503
GLOBAL,PWROTHCRIXX01,CO2CRI,2,2035,0.0503
GLOBAL,PWROTHCRIXX01,CO2CRI,2,2036,0.0503
GLOBAL,PWROTHCRIXX01,CO2CRI,2,2037,0.0503
GLOBAL,PWROTHCRIXX01,CO2CRI,2,2038,0.0503
GLOBAL,PWROTHCRIXX01,CO2CRI,2,2039,0.0503
GLOBAL,PWROTHCRIXX01,CO2CRI,2,2040,0.0503
GLOBAL,PWROTHCRIXX01,CO2CRI,2,2041,0.0503
GLOBAL,PWROTHCRIXX01,CO2CRI,2,2042,0.0503
GLOBAL,PWROTHCRIXX01,CO2CRI,2,2043,0.0503
GLOBAL,PWROTHCRIXX01,CO2CRI,2,2044,0.0503
GLOBAL,PWROTHCRIXX01,CO2CRI,2,2045,0.0503
GLOBAL,PWROTHCRIXX01,CO2CRI,2,2046,0.0503
GLOBAL,PWROTHCRIXX01,CO2CRI,2,2047,0.0503
GLOBAL,PWROTHCRIXX01,CO2CRI,2,2048,0.0503
GLOBAL,PWROTHCRIXX01,CO2CRI,2,2049,0.0503
GLOBAL,PWROTHCRIXX01,CO2CRI,2,2050,0.0503
GLOBAL,PWROTHPANXX01,CO2PAN,1,2021,0.0503
GLOBAL,PWROTHPANXX01,CO2PAN,1,2022,0.0503
GLOBAL,PWROTHPANXX01,CO2PAN,1,2023,0.0503
GLOBAL,PWROTHPANXX01,CO2PAN,1,2024,0.0503
GLOBAL,PWROTHPANXX01,CO2PAN,1,2025,0.0503
GLOBAL,PWROTHPANXX01,CO2PAN,1,2026,0.0503
GLOBAL,PWROTHPANXX01,CO2PAN,1,2027,0.0503
GLOBAL,PWROTHPANXX01,CO2PAN,1,2028,0.0503
GLOBAL,PWROTHPANXX01,CO2PAN,1,2029,0.0503
GLOBAL,PWROTHPANXX01,CO2PAN,1,2030,0.0503
GLOBAL,PWROTHPANXX01,CO2PAN,1,2031,0.0503
GLOBAL,PWROTHPANXX01,CO2PAN,1,2032,0.0503
GLOBAL,PWROTHPANXX01,CO2PAN,1,2033,0.0503
GLOBAL,PWROTHPANXX01,CO2PAN,1,2034,0.0503
GLOBAL,PWROTHPANXX01,CO2PAN,1,2035,0.0503
GLOBAL,PWROTHPANXX01,CO2PAN,1,2036,0.0503
GLOBAL,PWROTHPANXX01,CO2PAN,1,2037,0.0503
GLOBAL,PWROTHPANXX01,CO2PAN,1,2038,0.0503
GLOBAL,PWROTHPANXX01,CO2PAN,1,2039,0.0503
GLOBAL,PWROTHPANXX01,CO2PAN,1,2040,0.0503
GLOBAL,PWROTHPANXX01,CO2PAN,1,2041,0.0503
GLOBAL,PWROTHPANXX01,CO2PAN,1,2042,0.0503
GLOBAL,PWROTHPANXX01,CO2PAN,1,2043,0.0503
GLOBAL,PWROTHPANXX01,CO2PAN,1,2044,0.0503
GLOBAL,PWROTHPANXX01,CO2PAN,1,2045,0.0503
GLOBAL,PWROTHPANXX01,CO2PAN,1,2046,0.0503
GLOBAL,PWROTHPANXX01,CO2PAN,1,2047,0.0503
GLOBAL,PWROTHPANXX01,CO2PAN,1,2048,0.0503
GLOBAL,PWROTHPANXX01,CO2PAN,1,2049,0.0503
GLOBAL,PWROTHPANXX01,CO2PAN,1,2050,0.0503
GLOBAL,PWROTHPANXX01,CO2PAN,2,2021,0.0503
GLOBAL,PWROTHPANXX01,CO2PAN,2,2022,0.0503
GLOBAL,PWROTHPANXX01,CO2PAN,2,2023,0.0503
GLOBAL,PWROTHPANXX01,CO2PAN,2,2024,0.0503
GLOBAL,PWROTHPANXX01,CO2PAN,2,2025,0.0503
GLOBAL,PWROTHPANXX01,CO2PAN,2,2026,0.0503
GLOBAL,PWROTHPANXX01,CO2PAN,2,2027,0.0503
GLOBAL,PWROTHPANXX01,CO2PAN,2,2028,0.0503
GLOBAL,PWROTHPANXX01,CO2PAN,2,2029,0.0503
GLOBAL,PWROTHPANXX01,CO2PAN,2,2030,0.0503
GLOBAL,PWROTHPANXX01,CO2PAN,2,2031,0.0503
GLOBAL,PWROTHPANXX01,CO2PAN,2,2032,0.0503
GLOBAL,PWROTHPANXX01,CO2PAN,2,2033,0.0503
GLOBAL,PWROTHPANXX01,CO2PAN,2,2034,0.0503
GLOBAL,PWROTHPANXX01,CO2PAN,2,2035,0.0503
GLOBAL,PWROTHPANXX01,CO2PAN,2,2036,0.0503
GLOBAL,PWROTHPANXX01,CO2PAN,2,2037,0.0503
GLOBAL,PWROTHPANXX01,CO2PAN,2,2038,0.0503
GLOBAL,PWROTHPANXX01,CO2PAN,2,2039,0.0503
GLOBAL,PWROTHPANXX01,CO2PAN,2,2040,0.0503
GLOBAL,PWROTHPANXX01,CO2PAN,2,2041,0.0503
GLOBAL,PWROTHPANXX01,CO2PAN,2,2042,0.0503
GLOBAL,PWROTHPANXX01,CO2PAN,2,2043,0.0503
GLOBAL,PWROTHPANXX01,CO2PAN,2,2044,0.0503
GLOBAL,PWROTHPANXX01,CO2PAN,2,2045,0.0503
GLOBAL,PWROTHPANXX01,CO2PAN,2,2046,0.0503
GLOBAL,PWROTHPANXX01,CO2PAN,2,2047,0.0503
GLOBAL,PWROTHPANXX01,CO2PAN,2,2048,0.0503
GLOBAL,PWROTHPANXX01,CO2PAN,2,2049,0.0503
GLOBAL,PWROTHPANXX01,CO2PAN,2,2050,0.0503
GLOBAL,PWRPETCRIXX01,CO2CRI,1,2021,0.217
GLOBAL,PWRPETCRIXX01,CO2CRI,1,2022,0.217
GLOBAL,PWRPETCRIXX01,CO2CRI,1,2023,0.217
GLOBAL,PWRPETCRIXX01,CO2CRI,1,2024,0.217
GLOBAL,PWRPETCRIXX01,CO2CRI,1,2025,0.217
GLOBAL,PWRPETCRIXX01,CO2CRI,1,2026,0.217
GLOBAL,PWRPETCRIXX01,CO2CRI,1,2027,0.217
GLOBAL,PWRPETCRIXX01,CO2CRI,1,2028,0.217
GLOBAL,PWRPETCRIXX01,CO2CRI,1,2029,0.217
GLOBAL,PWRPETCRIXX01,CO2CRI,1,2030,0.217
GLOBAL,PWRPETCRIXX01,CO2CRI,1,2031,0.217
GLOBAL,PWRPETCRIXX01,CO2CRI,1,2032,0.217
GLOBAL,PWRPETCRIXX01,CO2CRI,1,2033,0.217
GLOBAL,PWRPETCRIXX01,CO2CRI,1,2034,0.217
GLOBAL,PWRPETCRIXX01,CO2CRI,1,2035,0.217
GLOBAL,PWRPETCRIXX01,CO2CRI,1,2036,0.217
GLOBAL,PWRPETCRIXX01,CO2CRI,1,2037,0.217
GLOBAL,PWRPETCRIXX01,CO2CRI,1,2038,0.217
GLOBAL,PWRPETCRIXX01,CO2CRI,1,2039,0.217
GLOBAL,PWRPETCRIXX01,CO2CRI,1,2040,0.217
GLOBAL,PWRPETCRIXX01,CO2CRI,1,2041,0.217
GLOBAL,PWRPETCRIXX01,CO2CRI,1,2042,0.217
GLOBAL,PWRPETCRIXX01,CO2CRI,1,2043,0.217
GLOBAL,PWRPETCRIXX01,CO2CRI,1,2044,0.217
GLOBAL,PWRPETCRIXX01,CO2CRI,1,2045,0.217
GLOBAL,PWRPETCRIXX01,CO2CRI,1,2046,0.217
GLOBAL,PWRPETCRIXX01,CO2CRI,1,2047,0.217
GLOBAL,PWRPETCRIXX01,CO2CRI,1,2048,0.217
GLOBAL,PWRPETCRIXX01,CO2CRI,1,2049,0.217
GLOBAL,PWRPETCRIXX01,CO2CRI,1,2050,0.217
GLOBAL,PWRPETCRIXX01,CO2CRI,2,2021,0.217
GLOBAL,PWRPETCRIXX01,CO2CRI,2,2022,0.217
GLOBAL,PWRPETCRIXX01,CO2CRI,2,2023,0.217
GLOBAL,PWRPETCRIXX01,CO2CRI,2,2024,0.217
GLOBAL,PWRPETCRIXX01,CO2CRI,2,2025,0.217
GLOBAL,PWRPETCRIXX01,CO2CRI,2,2026,0.217
GLOBAL,PWRPETCRIXX01,CO2CRI,2,2027,0.217
GLOBAL,PWRPETCRIXX01,CO2CRI,2,2028,0.217
GLOBAL,PWRPETCRIXX01,CO2CRI,2,2029,0.217
GLOBAL,PWRPETCRIXX01,CO2CRI,2,2030,0.217
GLOBAL,PWRPETCRIXX01,CO2CRI,2,2031,0.217
GLOBAL,PWRPETCRIXX01,CO2CRI,2,2032,0.217
GLOBAL,PWRPETCRIXX01,CO2CRI,2,2033,0.217
GLOBAL,PWRPETCRIXX01,CO2CRI,2,2034,0.217
GLOBAL,PWRPETCRIXX01,CO2CRI,2,2035,0.217
GLOBAL,PWRPETCRIXX01,CO2CRI,2,2036,0.217
GLOBAL,PWRPETCRIXX01,CO2CRI,2,2037,0.217
GLOBAL,PWRPETCRIXX01,CO2CRI,2,2038,0.217
GLOBAL,PWRPETCRIXX01,CO2CRI,2,2039,0.217
GLOBAL,PWRPETCRIXX01,CO2CRI,2,2040,0.217
GLOBAL,PWRPETCRIXX01,CO2CRI,2,2041,0.217
GLOBAL,PWRPETCRIXX01,CO2CRI,2,2042,0.217
GLOBAL,PWRPETCRIXX01,CO2CRI,2,2043,0.217
GLOBAL,PWRPETCRIXX01,CO2CRI,2,2044,0.217
GLOBAL,PWRPETCRIXX01,CO2CRI,2,2045,0.217
GLOBAL,PWRPETCRIXX01,CO2CRI,2,2046,0.217
GLOBAL,PWRPETCRIXX01,CO2CRI,2,2047,0.217
GLOBAL,PWRPETCRIXX01,CO2CRI,2,2048,0.217
GLOBAL,PWRPETCRIXX01,CO2CRI,2,2049,0.217
GLOBAL,PWRPETCRIXX01,CO2CRI,2,2050,0.217
GLOBAL,PWRPETPANXX01,CO2PAN,1,2021,0.217
GLOBAL,PWRPETPANXX01,CO2PAN,1,2022,0.217
GLOBAL,PWRPETPANXX01,CO2PAN,1,2023,0.217
GLOBAL,PWRPETPANXX01,CO2PAN,1,2024,0.217
GLOBAL,PWRPETPANXX01,CO2PAN,1,2025,0.217
GLOBAL,PWRPETPANXX01,CO2PAN,1,2026,0.217
GLOBAL,PWRPETPANXX01,CO2PAN,1,2027,0.217
GLOBAL,PWRPETPANXX01,CO2PAN,1,2028,0.217
GLOBAL,PWRPETPANXX01,CO2PAN,1,2029,0.217
GLOBAL,PWRPETPANXX01,CO2PAN,1,2030,0.217
GLOBAL,PWRPETPANXX01,CO2PAN,1,2031,0.217
GLOBAL,PWRPETPANXX01,CO2PAN,1,2032,0.217
GLOBAL,PWRPETPANXX01,CO2PAN,1,2033,0.217
GLOBAL,PWRPETPANXX01,CO2PAN,1,2034,0.217
GLOBAL,PWRPETPANXX01,CO2PAN,1,2035,0.217
GLOBAL,PWRPETPANXX01,CO2PAN,1,2036,0.217
GLOBAL,PWRPETPANXX01,CO2PAN,1,2037,0.217
GLOBAL,PWRPETPANXX01,CO2PAN,1,2038,0.217
GLOBAL,PWRPETPANXX01,CO2PAN,1,2039,0.217
GLOBAL,PWRPETPANXX01,CO2PAN,1,2040,0.217
GLOBAL,PWRPETPANXX01,CO2PAN,1,2041,0.217
GLOBAL,PWRPETPANXX01,CO2PAN,1,2042,0.217
GLOBAL,PWRPETPANXX01,CO2PAN,1,2043,0.217
GLOBAL,PWRPETPANXX01,CO2PAN,1,2044,0.217
GLOBAL,PWRPETPANXX01,CO2PAN,1,2045,0.217
GLOBAL,PWRPETPANXX01,CO2PAN,1,2046,0.217
GLOBAL,PWRPETPANXX01,CO2PAN,1,2047,0.217
GLOBAL,PWRPETPANXX01,CO2PAN,1,2048,0.217
GLOBAL,PWRPETPANXX01,CO2PAN,1,2049,0.217
GLOBAL,PWRPETPANXX01,CO2PAN,1,2050,0.217
GLOBAL,PWRPETPANXX01,CO2PAN,2,2021,0.217
GLOBAL,PWRPETPANXX01,CO2PAN,2,2022,0.217
GLOBAL,PWRPETPANXX01,CO2PAN,2,2023,0.217
GLOBAL,PWRPETPANXX01,CO2PAN,2,2024,0.217
GLOBAL,PWRPETPANXX01,CO2PAN,2,2025,0.217
GLOBAL,PWRPETPANXX01,CO2PAN,2,2026,0.217
GLOBAL,PWRPETPANXX01,CO2PAN,2,2027,0.217
GLOBAL,PWRPETPANXX01,CO2PAN,2,2028,0.217
GLOBAL,PWRPETPANXX01,CO2PAN,2,2029,0.217
GLOBAL,PWRPETPANXX01,CO2PAN,2,2030,0.217
GLOBAL,PWRPETPANXX01,CO2PAN,2,2031,0.217
GLOBAL,PWRPETPANXX01,CO2PAN,2,2032,0.217
GLOBAL,PWRPETPANXX01,CO2PAN,2,2033,0.217
GLOBAL,PWRPETPANXX01,CO2PAN,2,2034,0.217
GLOBAL,PWRPETPANXX01,CO2PAN,2,2035,0.217
GLOBAL,PWRPETPANXX01,CO2PAN,2,2036,0.217
GLOBAL,PWRPETPANXX01,CO2PAN,2,2037,0.217
GLOBAL,PWRPETPANXX01,CO2PAN,2,2038,0.217
GLOBAL,PWRPETPANXX01,CO2PAN,2,2039,0.217
GLOBAL,PWRPETPANXX01,CO2PAN,2,2040,0.217
GLOBAL,PWRPETPANXX01,CO2PAN,2,2041,0.217
GLOBAL,PWRPETPANXX01,CO2PAN,2,2042,0.217
GLOBAL,PWRPETPANXX01,CO2PAN,2,2043,0.217
GLOBAL,PWRPETPANXX01,CO2PAN,2,2044,0.217
GLOBAL,PWRPETPANXX01,CO2PAN,2,2045,0.217
GLOBAL,PWRPETPANXX01,CO2PAN,2,2046,0.217
GLOBAL,PWRPETPANXX01,CO2PAN,2,2047,0.217
GLOBAL,PWRPETPANXX01,CO2PAN,2,2048,0.217
GLOBAL,PWRPETPANXX01,CO2PAN,2,2049,0.217
GLOBAL,PWRPETPANXX01,CO2PAN,2,2050,0.217
GLOBAL,PWRWASCRIXX01,CO2CRI,1,2021,0.0879
GLOBAL,PWRWASCRIXX01,CO2CRI,1,2022,0.0879
GLOBAL,PWRWASCRIXX01,CO2CRI,1,2023,0.0879
GLOBAL,PWRWASCRIXX01,CO2CRI,1,2024,0.0879
GLOBAL,PWRWASCRIXX01,CO2CRI,1,2025,0.0879
GLOBAL,PWRWASCRIXX01,CO2CRI,1,2026,0.0879
GLOBAL,PWRWASCRIXX01,CO2CRI,1,2027,0.0879
GLOBAL,PWRWASCRIXX01,CO2CRI,1,2028,0.0879
GLOBAL,PWRWASCRIXX01,CO2CRI,1,2029,0.0879
GLOBAL,PWRWASCRIXX01,CO2CRI,1,2030,0.0879
GLOBAL,PWRWASCRIXX01,CO2CRI,1,2031,0.0879
GLOBAL,PWRWASCRIXX01,CO2CRI,1,2032,0.0879
GLOBAL,PWRWASCRIXX01,CO2CRI,1,2033,0.0879
GLOBAL,PWRWASCRIXX01,CO2CRI,1,2034,0.0879
GLOBAL,PWRWASCRIXX01,CO2CRI,1,2035,0.0879
GLOBAL,PWRWASCRIXX01,CO2CRI,1,2036,0.0879
GLOBAL,PWRWASCRIXX01,CO2CRI,1,2037,0.0879
GLOBAL,PWRWASCRIXX01,CO2CRI,1,2038,0.0879
GLOBAL,PWRWASCRIXX01,CO2CRI,1,2039,0.0879
GLOBAL,PWRWASCRIXX01,CO2CRI,1,2040,0.0879
GLOBAL,PWRWASCRIXX01,CO2CRI,1,2041,0.0879
GLOBAL,PWRWASCRIXX01,CO2CRI,1,2042,0.0879
GLOBAL,PWRWASCRIXX01,CO2CRI,1,2043,0.0879
GLOBAL,PWRWASCRIXX01,CO2CRI,1,2044,0.0879
GLOBAL,PWRWASCRIXX01,CO2CRI,1,2045,0.0879
GLOBAL,PWRWASCRIXX01,CO2CRI,1,2046,0.0879
GLOBAL,PWRWASCRIXX01,CO2CRI,1,2047,0.0879
GLOBAL,PWRWASCRIXX01,CO2CRI,1,2048,0.0879
GLOBAL,PWRWASCRIXX01,CO2CRI,1,2049,0.0879
GLOBAL,PWRWASCRIXX01,CO2CRI,1,2050,0.0879
GLOBAL,PWRWASPANXX01,CO2PAN,1,2021,0.0879
GLOBAL,PWRWASPANXX01,CO2PAN,1,2022,0.0879
GLOBAL,PWRWASPANXX01,CO2PAN,1,2023,0.0879
GLOBAL,PWRWASPANXX01,CO2PAN,1,2024,0.0879
GLOBAL,PWRWASPANXX01,CO2PAN,1,2025,0.0879
GLOBAL,PWRWASPANXX01,CO2PAN,1,2026,0.0879
GLOBAL,PWRWASPANXX01,CO2PAN,1,2027,0.0879
GLOBAL,PWRWASPANXX01,CO2PAN,1,2028,0.0879
GLOBAL,PWRWASPANXX01,CO2PAN,1,2029,0.0879
GLOBAL,PWRWASPANXX01,CO2PAN,1,2030,0.0879
GLOBAL,PWRWASPANXX01,CO2PAN,1,2031,0.0879
GLOBAL,PWRWASPANXX01,CO2PAN,1,2032,0.0879
GLOBAL,PWRWASPANXX01,CO2PAN,1,2033,0.0879
GLOBAL,PWRWASPANXX01,CO2PAN,1,2034,0.0879
GLOBAL,PWRWASPANXX01,CO2PAN,1,2035,0.0879
GLOBAL,PWRWASPANXX01,CO2PAN,1,2036,0.0879
GLOBAL,PWRWASPANXX01,CO2PAN,1,2037,0.0879
GLOBAL,PWRWASPANXX01,CO2PAN,1,2038,0.0879
GLOBAL,PWRWASPANXX01,CO2PAN,1,2039,0.0879
GLOBAL,PWRWASPANXX01,CO2PAN,1,2040,0.0879
GLOBAL,PWRWASPANXX01,CO2PAN,1,2041,0.0879
GLOBAL,PWRWASPANXX01,CO2PAN,1,2042,0.0879
GLOBAL,PWRWASPANXX01,CO2PAN,1,2043,0.0879
GLOBAL,PWRWASPANXX01,CO2PAN,1,2044,0.0879
GLOBAL,PWRWASPANXX01,CO2PAN,1,2045,0.0879
GLOBAL,PWRWASPANXX01,CO2PAN,1,2046,0.0879
GLOBAL,PWRWASPANXX01,CO2PAN,1,2047,0.0879
GLOBAL,PWRWASPANXX01,CO2PAN,1,2048,0.0879
GLOBAL,PWRWASPANXX01,CO2PAN,1,2049,0.0879
GLOBAL,PWRWASPANXX01,CO2PAN,1,2050,0.0879
