REGION,TECHNOLOGY,YEAR,VALUE
GLOBAL,PWRBCKCRIXX,2021,999999.0
GLOBAL,PWRBCKCRIXX,2022,999999.0
GLOBAL,PWRBCKCRIXX,2023,999999.0
GLOBAL,PWRBCKCRIXX,2024,999999.0
GLOBAL,PWRBCKCRIXX,2025,999999.0
GLOBAL,PWRBCKCRIXX,2026,999999.0
GLOBAL,PWRBCKCRIXX,2027,999999.0
GLOBAL,PWRBCKCRIXX,2028,999999.0
GLOBAL,PWRBCKCRIXX,2029,999999.0
GLOBAL,PWRBCKCRIXX,2030,999999.0
GLOBAL,PWRBCKCRIXX,2031,999999.0
GLOBAL,PWRBCKCRIXX,2032,999999.0
GLOBAL,PWRBCKCRIXX,2033,999999.0
GLOBAL,PWRBCKCRIXX,2034,999999.0
GLOBAL,PWRBCKCRIXX,2035,999999.0
GLOBAL,PWRBCKCRIXX,2036,999999.0
GLOBAL,PWRBCKCRIXX,2037,999999.0
GLOBAL,PWRBCKCRIXX,2038,999999.0
GLOBAL,PWRBCKCRIXX,2039,999999.0
GLOBAL,PWRBCKCRIXX,2040,999999.0
GLOBAL,PWRBCKCRIXX,2041,999999.0
GLOBAL,PWRBCKCRIXX,2042,999999.0
GLOBAL,PWRBCKCRIXX,2043,999999.0
GLOBAL,PWRBCKCRIXX,2044,999999.0
GLOBAL,PWRBCKCRIXX,2045,999999.0
GLOBAL,PWRBCKCRIXX,2046,999999.0
GLOBAL,PWRBCKCRIXX,2047,999999.0
GLOBAL,PWRBCKCRIXX,2048,999999.0
GLOBAL,PWRBCKCRIXX,2049,999999.0
GLOBAL,PWRBCKCRIXX,2050,999999.0
GLOBAL,PWRBCKPANXX,2021,999999.0
GLOBAL,PWRBCKPANXX,2022,999999.0
GLOBAL,PWRBCKPANXX,2023,999999.0
GLOBAL,PWRBCKPANXX,2024,999999.0
GLOBAL,PWRBCKPANXX,2025,999999.0
GLOBAL,PWRBCKPANXX,2026,999999.0
GLOBAL,PWRBCKPANXX,2027,999999.0
GLOBAL,PWRBCKPANXX,2028,999999.0
GLOBAL,PWRBCKPANXX,2029,999999.0
GLOBAL,PWRBCKPANXX,2030,999999.0
GLOBAL,PWRBCKPANXX,2031,999999.0
GLOBAL,PWRBCKPANXX,2032,999999.0
GLOBAL,PWRBCKPANXX,2033,999999.0
GLOBAL,PWRBCKPANXX,2034,999999.0
GLOBAL,PWRBCKPANXX,2035,999999.0
GLOBAL,PWRBCKPANXX,2036,999999.0
GLOBAL,PWRBCKPANXX,2037,999999.0
GLOBAL,PWRBCKPANXX,2038,999999.0
GLOBAL,PWRBCKPANXX,2039,999999.0
GLOBAL,PWRBCKPANXX,2040,999999.0
GLOBAL,PWRBCKPANXX,2041,999999.0
GLOBAL,PWRBCKPANXX,2042,999999.0
GLOBAL,PWRBCKPANXX,2043,999999.0
GLOBAL,PWRBCKPANXX,2044,999999.0
GLOBAL,PWRBCKPANXX,2045,999999.0
GLOBAL,PWRBCKPANXX,2046,999999.0
GLOBAL,PWRBCKPANXX,2047,999999.0
GLOBAL,PWRBCKPANXX,2048,999999.0
GLOBAL,PWRBCKPANXX,2049,999999.0
GLOBAL,PWRBCKPANXX,2050,999999.0
GLOBAL,PWRBIOCRIXX01,2021,2400.0
GLOBAL,PWRBIOCRIXX01,2022,2400.0
GLOBAL,PWRBIOCRIXX01,2023,2400.0
GLOBAL,PWRBIOCRIXX01,2024,2400.0
GLOBAL,PWRBIOCRIXX01,2025,2400.0
GLOBAL,PWRBIOCRIXX01,2026,2400.0
GLOBAL,PWRBIOCRIXX01,2027,2400.0
GLOBAL,PWRBIOCRIXX01,2028,2400.0
GLOBAL,PWRBIOCRIXX01,2029,2400.0
GLOBAL,PWRBIOCRIXX01,2030,2400.0
GLOBAL,PWRBIOCRIXX01,2031,2395.0
GLOBAL,PWRBIOCRIXX01,2032,2390.0
GLOBAL,PWRBIOCRIXX01,2033,2385.0
GLOBAL,PWRBIOCRIXX01,2034,2380.0
GLOBAL,PWRBIOCRIXX01,2035,2375.0
GLOBAL,PWRBIOCRIXX01,2036,2370.0
GLOBAL,PWRBIOCRIXX01,2037,2365.0
GLOBAL,PWRBIOCRIXX01,2038,2360.0
GLOBAL,PWRBIOCRIXX01,2039,2355.0
GLOBAL,PWRBIOCRIXX01,2040,2350.0
GLOBAL,PWRBIOCRIXX01,2041,2350.0
GLOBAL,PWRBIOCRIXX01,2042,2350.0
GLOBAL,PWRBIOCRIXX01,2043,2350.0
GLOBAL,PWRBIOCRIXX01,2044,2350.0
GLOBAL,PWRBIOCRIXX01,2045,2350.0
GLOBAL,PWRBIOCRIXX01,2046,2350.0
GLOBAL,PWRBIOCRIXX01,2047,2350.0
GLOBAL,PWRBIOCRIXX01,2048,2350.0
GLOBAL,PWRBIOCRIXX01,2049,2350.0
GLOBAL,PWRBIOCRIXX01,2050,2350.0
GLOBAL,PWRBIOPANXX01,2021,2400.0
GLOBAL,PWRBIOPANXX01,2022,2400.0
GLOBAL,PWRBIOPANXX01,2023,2400.0
GLOBAL,PWRBIOPANXX01,2024,2400.0
GLOBAL,PWRBIOPANXX01,2025,2400.0
GLOBAL,PWRBIOPANXX01,2026,2400.0
GLOBAL,PWRBIOPANXX01,2027,2400.0
GLOBAL,PWRBIOPANXX01,2028,2400.0
GLOBAL,PWRBIOPANXX01,2029,2400.0
GLOBAL,PWRBIOPANXX01,2030,2400.0
GLOBAL,PWRBIOPANXX01,2031,2395.0
GLOBAL,PWRBIOPANXX01,2032,2390.0
GLOBAL,PWRBIOPANXX01,2033,2385.0
GLOBAL,PWRBIOPANXX01,2034,2380.0
GLOBAL,PWRBIOPANXX01,2035,2375.0
GLOBAL,PWRBIOPANXX01,2036,2370.0
GLOBAL,PWRBIOPANXX01,2037,2365.0
GLOBAL,PWRBIOPANXX01,2038,2360.0
GLOBAL,PWRBIOPANXX01,2039,2355.0
GLOBAL,PWRBIOPANXX01,2040,2350.0
GLOBAL,PWRBIOPANXX01,2041,2350.0
GLOBAL,PWRBIOPANXX01,2042,2350.0
GLOBAL,PWRBIOPANXX01,2043,2350.0
GLOBAL,PWRBIOPANXX01,2044,2350.0
GLOBAL,PWRBIOPANXX01,2045,2350.0
GLOBAL,PWRBIOPANXX01,2046,2350.0
GLOBAL,PWRBIOPANXX01,2047,2350.0
GLOBAL,PWRBIOPANXX01,2048,2350.0
GLOBAL,PWRBIOPANXX01,2049,2350.0
GLOBAL,PWRBIOPANXX01,2050,2350.0
GLOBAL,PWRCCGCRIXX00,2021,1000.0
GLOBAL,PWRCCGCRIXX00,2022,1000.0
GLOBAL,PWRCCGCRIXX00,2023,1000.0
GLOBAL,PWRCCGCRIXX00,2024,1000.0
GLOBAL,PWRCCGCRIXX00,2025,1000.0
GLOBAL,PWRCCGCRIXX00,2026,1000.0
GLOBAL,PWRCCGCRIXX00,2027,1000.0
GLOBAL,PWRCCGCRIXX00,2028,1000.0
GLOBAL,PWRCCGCRIXX00,2029,1000.0
GLOBAL,PWRCCGCRIXX00,2030,1000.0
GLOBAL,PWRCCGCRIXX00,2031,1000.0
GLOBAL,PWRCCGCRIXX00,2032,1000.0
GLOBAL,PWRCCGCRIXX00,2033,1000.0
GLOBAL,PWRCCGCRIXX00,2034,1000.0
GLOBAL,PWRCCGCRIXX00,2035,1000.0
GLOBAL,PWRCCGCRIXX00,2036,1000.0
GLOBAL,PWRCCGCRIXX00,2037,1000.0
GLOBAL,PWRCCGCRIXX00,2038,1000.0
GLOBAL,PWRCCGCRIXX00,2039,1000.0
GLOBAL,PWRCCGCRIXX00,2040,1000.0
GLOBAL,PWRCCGCRIXX00,2041,1000.0
GLOBAL,PWRCCGCRIXX00,2042,1000.0
GLOBAL,PWRCCGCRIXX00,2043,1000.0
GLOBAL,PWRCCGCRIXX00,2044,1000.0
GLOBAL,PWRCCGCRIXX00,2045,1000.0
GLOBAL,PWRCCGCRIXX00,2046,1000.0
GLOBAL,PWRCCGCRIXX00,2047,1000.0
GLOBAL,PWRCCGCRIXX00,2048,1000.0
GLOBAL,PWRCCGCRIXX00,2049,1000.0
GLOBAL,PWRCCGCRIXX00,2050,1000.0
GLOBAL,PWRCCGCRIXX01,2021,1000.0
GLOBAL,PWRCCGCRIXX01,2022,1000.0
GLOBAL,PWRCCGCRIXX01,2023,1000.0
GLOBAL,PWRCCGCRIXX01,2024,1000.0
GLOBAL,PWRCCGCRIXX01,2025,1000.0
GLOBAL,PWRCCGCRIXX01,2026,1000.0
GLOBAL,PWRCCGCRIXX01,2027,1000.0
GLOBAL,PWRCCGCRIXX01,2028,1000.0
GLOBAL,PWRCCGCRIXX01,2029,1000.0
GLOBAL,PWRCCGCRIXX01,2030,1000.0
GLOBAL,PWRCCGCRIXX01,2031,1000.0
GLOBAL,PWRCCGCRIXX01,2032,1000.0
GLOBAL,PWRCCGCRIXX01,2033,1000.0
GLOBAL,PWRCCGCRIXX01,2034,1000.0
GLOBAL,PWRCCGCRIXX01,2035,1000.0
GLOBAL,PWRCCGCRIXX01,2036,1000.0
GLOBAL,PWRCCGCRIXX01,2037,1000.0
GLOBAL,PWRCCGCRIXX01,2038,1000.0
GLOBAL,PWRCCGCRIXX01,2039,1000.0
GLOBAL,PWRCCGCRIXX01,2040,1000.0
GLOBAL,PWRCCGCRIXX01,2041,1000.0
GLOBAL,PWRCCGCRIXX01,2042,1000.0
GLOBAL,PWRCCGCRIXX01,2043,1000.0
GLOBAL,PWRCCGCRIXX01,2044,1000.0
GLOBAL,PWRCCGCRIXX01,2045,1000.0
GLOBAL,PWRCCGCRIXX01,2046,1000.0
GLOBAL,PWRCCGCRIXX01,2047,1000.0
GLOBAL,PWRCCGCRIXX01,2048,1000.0
GLOBAL,PWRCCGCRIXX01,2049,1000.0
GLOBAL,PWRCCGCRIXX01,2050,1000.0
GLOBAL,PWRCCGPANXX00,2021,1000.0
GLOBAL,PWRCCGPANXX00,2022,1000.0
GLOBAL,PWRCCGPANXX00,2023,1000.0
GLOBAL,PWRCCGPANXX00,2024,1000.0
GLOBAL,PWRCCGPANXX00,2025,1000.0
GLOBAL,PWRCCGPANXX00,2026,1000.0
GLOBAL,PWRCCGPANXX00,2027,1000.0
GLOBAL,PWRCCGPANXX00,2028,1000.0
GLOBAL,PWRCCGPANXX00,2029,1000.0
GLOBAL,PWRCCGPANXX00,2030,1000.0
GLOBAL,PWRCCGPANXX00,2031,1000.0
GLOBAL,PWRCCGPANXX00,2032,1000.0
GLOBAL,PWRCCGPANXX00,2033,1000.0
GLOBAL,PWRCCGPANXX00,2034,1000.0
GLOBAL,PWRCCGPANXX00,2035,1000.0
GLOBAL,PWRCCGPANXX00,2036,1000.0
GLOBAL,PWRCCGPANXX00,2037,1000.0
GLOBAL,PWRCCGPANXX00,2038,1000.0
GLOBAL,PWRCCGPANXX00,2039,1000.0
GLOBAL,PWRCCGPANXX00,2040,1000.0
GLOBAL,PWRCCGPANXX00,2041,1000.0
GLOBAL,PWRCCGPANXX00,2042,1000.0
GLOBAL,PWRCCGPANXX00,2043,1000.0
GLOBAL,PWRCCGPANXX00,2044,1000.0
GLOBAL,PWRCCGPANXX00,2045,1000.0
GLOBAL,PWRCCGPANXX00,2046,1000.0
GLOBAL,PWRCCGPANXX00,2047,1000.0
GLOBAL,PWRCCGPANXX00,2048,1000.0
GLOBAL,PWRCCGPANXX00,2049,1000.0
GLOBAL,PWRCCGPANXX00,2050,1000.0
GLOBAL,PWRCCGPANXX01,2021,1000.0
GLOBAL,PWRCCGPANXX01,2022,1000.0
GLOBAL,PWRCCGPANXX01,2023,1000.0
GLOBAL,PWRCCGPANXX01,2024,1000.0
GLOBAL,PWRCCGPANXX01,2025,1000.0
GLOBAL,PWRCCGPANXX01,2026,1000.0
GLOBAL,PWRCCGPANXX01,2027,1000.0
GLOBAL,PWRCCGPANXX01,2028,1000.0
GLOBAL,PWRCCGPANXX01,2029,1000.0
GLOBAL,PWRCCGPANXX01,2030,1000.0
GLOBAL,PWRCCGPANXX01,2031,1000.0
GLOBAL,PWRCCGPANXX01,2032,1000.0
GLOBAL,PWRCCGPANXX01,2033,1000.0
GLOBAL,PWRCCGPANXX01,2034,1000.0
GLOBAL,PWRCCGPANXX01,2035,1000.0
GLOBAL,PWRCCGPANXX01,2036,1000.0
GLOBAL,PWRCCGPANXX01,2037,1000.0
GLOBAL,PWRCCGPANXX01,2038,1000.0
GLOBAL,PWRCCGPANXX01,2039,1000.0
GLOBAL,PWRCCGPANXX01,2040,1000.0
GLOBAL,PWRCCGPANXX01,2041,1000.0
GLOBAL,PWRCCGPANXX01,2042,1000.0
GLOBAL,PWRCCGPANXX01,2043,1000.0
GLOBAL,PWRCCGPANXX01,2044,1000.0
GLOBAL,PWRCCGPANXX01,2045,1000.0
GLOBAL,PWRCCGPANXX01,2046,1000.0
GLOBAL,PWRCCGPANXX01,2047,1000.0
GLOBAL,PWRCCGPANXX01,2048,1000.0
GLOBAL,PWRCCGPANXX01,2049,1000.0
GLOBAL,PWRCCGPANXX01,2050,1000.0
GLOBAL,PWRCCSCRIXX01,2021,6246.0
GLOBAL,PWRCCSCRIXX01,2022,6246.0
GLOBAL,PWRCCSCRIXX01,2023,6246.0
GLOBAL,PWRCCSCRIXX01,2024,6246.0
GLOBAL,PWRCCSCRIXX01,2025,6246.0
GLOBAL,PWRCCSCRIXX01,2026,6246.0
GLOBAL,PWRCCSCRIXX01,2027,6246.0
GLOBAL,PWRCCSCRIXX01,2028,6246.0
GLOBAL,PWRCCSCRIXX01,2029,6246.0
GLOBAL,PWRCCSCRIXX01,2030,6246.0
GLOBAL,PWRCCSCRIXX01,2031,6169.5
GLOBAL,PWRCCSCRIXX01,2032,6093.0
GLOBAL,PWRCCSCRIXX01,2033,6016.5
GLOBAL,PWRCCSCRIXX01,2034,5940.0
GLOBAL,PWRCCSCRIXX01,2035,5863.5
GLOBAL,PWRCCSCRIXX01,2036,5787.0
GLOBAL,PWRCCSCRIXX01,2037,5710.5
GLOBAL,PWRCCSCRIXX01,2038,5634.0
GLOBAL,PWRCCSCRIXX01,2039,5557.5
GLOBAL,PWRCCSCRIXX01,2040,5481.0
GLOBAL,PWRCCSCRIXX01,2041,5481.0
GLOBAL,PWRCCSCRIXX01,2042,5481.0
GLOBAL,PWRCCSCRIXX01,2043,5481.0
GLOBAL,PWRCCSCRIXX01,2044,5481.0
GLOBAL,PWRCCSCRIXX01,2045,5481.0
GLOBAL,PWRCCSCRIXX01,2046,5481.0
GLOBAL,PWRCCSCRIXX01,2047,5481.0
GLOBAL,PWRCCSCRIXX01,2048,5481.0
GLOBAL,PWRCCSCRIXX01,2049,5481.0
GLOBAL,PWRCCSCRIXX01,2050,5481.0
GLOBAL,PWRCCSPANXX01,2021,6246.0
GLOBAL,PWRCCSPANXX01,2022,6246.0
GLOBAL,PWRCCSPANXX01,2023,6246.0
GLOBAL,PWRCCSPANXX01,2024,6246.0
GLOBAL,PWRCCSPANXX01,2025,6246.0
GLOBAL,PWRCCSPANXX01,2026,6246.0
GLOBAL,PWRCCSPANXX01,2027,6246.0
GLOBAL,PWRCCSPANXX01,2028,6246.0
GLOBAL,PWRCCSPANXX01,2029,6246.0
GLOBAL,PWRCCSPANXX01,2030,6246.0
GLOBAL,PWRCCSPANXX01,2031,6169.5
GLOBAL,PWRCCSPANXX01,2032,6093.0
GLOBAL,PWRCCSPANXX01,2033,6016.5
GLOBAL,PWRCCSPANXX01,2034,5940.0
GLOBAL,PWRCCSPANXX01,2035,5863.5
GLOBAL,PWRCCSPANXX01,2036,5787.0
GLOBAL,PWRCCSPANXX01,2037,5710.5
GLOBAL,PWRCCSPANXX01,2038,5634.0
GLOBAL,PWRCCSPANXX01,2039,5557.5
GLOBAL,PWRCCSPANXX01,2040,5481.0
GLOBAL,PWRCCSPANXX01,2041,5481.0
GLOBAL,PWRCCSPANXX01,2042,5481.0
GLOBAL,PWRCCSPANXX01,2043,5481.0
GLOBAL,PWRCCSPANXX01,2044,5481.0
GLOBAL,PWRCCSPANXX01,2045,5481.0
GLOBAL,PWRCCSPANXX01,2046,5481.0
GLOBAL,PWRCCSPANXX01,2047,5481.0
GLOBAL,PWRCCSPANXX01,2048,5481.0
GLOBAL,PWRCCSPANXX01,2049,5481.0
GLOBAL,PWRCCSPANXX01,2050,5481.0
GLOBAL,PWRCOACRIXX01,2021,2066.67
GLOBAL,PWRCOACRIXX01,2022,2066.67
GLOBAL,PWRCOACRIXX01,2023,2066.67
GLOBAL,PWRCOACRIXX01,2024,2066.67
GLOBAL,PWRCOACRIXX01,2025,2066.67
GLOBAL,PWRCOACRIXX01,2026,2066.67
GLOBAL,PWRCOACRIXX01,2027,2066.67
GLOBAL,PWRCOACRIXX01,2028,2066.67
GLOBAL,PWRCOACRIXX01,2029,2066.67
GLOBAL,PWRCOACRIXX01,2030,2066.67
GLOBAL,PWRCOACRIXX01,2031,2066.67
GLOBAL,PWRCOACRIXX01,2032,2066.67
GLOBAL,PWRCOACRIXX01,2033,2066.67
GLOBAL,PWRCOACRIXX01,2034,2066.67
GLOBAL,PWRCOACRIXX01,2035,2066.67
GLOBAL,PWRCOACRIXX01,2036,2066.67
GLOBAL,PWRCOACRIXX01,2037,2066.67
GLOBAL,PWRCOACRIXX01,2038,2066.67
GLOBAL,PWRCOACRIXX01,2039,2066.67
GLOBAL,PWRCOACRIXX01,2040,2066.67
GLOBAL,PWRCOACRIXX01,2041,2066.67
GLOBAL,PWRCOACRIXX01,2042,2066.67
GLOBAL,PWRCOACRIXX01,2043,2066.67
GLOBAL,PWRCOACRIXX01,2044,2066.67
GLOBAL,PWRCOACRIXX01,2045,2066.67
GLOBAL,PWRCOACRIXX01,2046,2066.67
GLOBAL,PWRCOACRIXX01,2047,2066.67
GLOBAL,PWRCOACRIXX01,2048,2066.67
GLOBAL,PWRCOACRIXX01,2049,2066.67
GLOBAL,PWRCOACRIXX01,2050,2066.67
GLOBAL,PWRCOAPANXX01,2021,2066.67
GLOBAL,PWRCOAPANXX01,2022,2066.67
GLOBAL,PWRCOAPANXX01,2023,2066.67
GLOBAL,PWRCOAPANXX01,2024,2066.67
GLOBAL,PWRCOAPANXX01,2025,2066.67
GLOBAL,PWRCOAPANXX01,2026,2066.67
GLOBAL,PWRCOAPANXX01,2027,2066.67
GLOBAL,PWRCOAPANXX01,2028,2066.67
GLOBAL,PWRCOAPANXX01,2029,2066.67
GLOBAL,PWRCOAPANXX01,2030,2066.67
GLOBAL,PWRCOAPANXX01,2031,2066.67
GLOBAL,PWRCOAPANXX01,2032,2066.67
GLOBAL,PWRCOAPANXX01,2033,2066.67
GLOBAL,PWRCOAPANXX01,2034,2066.67
GLOBAL,PWRCOAPANXX01,2035,2066.67
GLOBAL,PWRCOAPANXX01,2036,2066.67
GLOBAL,PWRCOAPANXX01,2037,2066.67
GLOBAL,PWRCOAPANXX01,2038,2066.67
GLOBAL,PWRCOAPANXX01,2039,2066.67
GLOBAL,PWRCOAPANXX01,2040,2066.67
GLOBAL,PWRCOAPANXX01,2041,2066.67
GLOBAL,PWRCOAPANXX01,2042,2066.67
GLOBAL,PWRCOAPANXX01,2043,2066.67
GLOBAL,PWRCOAPANXX01,2044,2066.67
GLOBAL,PWRCOAPANXX01,2045,2066.67
GLOBAL,PWRCOAPANXX01,2046,2066.67
GLOBAL,PWRCOAPANXX01,2047,2066.67
GLOBAL,PWRCOAPANXX01,2048,2066.67
GLOBAL,PWRCOAPANXX01,2049,2066.67
GLOBAL,PWRCOAPANXX01,2050,2066.67
GLOBAL,PWRCOGCRIXX01,2021,1300.0
GLOBAL,PWRCOGCRIXX01,2022,1300.0
GLOBAL,PWRCOGCRIXX01,2023,1300.0
GLOBAL,PWRCOGCRIXX01,2024,1300.0
GLOBAL,PWRCOGCRIXX01,2025,1300.0
GLOBAL,PWRCOGCRIXX01,2026,1300.0
GLOBAL,PWRCOGCRIXX01,2027,1300.0
GLOBAL,PWRCOGCRIXX01,2028,1300.0
GLOBAL,PWRCOGCRIXX01,2029,1300.0
GLOBAL,PWRCOGCRIXX01,2030,1300.0
GLOBAL,PWRCOGCRIXX01,2031,1300.0
GLOBAL,PWRCOGCRIXX01,2032,1300.0
GLOBAL,PWRCOGCRIXX01,2033,1300.0
GLOBAL,PWRCOGCRIXX01,2034,1300.0
GLOBAL,PWRCOGCRIXX01,2035,1300.0
GLOBAL,PWRCOGCRIXX01,2036,1300.0
GLOBAL,PWRCOGCRIXX01,2037,1300.0
GLOBAL,PWRCOGCRIXX01,2038,1300.0
GLOBAL,PWRCOGCRIXX01,2039,1300.0
GLOBAL,PWRCOGCRIXX01,2040,1300.0
GLOBAL,PWRCOGCRIXX01,2041,1300.0
GLOBAL,PWRCOGCRIXX01,2042,1300.0
GLOBAL,PWRCOGCRIXX01,2043,1300.0
GLOBAL,PWRCOGCRIXX01,2044,1300.0
GLOBAL,PWRCOGCRIXX01,2045,1300.0
GLOBAL,PWRCOGCRIXX01,2046,1300.0
GLOBAL,PWRCOGCRIXX01,2047,1300.0
GLOBAL,PWRCOGCRIXX01,2048,1300.0
GLOBAL,PWRCOGCRIXX01,2049,1300.0
GLOBAL,PWRCOGCRIXX01,2050,1300.0
GLOBAL,PWRCOGPANXX01,2021,1300.0
GLOBAL,PWRCOGPANXX01,2022,1300.0
GLOBAL,PWRCOGPANXX01,2023,1300.0
GLOBAL,PWRCOGPANXX01,2024,1300.0
GLOBAL,PWRCOGPANXX01,2025,1300.0
GLOBAL,PWRCOGPANXX01,2026,1300.0
GLOBAL,PWRCOGPANXX01,2027,1300.0
GLOBAL,PWRCOGPANXX01,2028,1300.0
GLOBAL,PWRCOGPANXX01,2029,1300.0
GLOBAL,PWRCOGPANXX01,2030,1300.0
GLOBAL,PWRCOGPANXX01,2031,1300.0
GLOBAL,PWRCOGPANXX01,2032,1300.0
GLOBAL,PWRCOGPANXX01,2033,1300.0
GLOBAL,PWRCOGPANXX01,2034,1300.0
GLOBAL,PWRCOGPANXX01,2035,1300.0
GLOBAL,PWRCOGPANXX01,2036,1300.0
GLOBAL,PWRCOGPANXX01,2037,1300.0
GLOBAL,PWRCOGPANXX01,2038,1300.0
GLOBAL,PWRCOGPANXX01,2039,1300.0
GLOBAL,PWRCOGPANXX01,2040,1300.0
GLOBAL,PWRCOGPANXX01,2041,1300.0
GLOBAL,PWRCOGPANXX01,2042,1300.0
GLOBAL,PWRCOGPANXX01,2043,1300.0
GLOBAL,PWRCOGPANXX01,2044,1300.0
GLOBAL,PWRCOGPANXX01,2045,1300.0
GLOBAL,PWRCOGPANXX01,2046,1300.0
GLOBAL,PWRCOGPANXX01,2047,1300.0
GLOBAL,PWRCOGPANXX01,2048,1300.0
GLOBAL,PWRCOGPANXX01,2049,1300.0
GLOBAL,PWRCOGPANXX01,2050,1300.0
GLOBAL,PWRCSPCRIXX01,2021,5300.0
GLOBAL,PWRCSPCRIXX01,2022,5300.0
GLOBAL,PWRCSPCRIXX01,2023,5300.0
GLOBAL,PWRCSPCRIXX01,2024,5300.0
GLOBAL,PWRCSPCRIXX01,2025,5300.0
GLOBAL,PWRCSPCRIXX01,2026,5300.0
GLOBAL,PWRCSPCRIXX01,2027,5300.0
GLOBAL,PWRCSPCRIXX01,2028,5300.0
GLOBAL,PWRCSPCRIXX01,2029,5300.0
GLOBAL,PWRCSPCRIXX01,2030,5300.0
GLOBAL,PWRCSPCRIXX01,2031,5230.0
GLOBAL,PWRCSPCRIXX01,2032,5160.0
GLOBAL,PWRCSPCRIXX01,2033,5090.0
GLOBAL,PWRCSPCRIXX01,2034,5020.0
GLOBAL,PWRCSPCRIXX01,2035,4950.0
GLOBAL,PWRCSPCRIXX01,2036,4880.0
GLOBAL,PWRCSPCRIXX01,2037,4810.0
GLOBAL,PWRCSPCRIXX01,2038,4740.0
GLOBAL,PWRCSPCRIXX01,2039,4670.0
GLOBAL,PWRCSPCRIXX01,2040,4600.0
GLOBAL,PWRCSPCRIXX01,2041,4600.0
GLOBAL,PWRCSPCRIXX01,2042,4600.0
GLOBAL,PWRCSPCRIXX01,2043,4600.0
GLOBAL,PWRCSPCRIXX01,2044,4600.0
GLOBAL,PWRCSPCRIXX01,2045,4600.0
GLOBAL,PWRCSPCRIXX01,2046,4600.0
GLOBAL,PWRCSPCRIXX01,2047,4600.0
GLOBAL,PWRCSPCRIXX01,2048,4600.0
GLOBAL,PWRCSPCRIXX01,2049,4600.0
GLOBAL,PWRCSPCRIXX01,2050,4600.0
GLOBAL,PWRCSPPANXX01,2021,5300.0
GLOBAL,PWRCSPPANXX01,2022,5300.0
GLOBAL,PWRCSPPANXX01,2023,5300.0
GLOBAL,PWRCSPPANXX01,2024,5300.0
GLOBAL,PWRCSPPANXX01,2025,5300.0
GLOBAL,PWRCSPPANXX01,2026,5300.0
GLOBAL,PWRCSPPANXX01,2027,5300.0
GLOBAL,PWRCSPPANXX01,2028,5300.0
GLOBAL,PWRCSPPANXX01,2029,5300.0
GLOBAL,PWRCSPPANXX01,2030,5300.0
GLOBAL,PWRCSPPANXX01,2031,5230.0
GLOBAL,PWRCSPPANXX01,2032,5160.0
GLOBAL,PWRCSPPANXX01,2033,5090.0
GLOBAL,PWRCSPPANXX01,2034,5020.0
GLOBAL,PWRCSPPANXX01,2035,4950.0
GLOBAL,PWRCSPPANXX01,2036,4880.0
GLOBAL,PWRCSPPANXX01,2037,4810.0
GLOBAL,PWRCSPPANXX01,2038,4740.0
GLOBAL,PWRCSPPANXX01,2039,4670.0
GLOBAL,PWRCSPPANXX01,2040,4600.0
GLOBAL,PWRCSPPANXX01,2041,4600.0
GLOBAL,PWRCSPPANXX01,2042,4600.0
GLOBAL,PWRCSPPANXX01,2043,4600.0
GLOBAL,PWRCSPPANXX01,2044,4600.0
GLOBAL,PWRCSPPANXX01,2045,4600.0
GLOBAL,PWRCSPPANXX01,2046,4600.0
GLOBAL,PWRCSPPANXX01,2047,4600.0
GLOBAL,PWRCSPPANXX01,2048,4600.0
GLOBAL,PWRCSPPANXX01,2049,4600.0
GLOBAL,PWRCSPPANXX01,2050,4600.0
GLOBAL,PWRGEOCRIXX01,2021,2100.0
GLOBAL,PWRGEOCRIXX01,2022,2100.0
GLOBAL,PWRGEOCRIXX01,2023,2100.0
GLOBAL,PWRGEOCRIXX01,2024,2100.0
GLOBAL,PWRGEOCRIXX01,2025,2100.0
GLOBAL,PWRGEOCRIXX01,2026,2100.0
GLOBAL,PWRGEOCRIXX01,2027,2100.0
GLOBAL,PWRGEOCRIXX01,2028,2100.0
GLOBAL,PWRGEOCRIXX01,2029,2100.0
GLOBAL,PWRGEOCRIXX01,2030,2100.0
GLOBAL,PWRGEOCRIXX01,2031,2090.0
GLOBAL,PWRGEOCRIXX01,2032,2080.0
GLOBAL,PWRGEOCRIXX01,2033,2070.0
GLOBAL,PWRGEOCRIXX01,2034,2060.0
GLOBAL,PWRGEOCRIXX01,2035,2050.0
GLOBAL,PWRGEOCRIXX01,2036,2040.0
GLOBAL,PWRGEOCRIXX01,2037,2030.0
GLOBAL,PWRGEOCRIXX01,2038,2020.0
GLOBAL,PWRGEOCRIXX01,2039,2010.0
GLOBAL,PWRGEOCRIXX01,2040,2000.0
GLOBAL,PWRGEOCRIXX01,2041,2000.0
GLOBAL,PWRGEOCRIXX01,2042,2000.0
GLOBAL,PWRGEOCRIXX01,2043,2000.0
GLOBAL,PWRGEOCRIXX01,2044,2000.0
GLOBAL,PWRGEOCRIXX01,2045,2000.0
GLOBAL,PWRGEOCRIXX01,2046,2000.0
GLOBAL,PWRGEOCRIXX01,2047,2000.0
GLOBAL,PWRGEOCRIXX01,2048,2000.0
GLOBAL,PWRGEOCRIXX01,2049,2000.0
GLOBAL,PWRGEOCRIXX01,2050,2000.0
GLOBAL,PWRGEOPANXX01,2021,2100.0
GLOBAL,PWRGEOPANXX01,2022,2100.0
GLOBAL,PWRGEOPANXX01,2023,2100.0
GLOBAL,PWRGEOPANXX01,2024,2100.0
GLOBAL,PWRGEOPANXX01,2025,2100.0
GLOBAL,PWRGEOPANXX01,2026,2100.0
GLOBAL,PWRGEOPANXX01,2027,2100.0
GLOBAL,PWRGEOPANXX01,2028,2100.0
GLOBAL,PWRGEOPANXX01,2029,2100.0
GLOBAL,PWRGEOPANXX01,2030,2100.0
GLOBAL,PWRGEOPANXX01,2031,2090.0
GLOBAL,PWRGEOPANXX01,2032,2080.0
GLOBAL,PWRGEOPANXX01,2033,2070.0
GLOBAL,PWRGEOPANXX01,2034,2060.0
GLOBAL,PWRGEOPANXX01,2035,2050.0
GLOBAL,PWRGEOPANXX01,2036,2040.0
GLOBAL,PWRGEOPANXX01,2037,2030.0
GLOBAL,PWRGEOPANXX01,2038,2020.0
GLOBAL,PWRGEOPANXX01,2039,2010.0
GLOBAL,PWRGEOPANXX01,2040,2000.0
GLOBAL,PWRGEOPANXX01,2041,2000.0
GLOBAL,PWRGEOPANXX01,2042,2000.0
GLOBAL,PWRGEOPANXX01,2043,2000.0
GLOBAL,PWRGEOPANXX01,2044,2000.0
GLOBAL,PWRGEOPANXX01,2045,2000.0
GLOBAL,PWRGEOPANXX01,2046,2000.0
GLOBAL,PWRGEOPANXX01,2047,2000.0
GLOBAL,PWRGEOPANXX01,2048,2000.0
GLOBAL,PWRGEOPANXX01,2049,2000.0
GLOBAL,PWRGEOPANXX01,2050,2000.0
GLOBAL,PWRHYDCRIXX01,2021,2700.0
GLOBAL,PWRHYDCRIXX01,2022,2700.0
GLOBAL,PWRHYDCRIXX01,2023,2700.0
GLOBAL,PWRHYDCRIXX01,2024,2700.0
GLOBAL,PWRHYDCRIXX01,2025,2700.0
GLOBAL,PWRHYDCRIXX01,2026,2700.0
GLOBAL,PWRHYDCRIXX01,2027,2700.0
GLOBAL,PWRHYDCRIXX01,2028,2700.0
GLOBAL,PWRHYDCRIXX01,2029,2700.0
GLOBAL,PWRHYDCRIXX01,2030,2700.0
GLOBAL,PWRHYDCRIXX01,2031,2700.0
GLOBAL,PWRHYDCRIXX01,2032,2700.0
GLOBAL,PWRHYDCRIXX01,2033,2700.0
GLOBAL,PWRHYDCRIXX01,2034,2700.0
GLOBAL,PWRHYDCRIXX01,2035,2700.0
GLOBAL,PWRHYDCRIXX01,2036,2700.0
GLOBAL,PWRHYDCRIXX01,2037,2700.0
GLOBAL,PWRHYDCRIXX01,2038,2700.0
GLOBAL,PWRHYDCRIXX01,2039,2700.0
GLOBAL,PWRHYDCRIXX01,2040,2700.0
GLOBAL,PWRHYDCRIXX01,2041,2700.0
GLOBAL,PWRHYDCRIXX01,2042,2700.0
GLOBAL,PWRHYDCRIXX01,2043,2700.0
GLOBAL,PWRHYDCRIXX01,2044,2700.0
GLOBAL,PWRHYDCRIXX01,2045,2700.0
GLOBAL,PWRHYDCRIXX01,2046,2700.0
GLOBAL,PWRHYDCRIXX01,2047,2700.0
GLOBAL,PWRHYDCRIXX01,2048,2700.0
GLOBAL,PWRHYDCRIXX01,2049,2700.0
GLOBAL,PWRHYDCRIXX01,2050,2700.0
GLOBAL,PWRHYDPANXX01,2021,2700.0
GLOBAL,PWRHYDPANXX01,2022,2700.0
GLOBAL,PWRHYDPANXX01,2023,2700.0
GLOBAL,PWRHYDPANXX01,2024,2700.0
GLOBAL,PWRHYDPANXX01,2025,2700.0
GLOBAL,PWRHYDPANXX01,2026,2700.0
GLOBAL,PWRHYDPANXX01,2027,2700.0
GLOBAL,PWRHYDPANXX01,2028,2700.0
GLOBAL,PWRHYDPANXX01,2029,2700.0
GLOBAL,PWRHYDPANXX01,2030,2700.0
GLOBAL,PWRHYDPANXX01,2031,2700.0
GLOBAL,PWRHYDPANXX01,2032,2700.0
GLOBAL,PWRHYDPANXX01,2033,2700.0
GLOBAL,PWRHYDPANXX01,2034,2700.0
GLOBAL,PWRHYDPANXX01,2035,2700.0
GLOBAL,PWRHYDPANXX01,2036,2700.0
GLOBAL,PWRHYDPANXX01,2037,2700.0
GLOBAL,PWRHYDPANXX01,2038,2700.0
GLOBAL,PWRHYDPANXX01,2039,2700.0
GLOBAL,PWRHYDPANXX01,2040,2700.0
GLOBAL,PWRHYDPANXX01,2041,2700.0
GLOBAL,PWRHYDPANXX01,2042,2700.0
GLOBAL,PWRHYDPANXX01,2043,2700.0
GLOBAL,PWRHYDPANXX01,2044,2700.0
GLOBAL,PWRHYDPANXX01,2045,2700.0
GLOBAL,PWRHYDPANXX01,2046,2700.0
GLOBAL,PWRHYDPANXX01,2047,2700.0
GLOBAL,PWRHYDPANXX01,2048,2700.0
GLOBAL,PWRHYDPANXX01,2049,2700.0
GLOBAL,PWRHYDPANXX01,2050,2700.0
GLOBAL,PWRLDSCRIXX01,2021,1897.0
GLOBAL,PWRLDSCRIXX01,2022,1897.0
GLOBAL,PWRLDSCRIXX01,2023,1897.0
GLOBAL,PWRLDSCRIXX01,2024,1897.0
GLOBAL,PWRLDSCRIXX01,2025,1897.0
GLOBAL,PWRLDSCRIXX01,2026,1897.0
GLOBAL,PWRLDSCRIXX01,2027,1897.0
GLOBAL,PWRLDSCRIXX01,2028,1897.0
GLOBAL,PWRLDSCRIXX01,2029,1897.0
GLOBAL,PWRLDSCRIXX01,2030,1897.0
GLOBAL,PWRLDSCRIXX01,2031,1897.0
GLOBAL,PWRLDSCRIXX01,2032,1897.0
GLOBAL,PWRLDSCRIXX01,2033,1897.0
GLOBAL,PWRLDSCRIXX01,2034,1897.0
GLOBAL,PWRLDSCRIXX01,2035,1897.0
GLOBAL,PWRLDSCRIXX01,2036,1897.0
GLOBAL,PWRLDSCRIXX01,2037,1897.0
GLOBAL,PWRLDSCRIXX01,2038,1897.0
GLOBAL,PWRLDSCRIXX01,2039,1897.0
GLOBAL,PWRLDSCRIXX01,2040,1897.0
GLOBAL,PWRLDSCRIXX01,2041,1897.0
GLOBAL,PWRLDSCRIXX01,2042,1897.0
GLOBAL,PWRLDSCRIXX01,2043,1897.0
GLOBAL,PWRLDSCRIXX01,2044,1897.0
GLOBAL,PWRLDSCRIXX01,2045,1897.0
GLOBAL,PWRLDSCRIXX01,2046,1897.0
GLOBAL,PWRLDSCRIXX01,2047,1897.0
GLOBAL,PWRLDSCRIXX01,2048,1897.0
GLOBAL,PWRLDSCRIXX01,2049,1897.0
GLOBAL,PWRLDSCRIXX01,2050,1897.0
GLOBAL,PWRLDSPANXX01,2021,1897.0
GLOBAL,PWRLDSPANXX01,2022,1897.0
GLOBAL,PWRLDSPANXX01,2023,1897.0
GLOBAL,PWRLDSPANXX01,2024,1897.0
GLOBAL,PWRLDSPANXX01,2025,1897.0
GLOBAL,PWRLDSPANXX01,2026,1897.0
GLOBAL,PWRLDSPANXX01,2027,1897.0
GLOBAL,PWRLDSPANXX01,2028,1897.0
GLOBAL,PWRLDSPANXX01,2029,1897.0
GLOBAL,PWRLDSPANXX01,2030,1897.0
GLOBAL,PWRLDSPANXX01,2031,1897.0
GLOBAL,PWRLDSPANXX01,2032,1897.0
GLOBAL,PWRLDSPANXX01,2033,1897.0
GLOBAL,PWRLDSPANXX01,2034,1897.0
GLOBAL,PWRLDSPANXX01,2035,1897.0
GLOBAL,PWRLDSPANXX01,2036,1897.0
GLOBAL,PWRLDSPANXX01,2037,1897.0
GLOBAL,PWRLDSPANXX01,2038,1897.0
GLOBAL,PWRLDSPANXX01,2039,1897.0
GLOBAL,PWRLDSPANXX01,2040,1897.0
GLOBAL,PWRLDSPANXX01,2041,1897.0
GLOBAL,PWRLDSPANXX01,2042,1897.0
GLOBAL,PWRLDSPANXX01,2043,1897.0
GLOBAL,PWRLDSPANXX01,2044,1897.0
GLOBAL,PWRLDSPANXX01,2045,1897.0
GLOBAL,PWRLDSPANXX01,2046,1897.0
GLOBAL,PWRLDSPANXX01,2047,1897.0
GLOBAL,PWRLDSPANXX01,2048,1897.0
GLOBAL,PWRLDSPANXX01,2049,1897.0
GLOBAL,PWRLDSPANXX01,2050,1897.0
GLOBAL,PWROCGCRIXX00,2021,500.0
GLOBAL,PWROCGCRIXX00,2022,500.0
GLOBAL,PWROCGCRIXX00,2023,500.0
GLOBAL,PWROCGCRIXX00,2024,500.0
GLOBAL,PWROCGCRIXX00,2025,500.0
GLOBAL,PWROCGCRIXX00,2026,500.0
GLOBAL,PWROCGCRIXX00,2027,500.0
GLOBAL,PWROCGCRIXX00,2028,500.0
GLOBAL,PWROCGCRIXX00,2029,500.0
GLOBAL,PWROCGCRIXX00,2030,500.0
GLOBAL,PWROCGCRIXX00,2031,500.0
GLOBAL,PWROCGCRIXX00,2032,500.0
GLOBAL,PWROCGCRIXX00,2033,500.0
GLOBAL,PWROCGCRIXX00,2034,500.0
GLOBAL,PWROCGCRIXX00,2035,500.0
GLOBAL,PWROCGCRIXX00,2036,500.0
GLOBAL,PWROCGCRIXX00,2037,500.0
GLOBAL,PWROCGCRIXX00,2038,500.0
GLOBAL,PWROCGCRIXX00,2039,500.0
GLOBAL,PWROCGCRIXX00,2040,500.0
GLOBAL,PWROCGCRIXX00,2041,500.0
GLOBAL,PWROCGCRIXX00,2042,500.0
GLOBAL,PWROCGCRIXX00,2043,500.0
GLOBAL,PWROCGCRIXX00,2044,500.0
GLOBAL,PWROCGCRIXX00,2045,500.0
GLOBAL,PWROCGCRIXX00,2046,500.0
GLOBAL,PWROCGCRIXX00,2047,500.0
GLOBAL,PWROCGCRIXX00,2048,500.0
GLOBAL,PWROCGCRIXX00,2049,500.0
GLOBAL,PWROCGCRIXX00,2050,500.0
GLOBAL,PWROCGCRIXX01,2021,500.0
GLOBAL,PWROCGCRIXX01,2022,500.0
GLOBAL,PWROCGCRIXX01,2023,500.0
GLOBAL,PWROCGCRIXX01,2024,500.0
GLOBAL,PWROCGCRIXX01,2025,500.0
GLOBAL,PWROCGCRIXX01,2026,500.0
GLOBAL,PWROCGCRIXX01,2027,500.0
GLOBAL,PWROCGCRIXX01,2028,500.0
GLOBAL,PWROCGCRIXX01,2029,500.0
GLOBAL,PWROCGCRIXX01,2030,500.0
GLOBAL,PWROCGCRIXX01,2031,500.0
GLOBAL,PWROCGCRIXX01,2032,500.0
GLOBAL,PWROCGCRIXX01,2033,500.0
GLOBAL,PWROCGCRIXX01,2034,500.0
GLOBAL,PWROCGCRIXX01,2035,500.0
GLOBAL,PWROCGCRIXX01,2036,500.0
GLOBAL,PWROCGCRIXX01,2037,500.0
GLOBAL,PWROCGCRIXX01,2038,500.0
GLOBAL,PWROCGCRIXX01,2039,500.0
GLOBAL,PWROCGCRIXX01,2040,500.0
GLOBAL,PWROCGCRIXX01,2041,500.0
GLOBAL,PWROCGCRIXX01,2042,500.0
GLOBAL,PWROCGCRIXX01,2043,500.0
GLOBAL,PWROCGCRIXX01,2044,500.0
GLOBAL,PWROCGCRIXX01,2045,500.0
GLOBAL,PWROCGCRIXX01,2046,500.0
GLOBAL,PWROCGCRIXX01,2047,500.0
GLOBAL,PWROCGCRIXX01,2048,500.0
GLOBAL,PWROCGCRIXX01,2049,500.0
GLOBAL,PWROCGCRIXX01,2050,500.0
GLOBAL,PWROCGPANXX00,2021,500.0
GLOBAL,PWROCGPANXX00,2022,500.0
GLOBAL,PWROCGPANXX00,2023,500.0
GLOBAL,PWROCGPANXX00,2024,500.0
GLOBAL,PWROCGPANXX00,2025,500.0
GLOBAL,PWROCGPANXX00,2026,500.0
GLOBAL,PWROCGPANXX00,2027,500.0
GLOBAL,PWROCGPANXX00,2028,500.0
GLOBAL,PWROCGPANXX00,2029,500.0
GLOBAL,PWROCGPANXX00,2030,500.0
GLOBAL,PWROCGPANXX00,2031,500.0
GLOBAL,PWROCGPANXX00,2032,500.0
GLOBAL,PWROCGPANXX00,2033,500.0
GLOBAL,PWROCGPANXX00,2034,500.0
GLOBAL,PWROCGPANXX00,2035,500.0
GLOBAL,PWROCGPANXX00,2036,500.0
GLOBAL,PWROCGPANXX00,2037,500.0
GLOBAL,PWROCGPANXX00,2038,500.0
GLOBAL,PWROCGPANXX00,2039,500.0
GLOBAL,PWROCGPANXX00,2040,500.0
GLOBAL,PWROCGPANXX00,2041,500.0
GLOBAL,PWROCGPANXX00,2042,500.0
GLOBAL,PWROCGPANXX00,2043,500.0
GLOBAL,PWROCGPANXX00,2044,500.0
GLOBAL,PWROCGPANXX00,2045,500.0
GLOBAL,PWROCGPANXX00,2046,500.0
GLOBAL,PWROCGPANXX00,2047,500.0
GLOBAL,PWROCGPANXX00,2048,500.0
GLOBAL,PWROCGPANXX00,2049,500.0
GLOBAL,PWROCGPANXX00,2050,500.0
GLOBAL,PWROCGPANXX01,2021,500.0
GLOBAL,PWROCGPANXX01,2022,500.0
GLOBAL,PWROCGPANXX01,2023,500.0
GLOBAL,PWROCGPANXX01,2024,500.0
GLOBAL,PWROCGPANXX01,2025,500.0
GLOBAL,PWROCGPANXX01,2026,500.0
GLOBAL,PWROCGPANXX01,2027,500.0
GLOBAL,PWROCGPANXX01,2028,500.0
GLOBAL,PWROCGPANXX01,2029,500.0
GLOBAL,PWROCGPANXX01,2030,500.0
GLOBAL,PWROCGPANXX01,2031,500.0
GLOBAL,PWROCGPANXX01,2032,500.0
GLOBAL,PWROCGPANXX01,2033,500.0
GLOBAL,PWROCGPANXX01,2034,500.0
GLOBAL,PWROCGPANXX01,2035,500.0
GLOBAL,PWROCGPANXX01,2036,500.0
GLOBAL,PWROCGPANXX01,2037,500.0
GLOBAL,PWROCGPANXX01,2038,500.0
GLOBAL,PWROCGPANXX01,2039,500.0
GLOBAL,PWROCGPANXX01,2040,500.0
GLOBAL,PWROCGPANXX01,2041,500.0
GLOBAL,PWROCGPANXX01,2042,500.0
GLOBAL,PWROCGPANXX01,2043,500.0
GLOBAL,PWROCGPANXX01,2044,500.0
GLOBAL,PWROCGPANXX01,2045,500.0
GLOBAL,PWROCGPANXX01,2046,500.0
GLOBAL,PWROCGPANXX01,2047,500.0
GLOBAL,PWROCGPANXX01,2048,500.0
GLOBAL,PWROCGPANXX01,2049,500.0
GLOBAL,PWROCGPANXX01,2050,500.0
GLOBAL,PWROILCRIXX01,2021,1240.0
GLOBAL,PWROILCRIXX01,2022,1240.0
GLOBAL,PWROILCRIXX01,2023,1240.0
GLOBAL,PWROILCRIXX01,2024,1240.0
GLOBAL,PWROILCRIXX01,2025,1240.0
GLOBAL,PWROILCRIXX01,2026,1240.0
GLOBAL,PWROILCRIXX01,2027,1240.0
GLOBAL,PWROILCRIXX01,2028,1240.0
GLOBAL,PWROILCRIXX01,2029,1240.0
GLOBAL,PWROILCRIXX01,2030,1240.0
GLOBAL,PWROILCRIXX01,2031,1240.0
GLOBAL,PWROILCRIXX01,2032,1240.0
GLOBAL,PWROILCRIXX01,2033,1240.0
GLOBAL,PWROILCRIXX01,2034,1240.0
GLOBAL,PWROILCRIXX01,2035,1240.0
GLOBAL,PWROILCRIXX01,2036,1240.0
GLOBAL,PWROILCRIXX01,2037,1240.0
GLOBAL,PWROILCRIXX01,2038,1240.0
GLOBAL,PWROILCRIXX01,2039,1240.0
GLOBAL,PWROILCRIXX01,2040,1240.0
GLOBAL,PWROILCRIXX01,2041,1240.0
GLOBAL,PWROILCRIXX01,2042,1240.0
GLOBAL,PWROILCRIXX01,2043,1240.0
GLOBAL,PWROILCRIXX01,2044,1240.0
GLOBAL,PWROILCRIXX01,2045,1240.0
GLOBAL,PWROILCRIXX01,2046,1240.0
GLOBAL,PWROILCRIXX01,2047,1240.0
GLOBAL,PWROILCRIXX01,2048,1240.0
GLOBAL,PWROILCRIXX01,2049,1240.0
GLOBAL,PWROILCRIXX01,2050,1240.0
GLOBAL,PWROILPANXX01,2021,1240.0
GLOBAL,PWROILPANXX01,2022,1240.0
GLOBAL,PWROILPANXX01,2023,1240.0
GLOBAL,PWROILPANXX01,2024,1240.0
GLOBAL,PWROILPANXX01,2025,1240.0
GLOBAL,PWROILPANXX01,2026,1240.0
GLOBAL,PWROILPANXX01,2027,1240.0
GLOBAL,PWROILPANXX01,2028,1240.0
GLOBAL,PWROILPANXX01,2029,1240.0
GLOBAL,PWROILPANXX01,2030,1240.0
GLOBAL,PWROILPANXX01,2031,1240.0
GLOBAL,PWROILPANXX01,2032,1240.0
GLOBAL,PWROILPANXX01,2033,1240.0
GLOBAL,PWROILPANXX01,2034,1240.0
GLOBAL,PWROILPANXX01,2035,1240.0
GLOBAL,PWROILPANXX01,2036,1240.0
GLOBAL,PWROILPANXX01,2037,1240.0
GLOBAL,PWROILPANXX01,2038,1240.0
GLOBAL,PWROILPANXX01,2039,1240.0
GLOBAL,PWROILPANXX01,2040,1240.0
GLOBAL,PWROILPANXX01,2041,1240.0
GLOBAL,PWROILPANXX01,2042,1240.0
GLOBAL,PWROILPANXX01,2043,1240.0
GLOBAL,PWROILPANXX01,2044,1240.0
GLOBAL,PWROILPANXX01,2045,1240.0
GLOBAL,PWROILPANXX01,2046,1240.0
GLOBAL,PWROILPANXX01,2047,1240.0
GLOBAL,PWROILPANXX01,2048,1240.0
GLOBAL,PWROILPANXX01,2049,1240.0
GLOBAL,PWROILPANXX01,2050,1240.0
GLOBAL,PWROTHCRIXX01,2021,1240.0
GLOBAL,PWROTHCRIXX01,2022,1240.0
GLOBAL,PWROTHCRIXX01,2023,1240.0
GLOBAL,PWROTHCRIXX01,2024,1240.0
GLOBAL,PWROTHCRIXX01,2025,1240.0
GLOBAL,PWROTHCRIXX01,2026,1240.0
GLOBAL,PWROTHCRIXX01,2027,1240.0
GLOBAL,PWROTHCRIXX01,2028,1240.0
GLOBAL,PWROTHCRIXX01,2029,1240.0
GLOBAL,PWROTHCRIXX01,2030,1240.0
GLOBAL,PWROTHCRIXX01,2031,1240.0
GLOBAL,PWROTHCRIXX01,2032,1240.0
GLOBAL,PWROTHCRIXX01,2033,1240.0
GLOBAL,PWROTHCRIXX01,2034,1240.0
GLOBAL,PWROTHCRIXX01,2035,1240.0
GLOBAL,PWROTHCRIXX01,2036,1240.0
GLOBAL,PWROTHCRIXX01,2037,1240.0
GLOBAL,PWROTHCRIXX01,2038,1240.0
GLOBAL,PWROTHCRIXX01,2039,1240.0
GLOBAL,PWROTHCRIXX01,2040,1240.0
GLOBAL,PWROTHCRIXX01,2041,1240.0
GLOBAL,PWROTHCRIXX01,2042,1240.0
GLOBAL,PWROTHCRIXX01,2043,1240.0
GLOBAL,PWROTHCRIXX01,2044,1240.0
GLOBAL,PWROTHCRIXX01,2045,1240.0
GLOBAL,PWROTHCRIXX01,2046,1240.0
GLOBAL,PWROTHCRIXX01,2047,1240.0
GLOBAL,PWROTHCRIXX01,2048,1240.0
GLOBAL,PWROTHCRIXX01,2049,1240.0
GLOBAL,PWROTHCRIXX01,2050,1240.0
GLOBAL,PWROTHPANXX01,2021,1240.0
GLOBAL,PWROTHPANXX01,2022,1240.0
GLOBAL,PWROTHPANXX01,2023,1240.0
GLOBAL,PWROTHPANXX01,2024,1240.0
GLOBAL,PWROTHPANXX01,2025,1240.0
GLOBAL,PWROTHPANXX01,2026,1240.0
GLOBAL,PWROTHPANXX01,2027,1240.0
GLOBAL,PWROTHPANXX01,2028,1240.0
GLOBAL,PWROTHPANXX01,2029,1240.0
GLOBAL,PWROTHPANXX01,2030,1240.0
GLOBAL,PWROTHPANXX01,2031,1240.0
GLOBAL,PWROTHPANXX01,2032,1240.0
GLOBAL,PWROTHPANXX01,2033,1240.0
GLOBAL,PWROTHPANXX01,2034,1240.0
GLOBAL,PWROTHPANXX01,2035,1240.0
GLOBAL,PWROTHPANXX01,2036,1240.0
GLOBAL,PWROTHPANXX01,2037,1240.0
GLOBAL,PWROTHPANXX01,2038,1240.0
GLOBAL,PWROTHPANXX01,2039,1240.0
GLOBAL,PWROTHPANXX01,2040,1240.0
GLOBAL,PWROTHPANXX01,2041,1240.0
GLOBAL,PWROTHPANXX01,2042,1240.0
GLOBAL,PWROTHPANXX01,2043,1240.0
GLOBAL,PWROTHPANXX01,2044,1240.0
GLOBAL,PWROTHPANXX01,2045,1240.0
GLOBAL,PWROTHPANXX01,2046,1240.0
GLOBAL,PWROTHPANXX01,2047,1240.0
GLOBAL,PWROTHPANXX01,2048,1240.0
GLOBAL,PWROTHPANXX01,2049,1240.0
GLOBAL,PWROTHPANXX01,2050,1240.0
GLOBAL,PWRPETCRIXX01,2021,1240.0
GLOBAL,PWRPETCRIXX01,2022,1240.0
GLOBAL,PWRPETCRIXX01,2023,1240.0
GLOBAL,PWRPETCRIXX01,2024,1240.0
GLOBAL,PWRPETCRIXX01,2025,1240.0
GLOBAL,PWRPETCRIXX01,2026,1240.0
GLOBAL,PWRPETCRIXX01,2027,1240.0
GLOBAL,PWRPETCRIXX01,2028,1240.0
GLOBAL,PWRPETCRIXX01,2029,1240.0
GLOBAL,PWRPETCRIXX01,2030,1240.0
GLOBAL,PWRPETCRIXX01,2031,1240.0
GLOBAL,PWRPETCRIXX01,2032,1240.0
GLOBAL,PWRPETCRIXX01,2033,1240.0
GLOBAL,PWRPETCRIXX01,2034,1240.0
GLOBAL,PWRPETCRIXX01,2035,1240.0
GLOBAL,PWRPETCRIXX01,2036,1240.0
GLOBAL,PWRPETCRIXX01,2037,1240.0
GLOBAL,PWRPETCRIXX01,2038,1240.0
GLOBAL,PWRPETCRIXX01,2039,1240.0
GLOBAL,PWRPETCRIXX01,2040,1240.0
GLOBAL,PWRPETCRIXX01,2041,1240.0
GLOBAL,PWRPETCRIXX01,2042,1240.0
GLOBAL,PWRPETCRIXX01,2043,1240.0
GLOBAL,PWRPETCRIXX01,2044,1240.0
GLOBAL,PWRPETCRIXX01,2045,1240.0
GLOBAL,PWRPETCRIXX01,2046,1240.0
GLOBAL,PWRPETCRIXX01,2047,1240.0
GLOBAL,PWRPETCRIXX01,2048,1240.0
GLOBAL,PWRPETCRIXX01,2049,1240.0
GLOBAL,PWRPETCRIXX01,2050,1240.0
GLOBAL,PWRPETPANXX01,2021,1240.0
GLOBAL,PWRPETPANXX01,2022,1240.0
GLOBAL,PWRPETPANXX01,2023,1240.0
GLOBAL,PWRPETPANXX01,2024,1240.0
GLOBAL,PWRPETPANXX01,2025,1240.0
GLOBAL,PWRPETPANXX01,2026,1240.0
GLOBAL,PWRPETPANXX01,2027,1240.0
GLOBAL,PWRPETPANXX01,2028,1240.0
GLOBAL,PWRPETPANXX01,2029,1240.0
GLOBAL,PWRPETPANXX01,2030,1240.0
GLOBAL,PWRPETPANXX01,2031,1240.0
GLOBAL,PWRPETPANXX01,2032,1240.0
GLOBAL,PWRPETPANXX01,2033,1240.0
GLOBAL,PWRPETPANXX01,2034,1240.0
GLOBAL,PWRPETPANXX01,2035,1240.0
GLOBAL,PWRPETPANXX01,2036,1240.0
GLOBAL,PWRPETPANXX01,2037,1240.0
GLOBAL,PWRPETPANXX01,2038,1240.0
GLOBAL,PWRPETPANXX01,2039,1240.0
GLOBAL,PWRPETPANXX01,2040,1240.0
GLOBAL,PWRPETPANXX01,2041,1240.0
GLOBAL,PWRPETPANXX01,2042,1240.0
GLOBAL,PWRPETPANXX01,2043,1240.0
GLOBAL,PWRPETPANXX01,2044,1240.0
GLOBAL,PWRPETPANXX01,2045,1240.0
GLOBAL,PWRPETPANXX01,2046,1240.0
GLOBAL,PWRPETPANXX01,2047,1240.0
GLOBAL,PWRPETPANXX01,2048,1240.0
GLOBAL,PWRPETPANXX01,2049,1240.0
GLOBAL,PWRPETPANXX01,2050,1240.0
GLOBAL,PWRSDSCRIXX01,2021,969.0
GLOBAL,PWRSDSCRIXX01,2022,969.0
GLOBAL,PWRSDSCRIXX01,2023,969.0
GLOBAL,PWRSDSCRIXX01,2024,969.0
GLOBAL,PWRSDSCRIXX01,2025,969.0
GLOBAL,PWRSDSCRIXX01,2026,969.0
GLOBAL,PWRSDSCRIXX01,2027,969.0
GLOBAL,PWRSDSCRIXX01,2028,969.0
GLOBAL,PWRSDSCRIXX01,2029,969.0
GLOBAL,PWRSDSCRIXX01,2030,969.0
GLOBAL,PWRSDSCRIXX01,2031,969.0
GLOBAL,PWRSDSCRIXX01,2032,969.0
GLOBAL,PWRSDSCRIXX01,2033,969.0
GLOBAL,PWRSDSCRIXX01,2034,969.0
GLOBAL,PWRSDSCRIXX01,2035,969.0
GLOBAL,PWRSDSCRIXX01,2036,969.0
GLOBAL,PWRSDSCRIXX01,2037,969.0
GLOBAL,PWRSDSCRIXX01,2038,969.0
GLOBAL,PWRSDSCRIXX01,2039,969.0
GLOBAL,PWRSDSCRIXX01,2040,969.0
GLOBAL,PWRSDSCRIXX01,2041,969.0
GLOBAL,PWRSDSCRIXX01,2042,969.0
GLOBAL,PWRSDSCRIXX01,2043,969.0
GLOBAL,PWRSDSCRIXX01,2044,969.0
GLOBAL,PWRSDSCRIXX01,2045,969.0
GLOBAL,PWRSDSCRIXX01,2046,969.0
GLOBAL,PWRSDSCRIXX01,2047,969.0
GLOBAL,PWRSDSCRIXX01,2048,969.0
GLOBAL,PWRSDSCRIXX01,2049,969.0
GLOBAL,PWRSDSCRIXX01,2050,969.0
GLOBAL,PWRSDSPANXX01,2021,969.0
GLOBAL,PWRSDSPANXX01,2022,969.0
GLOBAL,PWRSDSPANXX01,2023,969.0
GLOBAL,PWRSDSPANXX01,2024,969.0
GLOBAL,PWRSDSPANXX01,2025,969.0
GLOBAL,PWRSDSPANXX01,2026,969.0
GLOBAL,PWRSDSPANXX01,2027,969.0
GLOBAL,PWRSDSPANXX01,2028,969.0
GLOBAL,PWRSDSPANXX01,2029,969.0
GLOBAL,PWRSDSPANXX01,2030,969.0
GLOBAL,PWRSDSPANXX01,2031,969.0
GLOBAL,PWRSDSPANXX01,2032,969.0
GLOBAL,PWRSDSPANXX01,2033,969.0
GLOBAL,PWRSDSPANXX01,2034,969.0
GLOBAL,PWRSDSPANXX01,2035,969.0
GLOBAL,PWRSDSPANXX01,2036,969.0
GLOBAL,PWRSDSPANXX01,2037,969.0
GLOBAL,PWRSDSPANXX01,2038,969.0
GLOBAL,PWRSDSPANXX01,2039,969.0
GLOBAL,PWRSDSPANXX01,2040,969.0
GLOBAL,PWRSDSPANXX01,2041,969.0
GLOBAL,PWRSDSPANXX01,2042,969.0
GLOBAL,PWRSDSPANXX01,2043,969.0
GLOBAL,PWRSDSPANXX01,2044,969.0
GLOBAL,PWRSDSPANXX01,2045,969.0
GLOBAL,PWRSDSPANXX01,2046,969.0
GLOBAL,PWRSDSPANXX01,2047,969.0
GLOBAL,PWRSDSPANXX01,2048,969.0
GLOBAL,PWRSDSPANXX01,2049,969.0
GLOBAL,PWRSDSPANXX01,2050,969.0
GLOBAL,PWRSPVCRIXX01,2021,710.0
GLOBAL,PWRSPVCRIXX01,2022,710.0
GLOBAL,PWRSPVCRIXX01,2023,710.0
GLOBAL,PWRSPVCRIXX01,2024,710.0
GLOBAL,PWRSPVCRIXX01,2025,710.0
GLOBAL,PWRSPVCRIXX01,2026,710.0
GLOBAL,PWRSPVCRIXX01,2027,710.0
GLOBAL,PWRSPVCRIXX01,2028,710.0
GLOBAL,PWRSPVCRIXX01,2029,710.0
GLOBAL,PWRSPVCRIXX01,2030,710.0
GLOBAL,PWRSPVCRIXX01,2031,690.0
GLOBAL,PWRSPVCRIXX01,2032,670.0
GLOBAL,PWRSPVCRIXX01,2033,650.0
GLOBAL,PWRSPVCRIXX01,2034,630.0
GLOBAL,PWRSPVCRIXX01,2035,610.0
GLOBAL,PWRSPVCRIXX01,2036,590.0
GLOBAL,PWRSPVCRIXX01,2037,570.0
GLOBAL,PWRSPVCRIXX01,2038,550.0
GLOBAL,PWRSPVCRIXX01,2039,530.0
GLOBAL,PWRSPVCRIXX01,2040,510.0
GLOBAL,PWRSPVCRIXX01,2041,510.0
GLOBAL,PWRSPVCRIXX01,2042,510.0
GLOBAL,PWRSPVCRIXX01,2043,510.0
GLOBAL,PWRSPVCRIXX01,2044,510.0
GLOBAL,PWRSPVCRIXX01,2045,510.0
GLOBAL,PWRSPVCRIXX01,2046,510.0
GLOBAL,PWRSPVCRIXX01,2047,510.0
GLOBAL,PWRSPVCRIXX01,2048,510.0
GLOBAL,PWRSPVCRIXX01,2049,510.0
GLOBAL,PWRSPVCRIXX01,2050,510.0
GLOBAL,PWRSPVPANXX01,2021,710.0
GLOBAL,PWRSPVPANXX01,2022,710.0
GLOBAL,PWRSPVPANXX01,2023,710.0
GLOBAL,PWRSPVPANXX01,2024,710.0
GLOBAL,PWRSPVPANXX01,2025,710.0
GLOBAL,PWRSPVPANXX01,2026,710.0
GLOBAL,PWRSPVPANXX01,2027,710.0
GLOBAL,PWRSPVPANXX01,2028,710.0
GLOBAL,PWRSPVPANXX01,2029,710.0
GLOBAL,PWRSPVPANXX01,2030,710.0
GLOBAL,PWRSPVPANXX01,2031,690.0
GLOBAL,PWRSPVPANXX01,2032,670.0
GLOBAL,PWRSPVPANXX01,2033,650.0
GLOBAL,PWRSPVPANXX01,2034,630.0
GLOBAL,PWRSPVPANXX01,2035,610.0
GLOBAL,PWRSPVPANXX01,2036,590.0
GLOBAL,PWRSPVPANXX01,2037,570.0
GLOBAL,PWRSPVPANXX01,2038,550.0
GLOBAL,PWRSPVPANXX01,2039,530.0
GLOBAL,PWRSPVPANXX01,2040,510.0
GLOBAL,PWRSPVPANXX01,2041,510.0
GLOBAL,PWRSPVPANXX01,2042,510.0
GLOBAL,PWRSPVPANXX01,2043,510.0
GLOBAL,PWRSPVPANXX01,2044,510.0
GLOBAL,PWRSPVPANXX01,2045,510.0
GLOBAL,PWRSPVPANXX01,2046,510.0
GLOBAL,PWRSPVPANXX01,2047,510.0
GLOBAL,PWRSPVPANXX01,2048,510.0
GLOBAL,PWRSPVPANXX01,2049,510.0
GLOBAL,PWRSPVPANXX01,2050,510.0
GLOBAL,PWRURNCRIXX01,2021,6754.0
GLOBAL,PWRURNCRIXX01,2022,6754.0
GLOBAL,PWRURNCRIXX01,2023,6754.0
GLOBAL,PWRURNCRIXX01,2024,6754.0
GLOBAL,PWRURNCRIXX01,2025,6754.0
GLOBAL,PWRURNCRIXX01,2026,6754.0
GLOBAL,PWRURNCRIXX01,2027,6754.0
GLOBAL,PWRURNCRIXX01,2028,6754.0
GLOBAL,PWRURNCRIXX01,2029,6754.0
GLOBAL,PWRURNCRIXX01,2030,6754.0
GLOBAL,PWRURNCRIXX01,2031,6711.8
GLOBAL,PWRURNCRIXX01,2032,6669.6
GLOBAL,PWRURNCRIXX01,2033,6627.4
GLOBAL,PWRURNCRIXX01,2034,6585.2
GLOBAL,PWRURNCRIXX01,2035,6543.0
GLOBAL,PWRURNCRIXX01,2036,6500.8
GLOBAL,PWRURNCRIXX01,2037,6458.6
GLOBAL,PWRURNCRIXX01,2038,6416.4
GLOBAL,PWRURNCRIXX01,2039,6374.2
GLOBAL,PWRURNCRIXX01,2040,6332.0
GLOBAL,PWRURNCRIXX01,2041,6332.0
GLOBAL,PWRURNCRIXX01,2042,6332.0
GLOBAL,PWRURNCRIXX01,2043,6332.0
GLOBAL,PWRURNCRIXX01,2044,6332.0
GLOBAL,PWRURNCRIXX01,2045,6332.0
GLOBAL,PWRURNCRIXX01,2046,6332.0
GLOBAL,PWRURNCRIXX01,2047,6332.0
GLOBAL,PWRURNCRIXX01,2048,6332.0
GLOBAL,PWRURNCRIXX01,2049,6332.0
GLOBAL,PWRURNCRIXX01,2050,6332.0
GLOBAL,PWRURNPANXX01,2021,6754.0
GLOBAL,PWRURNPANXX01,2022,6754.0
GLOBAL,PWRURNPANXX01,2023,6754.0
GLOBAL,PWRURNPANXX01,2024,6754.0
GLOBAL,PWRURNPANXX01,2025,6754.0
GLOBAL,PWRURNPANXX01,2026,6754.0
GLOBAL,PWRURNPANXX01,2027,6754.0
GLOBAL,PWRURNPANXX01,2028,6754.0
GLOBAL,PWRURNPANXX01,2029,6754.0
GLOBAL,PWRURNPANXX01,2030,6754.0
GLOBAL,PWRURNPANXX01,2031,6711.8
GLOBAL,PWRURNPANXX01,2032,6669.6
GLOBAL,PWRURNPANXX01,2033,6627.4
GLOBAL,PWRURNPANXX01,2034,6585.2
GLOBAL,PWRURNPANXX01,2035,6543.0
GLOBAL,PWRURNPANXX01,2036,6500.8
GLOBAL,PWRURNPANXX01,2037,6458.6
GLOBAL,PWRURNPANXX01,2038,6416.4
GLOBAL,PWRURNPANXX01,2039,6374.2
GLOBAL,PWRURNPANXX01,2040,6332.0
GLOBAL,PWRURNPANXX01,2041,6332.0
GLOBAL,PWRURNPANXX01,2042,6332.0
GLOBAL,PWRURNPANXX01,2043,6332.0
GLOBAL,PWRURNPANXX01,2044,6332.0
GLOBAL,PWRURNPANXX01,2045,6332.0
GLOBAL,PWRURNPANXX01,2046,6332.0
GLOBAL,PWRURNPANXX01,2047,6332.0
GLOBAL,PWRURNPANXX01,2048,6332.0
GLOBAL,PWRURNPANXX01,2049,6332.0
GLOBAL,PWRURNPANXX01,2050,6332.0
GLOBAL,PWRWASCRIXX01,2021,7650.0
GLOBAL,PWRWASCRIXX01,2022,7650.0
GLOBAL,PWRWASCRIXX01,2023,7650.0
GLOBAL,PWRWASCRIXX01,2024,7650.0
GLOBAL,PWRWASCRIXX01,2025,7650.0
GLOBAL,PWRWASCRIXX01,2026,7650.0
GLOBAL,PWRWASCRIXX01,2027,7650.0
GLOBAL,PWRWASCRIXX01,2028,7650.0
GLOBAL,PWRWASCRIXX01,2029,7650.0
GLOBAL,PWRWASCRIXX01,2030,7650.0
GLOBAL,PWRWASCRIXX01,2031,7640.0
GLOBAL,PWRWASCRIXX01,2032,7630.0
GLOBAL,PWRWASCRIXX01,2033,7620.0
GLOBAL,PWRWASCRIXX01,2034,7610.0
GLOBAL,PWRWASCRIXX01,2035,7600.0
GLOBAL,PWRWASCRIXX01,2036,7590.0
GLOBAL,PWRWASCRIXX01,2037,7580.0
GLOBAL,PWRWASCRIXX01,2038,7570.0
GLOBAL,PWRWASCRIXX01,2039,7560.0
GLOBAL,PWRWASCRIXX01,2040,7550.0
GLOBAL,PWRWASCRIXX01,2041,7550.0
GLOBAL,PWRWASCRIXX01,2042,7550.0
GLOBAL,PWRWASCRIXX01,2043,7550.0
GLOBAL,PWRWASCRIXX01,2044,7550.0
GLOBAL,PWRWASCRIXX01,2045,7550.0
GLOBAL,PWRWASCRIXX01,2046,7550.0
GLOBAL,PWRWASCRIXX01,2047,7550.0
GLOBAL,PWRWASCRIXX01,2048,7550.0
GLOBAL,PWRWASCRIXX01,2049,7550.0
GLOBAL,PWRWASCRIXX01,2050,7550.0
GLOBAL,PWRWASPANXX01,2021,7650.0
GLOBAL,PWRWASPANXX01,2022,7650.0
GLOBAL,PWRWASPANXX01,2023,7650.0
GLOBAL,PWRWASPANXX01,2024,7650.0
GLOBAL,PWRWASPANXX01,2025,7650.0
GLOBAL,PWRWASPANXX01,2026,7650.0
GLOBAL,PWRWASPANXX01,2027,7650.0
GLOBAL,PWRWASPANXX01,2028,7650.0
GLOBAL,PWRWASPANXX01,2029,7650.0
GLOBAL,PWRWASPANXX01,2030,7650.0
GLOBAL,PWRWASPANXX01,2031,7640.0
GLOBAL,PWRWASPANXX01,2032,7630.0
GLOBAL,PWRWASPANXX01,2033,7620.0
GLOBAL,PWRWASPANXX01,2034,7610.0
GLOBAL,PWRWASPANXX01,2035,7600.0
GLOBAL,PWRWASPANXX01,2036,7590.0
GLOBAL,PWRWASPANXX01,2037,7580.0
GLOBAL,PWRWASPANXX01,2038,7570.0
GLOBAL,PWRWASPANXX01,2039,7560.0
GLOBAL,PWRWASPANXX01,2040,7550.0
GLOBAL,PWRWASPANXX01,2041,7550.0
GLOBAL,PWRWASPANXX01,2042,7550.0
GLOBAL,PWRWASPANXX01,2043,7550.0
GLOBAL,PWRWASPANXX01,2044,7550.0
GLOBAL,PWRWASPANXX01,2045,7550.0
GLOBAL,PWRWASPANXX01,2046,7550.0
GLOBAL,PWRWASPANXX01,2047,7550.0
GLOBAL,PWRWASPANXX01,2048,7550.0
GLOBAL,PWRWASPANXX01,2049,7550.0
GLOBAL,PWRWASPANXX01,2050,7550.0
GLOBAL,PWRWAVCRIXX01,2021,4400.0
GLOBAL,PWRWAVCRIXX01,2022,4400.0
GLOBAL,PWRWAVCRIXX01,2023,4400.0
GLOBAL,PWRWAVCRIXX01,2024,4400.0
GLOBAL,PWRWAVCRIXX01,2025,4400.0
GLOBAL,PWRWAVCRIXX01,2026,4400.0
GLOBAL,PWRWAVCRIXX01,2027,4400.0
GLOBAL,PWRWAVCRIXX01,2028,4400.0
GLOBAL,PWRWAVCRIXX01,2029,4400.0
GLOBAL,PWRWAVCRIXX01,2030,4400.0
GLOBAL,PWRWAVCRIXX01,2031,4290.0
GLOBAL,PWRWAVCRIXX01,2032,4180.0
GLOBAL,PWRWAVCRIXX01,2033,4070.0
GLOBAL,PWRWAVCRIXX01,2034,3960.0
GLOBAL,PWRWAVCRIXX01,2035,3850.0
GLOBAL,PWRWAVCRIXX01,2036,3740.0
GLOBAL,PWRWAVCRIXX01,2037,3630.0
GLOBAL,PWRWAVCRIXX01,2038,3520.0
GLOBAL,PWRWAVCRIXX01,2039,3410.0
GLOBAL,PWRWAVCRIXX01,2040,3300.0
GLOBAL,PWRWAVCRIXX01,2041,3300.0
GLOBAL,PWRWAVCRIXX01,2042,3300.0
GLOBAL,PWRWAVCRIXX01,2043,3300.0
GLOBAL,PWRWAVCRIXX01,2044,3300.0
GLOBAL,PWRWAVCRIXX01,2045,3300.0
GLOBAL,PWRWAVCRIXX01,2046,3300.0
GLOBAL,PWRWAVCRIXX01,2047,3300.0
GLOBAL,PWRWAVCRIXX01,2048,3300.0
GLOBAL,PWRWAVCRIXX01,2049,3300.0
GLOBAL,PWRWAVCRIXX01,2050,3300.0
GLOBAL,PWRWAVPANXX01,2021,4400.0
GLOBAL,PWRWAVPANXX01,2022,4400.0
GLOBAL,PWRWAVPANXX01,2023,4400.0
GLOBAL,PWRWAVPANXX01,2024,4400.0
GLOBAL,PWRWAVPANXX01,2025,4400.0
GLOBAL,PWRWAVPANXX01,2026,4400.0
GLOBAL,PWRWAVPANXX01,2027,4400.0
GLOBAL,PWRWAVPANXX01,2028,4400.0
GLOBAL,PWRWAVPANXX01,2029,4400.0
GLOBAL,PWRWAVPANXX01,2030,4400.0
GLOBAL,PWRWAVPANXX01,2031,4290.0
GLOBAL,PWRWAVPANXX01,2032,4180.0
GLOBAL,PWRWAVPANXX01,2033,4070.0
GLOBAL,PWRWAVPANXX01,2034,3960.0
GLOBAL,PWRWAVPANXX01,2035,3850.0
GLOBAL,PWRWAVPANXX01,2036,3740.0
GLOBAL,PWRWAVPANXX01,2037,3630.0
GLOBAL,PWRWAVPANXX01,2038,3520.0
GLOBAL,PWRWAVPANXX01,2039,3410.0
GLOBAL,PWRWAVPANXX01,2040,3300.0
GLOBAL,PWRWAVPANXX01,2041,3300.0
GLOBAL,PWRWAVPANXX01,2042,3300.0
GLOBAL,PWRWAVPANXX01,2043,3300.0
GLOBAL,PWRWAVPANXX01,2044,3300.0
GLOBAL,PWRWAVPANXX01,2045,3300.0
GLOBAL,PWRWAVPANXX01,2046,3300.0
GLOBAL,PWRWAVPANXX01,2047,3300.0
GLOBAL,PWRWAVPANXX01,2048,3300.0
GLOBAL,PWRWAVPANXX01,2049,3300.0
GLOBAL,PWRWAVPANXX01,2050,3300.0
GLOBAL,PWRWOFCRIXX01,2021,2460.0
GLOBAL,PWRWOFCRIXX01,2022,2460.0
GLOBAL,PWRWOFCRIXX01,2023,2460.0
GLOBAL,PWRWOFCRIXX01,2024,2460.0
GLOBAL,PWRWOFCRIXX01,2025,2460.0
GLOBAL,PWRWOFCRIXX01,2026,2460.0
GLOBAL,PWRWOFCRIXX01,2027,2460.0
GLOBAL,PWRWOFCRIXX01,2028,2460.0
GLOBAL,PWRWOFCRIXX01,2029,2460.0
GLOBAL,PWRWOFCRIXX01,2030,2460.0
GLOBAL,PWRWOFCRIXX01,2031,2396.0
GLOBAL,PWRWOFCRIXX01,2032,2332.0
GLOBAL,PWRWOFCRIXX01,2033,2268.0
GLOBAL,PWRWOFCRIXX01,2034,2204.0
GLOBAL,PWRWOFCRIXX01,2035,2140.0
GLOBAL,PWRWOFCRIXX01,2036,2076.0
GLOBAL,PWRWOFCRIXX01,2037,2012.0
GLOBAL,PWRWOFCRIXX01,2038,1948.0
GLOBAL,PWRWOFCRIXX01,2039,1884.0
GLOBAL,PWRWOFCRIXX01,2040,1820.0
GLOBAL,PWRWOFCRIXX01,2041,1820.0
GLOBAL,PWRWOFCRIXX01,2042,1820.0
GLOBAL,PWRWOFCRIXX01,2043,1820.0
GLOBAL,PWRWOFCRIXX01,2044,1820.0
GLOBAL,PWRWOFCRIXX01,2045,1820.0
GLOBAL,PWRWOFCRIXX01,2046,1820.0
GLOBAL,PWRWOFCRIXX01,2047,1820.0
GLOBAL,PWRWOFCRIXX01,2048,1820.0
GLOBAL,PWRWOFCRIXX01,2049,1820.0
GLOBAL,PWRWOFCRIXX01,2050,1820.0
GLOBAL,PWRWOFPANXX01,2021,2460.0
GLOBAL,PWRWOFPANXX01,2022,2460.0
GLOBAL,PWRWOFPANXX01,2023,2460.0
GLOBAL,PWRWOFPANXX01,2024,2460.0
GLOBAL,PWRWOFPANXX01,2025,2460.0
GLOBAL,PWRWOFPANXX01,2026,2460.0
GLOBAL,PWRWOFPANXX01,2027,2460.0
GLOBAL,PWRWOFPANXX01,2028,2460.0
GLOBAL,PWRWOFPANXX01,2029,2460.0
GLOBAL,PWRWOFPANXX01,2030,2460.0
GLOBAL,PWRWOFPANXX01,2031,2396.0
GLOBAL,PWRWOFPANXX01,2032,2332.0
GLOBAL,PWRWOFPANXX01,2033,2268.0
GLOBAL,PWRWOFPANXX01,2034,2204.0
GLOBAL,PWRWOFPANXX01,2035,2140.0
GLOBAL,PWRWOFPANXX01,2036,2076.0
GLOBAL,PWRWOFPANXX01,2037,2012.0
GLOBAL,PWRWOFPANXX01,2038,1948.0
GLOBAL,PWRWOFPANXX01,2039,1884.0
GLOBAL,PWRWOFPANXX01,2040,1820.0
GLOBAL,PWRWOFPANXX01,2041,1820.0
GLOBAL,PWRWOFPANXX01,2042,1820.0
GLOBAL,PWRWOFPANXX01,2043,1820.0
GLOBAL,PWRWOFPANXX01,2044,1820.0
GLOBAL,PWRWOFPANXX01,2045,1820.0
GLOBAL,PWRWOFPANXX01,2046,1820.0
GLOBAL,PWRWOFPANXX01,2047,1820.0
GLOBAL,PWRWOFPANXX01,2048,1820.0
GLOBAL,PWRWOFPANXX01,2049,1820.0
GLOBAL,PWRWOFPANXX01,2050,1820.0
GLOBAL,PWRWONCRIXX01,2021,1310.0
GLOBAL,PWRWONCRIXX01,2022,1310.0
GLOBAL,PWRWONCRIXX01,2023,1310.0
GLOBAL,PWRWONCRIXX01,2024,1310.0
GLOBAL,PWRWONCRIXX01,2025,1310.0
GLOBAL,PWRWONCRIXX01,2026,1310.0
GLOBAL,PWRWONCRIXX01,2027,1310.0
GLOBAL,PWRWONCRIXX01,2028,1310.0
GLOBAL,PWRWONCRIXX01,2029,1310.0
GLOBAL,PWRWONCRIXX01,2030,1310.0
GLOBAL,PWRWONCRIXX01,2031,1304.0
GLOBAL,PWRWONCRIXX01,2032,1298.0
GLOBAL,PWRWONCRIXX01,2033,1292.0
GLOBAL,PWRWONCRIXX01,2034,1286.0
GLOBAL,PWRWONCRIXX01,2035,1280.0
GLOBAL,PWRWONCRIXX01,2036,1274.0
GLOBAL,PWRWONCRIXX01,2037,1268.0
GLOBAL,PWRWONCRIXX01,2038,1262.0
GLOBAL,PWRWONCRIXX01,2039,1256.0
GLOBAL,PWRWONCRIXX01,2040,1250.0
GLOBAL,PWRWONCRIXX01,2041,1250.0
GLOBAL,PWRWONCRIXX01,2042,1250.0
GLOBAL,PWRWONCRIXX01,2043,1250.0
GLOBAL,PWRWONCRIXX01,2044,1250.0
GLOBAL,PWRWONCRIXX01,2045,1250.0
GLOBAL,PWRWONCRIXX01,2046,1250.0
GLOBAL,PWRWONCRIXX01,2047,1250.0
GLOBAL,PWRWONCRIXX01,2048,1250.0
GLOBAL,PWRWONCRIXX01,2049,1250.0
GLOBAL,PWRWONCRIXX01,2050,1250.0
GLOBAL,PWRWONPANXX01,2021,1310.0
GLOBAL,PWRWONPANXX01,2022,1310.0
GLOBAL,PWRWONPANXX01,2023,1310.0
GLOBAL,PWRWONPANXX01,2024,1310.0
GLOBAL,PWRWONPANXX01,2025,1310.0
GLOBAL,PWRWONPANXX01,2026,1310.0
GLOBAL,PWRWONPANXX01,2027,1310.0
GLOBAL,PWRWONPANXX01,2028,1310.0
GLOBAL,PWRWONPANXX01,2029,1310.0
GLOBAL,PWRWONPANXX01,2030,1310.0
GLOBAL,PWRWONPANXX01,2031,1304.0
GLOBAL,PWRWONPANXX01,2032,1298.0
GLOBAL,PWRWONPANXX01,2033,1292.0
GLOBAL,PWRWONPANXX01,2034,1286.0
GLOBAL,PWRWONPANXX01,2035,1280.0
GLOBAL,PWRWONPANXX01,2036,1274.0
GLOBAL,PWRWONPANXX01,2037,1268.0
GLOBAL,PWRWONPANXX01,2038,1262.0
GLOBAL,PWRWONPANXX01,2039,1256.0
GLOBAL,PWRWONPANXX01,2040,1250.0
GLOBAL,PWRWONPANXX01,2041,1250.0
GLOBAL,PWRWONPANXX01,2042,1250.0
GLOBAL,PWRWONPANXX01,2043,1250.0
GLOBAL,PWRWONPANXX01,2044,1250.0
GLOBAL,PWRWONPANXX01,2045,1250.0
GLOBAL,PWRWONPANXX01,2046,1250.0
GLOBAL,PWRWONPANXX01,2047,1250.0
GLOBAL,PWRWONPANXX01,2048,1250.0
GLOBAL,PWRWONPANXX01,2049,1250.0
GLOBAL,PWRWONPANXX01,2050,1250.0
GLOBAL,TRNCRIXXPANXX,2021,419.127
GLOBAL,TRNCRIXXPANXX,2022,419.127
GLOBAL,TRNCRIXXPANXX,2023,419.127
GLOBAL,TRNCRIXXPANXX,2024,419.127
GLOBAL,TRNCRIXXPANXX,2025,419.127
GLOBAL,TRNCRIXXPANXX,2026,419.127
GLOBAL,TRNCRIXXPANXX,2027,419.127
GLOBAL,TRNCRIXXPANXX,2028,419.127
GLOBAL,TRNCRIXXPANXX,2029,419.127
GLOBAL,TRNCRIXXPANXX,2030,419.127
GLOBAL,TRNCRIXXPANXX,2031,419.127
GLOBAL,TRNCRIXXPANXX,2032,419.127
GLOBAL,TRNCRIXXPANXX,2033,419.127
GLOBAL,TRNCRIXXPANXX,2034,419.127
GLOBAL,TRNCRIXXPANXX,2035,419.127
GLOBAL,TRNCRIXXPANXX,2036,419.127
GLOBAL,TRNCRIXXPANXX,2037,419.127
GLOBAL,TRNCRIXXPANXX,2038,419.127
GLOBAL,TRNCRIXXPANXX,2039,419.127
GLOBAL,TRNCRIXXPANXX,2040,419.127
GLOBAL,TRNCRIXXPANXX,2041,419.127
GLOBAL,TRNCRIXXPANXX,2042,419.127
GLOBAL,TRNCRIXXPANXX,2043,419.127
GLOBAL,TRNCRIXXPANXX,2044,419.127
GLOBAL,TRNCRIXXPANXX,2045,419.127
GLOBAL,TRNCRIXXPANXX,2046,419.127
GLOBAL,TRNCRIXXPANXX,2047,419.127
GLOBAL,TRNCRIXXPANXX,2048,419.127
GLOBAL,TRNCRIXXPANXX,2049,419.127
GLOBAL,TRNCRIXXPANXX,2050,419.127
