REGION,TECHNOLOGY,FUEL,MODE_OF_OPERATION,YEAR,VALUE
GLOBAL,PWRCCGCRIXX00,GASCRI,1,2021,2.55
GLOBAL,PWRCCGCRIXX00,GASCRI,1,2022,2.55
GLOBAL,PWRCCGCRIXX00,GASCRI,1,2023,2.55
GLOBAL,PWRCCGCRIXX00,GASCRI,1,2024,2.55
GLOBAL,PWRCCGCRIXX00,GASCRI,1,2025,2.55
GLOBAL,PWRCCGCRIXX00,GASCRI,1,2026,2.55
GLOBAL,PWRCCGCRIXX00,GASCRI,1,2027,2.55
GLOBAL,PWRCCGCRIXX00,GASCRI,1,2028,2.55
GLOBAL,PWRCCGCRIXX00,GASCRI,1,2029,2.55
GLOBAL,PWRCCGCRIXX00,GASCRI,1,2030,2.55
GLOBAL,PWRCCGCRIXX00,GASCRI,1,2031,2.55
GLOBAL,PWRCCGCRIXX00,GASCRI,1,2032,2.55
GLOBAL,PWRCCGCRIXX00,GASCRI,1,2033,2.55
GLOBAL,PWRCCGCRIXX00,GASCRI,1,2034,2.55
GLOBAL,PWRCCGCRIXX00,GASCRI,1,2035,2.55
GLOBAL,PWRCCGCRIXX00,GASCRI,1,2036,2.55
GLOBAL,PWRCCGCRIXX00,GASCRI,1,2037,2.55
GLOBAL,PWRCCGCRIXX00,GASCRI,1,2038,2.55
GLOBAL,PWRCCGCRIXX00,GASCRI,1,2039,2.55
GLOBAL,PWRCCGCRIXX00,GASCRI,1,2040,2.55
GLOBAL,PWRCCGCRIXX00,GASCRI,1,2041,2.55
GLOBAL,PWRCCGCRIXX00,GASCRI,1,2042,2.55
GLOBAL,PWRCCGCRIXX00,GASCRI,1,2043,2.55
GLOBAL,PWRCCGCRIXX00,GASCRI,1,2044,2.55
GLOBAL,PWRCCGCRIXX00,GASCRI,1,2045,2.55
GLOBAL,PWRCCGCRIXX00,GASCRI,1,2046,2.55
GLOBAL,PWRCCGCRIXX00,GASCRI,1,2047,2.55
GLOBAL,PWRCCGCRIXX00,GASCRI,1,2048,2.55
GLOBAL,PWRCCGCRIXX00,GASCRI,1,2049,2.55
GLOBAL,PWRCCGCRIXX00,GASCRI,1,2050,2.55
GLOBAL,PWRCCGCRIXX00,GASINT,2,2021,2.55
GLOBAL,PWRCCGCRIXX00,GASINT,2,2022,2.55
GLOBAL,PWRCCGCRIXX00,GASINT,2,2023,2.55
GLOBAL,PWRCCGCRIXX00,GASINT,2,2024,2.55
GLOBAL,PWRCCGCRIXX00,GASINT,2,2025,2.55
GLOBAL,PWRCCGCRIXX00,GASINT,2,2026,2.55
GLOBAL,PWRCCGCRIXX00,GASINT,2,2027,2.55
GLOBAL,PWRCCGCRIXX00,GASINT,2,2028,2.55
GLOBAL,PWRCCGCRIXX00,GASINT,2,2029,2.55
GLOBAL,PWRCCGCRIXX00,GASINT,2,2030,2.55
GLOBAL,PWRCCGCRIXX00,GASINT,2,2031,2.55
GLOBAL,PWRCCGCRIXX00,GASINT,2,2032,2.55
GLOBAL,PWRCCGCRIXX00,GASINT,2,2033,2.55
GLOBAL,PWRCCGCRIXX00,GASINT,2,2034,2.55
GLOBAL,PWRCCGCRIXX00,GASINT,2,2035,2.55
GLOBAL,PWRCCGCRIXX00,GASINT,2,2036,2.55
GLOBAL,PWRCCGCRIXX00,GASINT,2,2037,2.55
GLOBAL,PWRCCGCRIXX00,GASINT,2,2038,2.55
GLOBAL,PWRCCGCRIXX00,GASINT,2,2039,2.55
GLOBAL,PWRCCGCRIXX00,GASINT,2,2040,2.55
GLOBAL,PWRCCGCRIXX00,GASINT,2,2041,2.55
GLOBAL,PWRCCGCRIXX00,GASINT,2,2042,2.55
GLOBAL,PWRCCGCRIXX00,GASINT,2,2043,2.55
GLOBAL,PWRCCGCRIXX00,GASINT,2,2044,2.55
GLOBAL,PWRCCGCRIXX00,GASINT,2,2045,2.55
GLOBAL,PWRCCGCRIXX00,GASINT,2,2046,2.55
GLOBAL,PWRCCGCRIXX00,GASINT,2,2047,2.55
GLOBAL,PWRCCGCRIXX00,GASINT,2,2048,2.55
GLOBAL,PWRCCGCRIXX00,GASINT,2,2049,2.55
GLOBAL,PWRCCGCRIXX00,GASINT,2,2050,2.55
GLOBAL,PWROCGCRIXX00,GASCRI,1,2021,2.99
GLOBAL,PWROCGCRIXX00,GASCRI,1,2022,2.99
GLOBAL,PWROCGCRIXX00,GASCRI,1,2023,2.99
GLOBAL,PWROCGCRIXX00,GASCRI,1,2024,2.99
GLOBAL,PWROCGCRIXX00,GASCRI,1,2025,2.99
GLOBAL,PWROCGCRIXX00,GASCRI,1,2026,2.99
GLOBAL,PWROCGCRIXX00,GASCRI,1,2027,2.99
GLOBAL,PWROCGCRIXX00,GASCRI,1,2028,2.99
GLOBAL,PWROCGCRIXX00,GASCRI,1,2029,2.99
GLOBAL,PWROCGCRIXX00,GASCRI,1,2030,2.99
GLOBAL,PWROCGCRIXX00,GASCRI,1,2031,2.99
GLOBAL,PWROCGCRIXX00,GASCRI,1,2032,2.99
GLOBAL,PWROCGCRIXX00,GASCRI,1,2033,2.99
GLOBAL,PWROCGCRIXX00,GASCRI,1,2034,2.99
GLOBAL,PWROCGCRIXX00,GASCRI,1,2035,2.99
GLOBAL,PWROCGCRIXX00,GASCRI,1,2036,2.99
GLOBAL,PWROCGCRIXX00,GASCRI,1,2037,2.99
GLOBAL,PWROCGCRIXX00,GASCRI,1,2038,2.99
GLOBAL,PWROCGCRIXX00,GASCRI,1,2039,2.99
GLOBAL,PWROCGCRIXX00,GASCRI,1,2040,2.99
GLOBAL,PWROCGCRIXX00,GASCRI,1,2041,2.99
GLOBAL,PWROCGCRIXX00,GASCRI,1,2042,2.99
GLOBAL,PWROCGCRIXX00,GASCRI,1,2043,2.99
GLOBAL,PWROCGCRIXX00,GASCRI,1,2044,2.99
GLOBAL,PWROCGCRIXX00,GASCRI,1,2045,2.99
GLOBAL,PWROCGCRIXX00,GASCRI,1,2046,2.99
GLOBAL,PWROCGCRIXX00,GASCRI,1,2047,2.99
GLOBAL,PWROCGCRIXX00,GASCRI,1,2048,2.99
GLOBAL,PWROCGCRIXX00,GASCRI,1,2049,2.99
GLOBAL,PWROCGCRIXX00,GASCRI,1,2050,2.99
GLOBAL,PWROCGCRIXX00,GASINT,2,2021,2.99
GLOBAL,PWROCGCRIXX00,GASINT,2,2022,2.99
GLOBAL,PWROCGCRIXX00,GASINT,2,2023,2.99
GLOBAL,PWROCGCRIXX00,GASINT,2,2024,2.99
GLOBAL,PWROCGCRIXX00,GASINT,2,2025,2.99
GLOBAL,PWROCGCRIXX00,GASINT,2,2026,2.99
GLOBAL,PWROCGCRIXX00,GASINT,2,2027,2.99
GLOBAL,PWROCGCRIXX00,GASINT,2,2028,2.99
GLOBAL,PWROCGCRIXX00,GASINT,2,2029,2.99
GLOBAL,PWROCGCRIXX00,GASINT,2,2030,2.99
GLOBAL,PWROCGCRIXX00,GASINT,2,2031,2.99
GLOBAL,PWROCGCRIXX00,GASINT,2,2032,2.99
GLOBAL,PWROCGCRIXX00,GASINT,2,2033,2.99
GLOBAL,PWROCGCRIXX00,GASINT,2,2034,2.99
GLOBAL,PWROCGCRIXX00,GASINT,2,2035,2.99
GLOBAL,PWROCGCRIXX00,GASINT,2,2036,2.99
GLOBAL,PWROCGCRIXX00,GASINT,2,2037,2.99
GLOBAL,PWROCGCRIXX00,GASINT,2,2038,2.99
GLOBAL,PWROCGCRIXX00,GASINT,2,2039,2.99
GLOBAL,PWROCGCRIXX00,GASINT,2,2040,2.99
GLOBAL,PWROCGCRIXX00,GASINT,2,2041,2.99
GLOBAL,PWROCGCRIXX00,GASINT,2,2042,2.99
GLOBAL,PWROCGCRIXX00,GASINT,2,2043,2.99
GLOBAL,PWROCGCRIXX00,GASINT,2,2044,2.99
GLOBAL,PWROCGCRIXX00,GASINT,2,2045,2.99
GLOBAL,PWROCGCRIXX00,GASINT,2,2046,2.99
GLOBAL,PWROCGCRIXX00,GASINT,2,2047,2.99
GLOBAL,PWROCGCRIXX00,GASINT,2,2048,2.99
GLOBAL,PWROCGCRIXX00,GASINT,2,2049,2.99
GLOBAL,PWROCGCRIXX00,GASINT,2,2050,2.99
GLOBAL,PWRHYDCRIXX01,HYDCRIXX,1,2021,1.0
GLOBAL,PWRHYDCRIXX01,HYDCRIXX,1,2022,1.0
GLOBAL,PWRHYDCRIXX01,HYDCRIXX,1,2023,1.0
GLOBAL,PWRHYDCRIXX01,HYDCRIXX,1,2024,1.0
GLOBAL,PWRHYDCRIXX01,HYDCRIXX,1,2025,1.0
GLOBAL,PWRHYDCRIXX01,HYDCRIXX,1,2026,1.0
GLOBAL,PWRHYDCRIXX01,HYDCRIXX,1,2027,1.0
GLOBAL,PWRHYDCRIXX01,HYDCRIXX,1,2028,1.0
GLOBAL,PWRHYDCRIXX01,HYDCRIXX,1,2029,1.0
GLOBAL,PWRHYDCRIXX01,HYDCRIXX,1,2030,1.0
GLOBAL,PWRHYDCRIXX01,HYDCRIXX,1,2031,1.0
GLOBAL,PWRHYDCRIXX01,HYDCRIXX,1,2032,1.0
GLOBAL,PWRHYDCRIXX01,HYDCRIXX,1,2033,1.0
GLOBAL,PWRHYDCRIXX01,HYDCRIXX,1,2034,1.0
GLOBAL,PWRHYDCRIXX01,HYDCRIXX,1,2035,1.0
GLOBAL,PWRHYDCRIXX01,HYDCRIXX,1,2036,1.0
GLOBAL,PWRHYDCRIXX01,HYDCRIXX,1,2037,1.0
GLOBAL,PWRHYDCRIXX01,HYDCRIXX,1,2038,1.0
GLOBAL,PWRHYDCRIXX01,HYDCRIXX,1,2039,1.0
GLOBAL,PWRHYDCRIXX01,HYDCRIXX,1,2040,1.0
GLOBAL,PWRHYDCRIXX01,HYDCRIXX,1,2041,1.0
GLOBAL,PWRHYDCRIXX01,HYDCRIXX,1,2042,1.0
GLOBAL,PWRHYDCRIXX01,HYDCRIXX,1,2043,1.0
GLOBAL,PWRHYDCRIXX01,HYDCRIXX,1,2044,1.0
GLOBAL,PWRHYDCRIXX01,HYDCRIXX,1,2045,1.0
GLOBAL,PWRHYDCRIXX01,HYDCRIXX,1,2046,1.0
GLOBAL,PWRHYDCRIXX01,HYDCRIXX,1,2047,1.0
GLOBAL,PWRHYDCRIXX01,HYDCRIXX,1,2048,1.0
GLOBAL,PWRHYDCRIXX01,HYDCRIXX,1,2049,1.0
GLOBAL,PWRHYDCRIXX01,HYDCRIXX,1,2050,1.0
GLOBAL,PWROILCRIXX01,OILCRI,1,2021,2.85
GLOBAL,PWROILCRIXX01,OILCRI,1,2022,2.85
GLOBAL,PWROILCRIXX01,OILCRI,1,2023,2.85
GLOBAL,PWROILCRIXX01,OILCRI,1,2024,2.85
GLOBAL,PWROILCRIXX01,OILCRI,1,2025,2.85
GLOBAL,PWROILCRIXX01,OILCRI,1,2026,2.85
GLOBAL,PWROILCRIXX01,OILCRI,1,2027,2.85
GLOBAL,PWROILCRIXX01,OILCRI,1,2028,2.85
GLOBAL,PWROILCRIXX01,OILCRI,1,2029,2.85
GLOBAL,PWROILCRIXX01,OILCRI,1,2030,2.85
GLOBAL,PWROILCRIXX01,OILCRI,1,2031,2.85
GLOBAL,PWROILCRIXX01,OILCRI,1,2032,2.85
GLOBAL,PWROILCRIXX01,OILCRI,1,2033,2.85
GLOBAL,PWROILCRIXX01,OILCRI,1,2034,2.85
GLOBAL,PWROILCRIXX01,OILCRI,1,2035,2.85
GLOBAL,PWROILCRIXX01,OILCRI,1,2036,2.85
GLOBAL,PWROILCRIXX01,OILCRI,1,2037,2.85
GLOBAL,PWROILCRIXX01,OILCRI,1,2038,2.85
GLOBAL,PWROILCRIXX01,OILCRI,1,2039,2.85
GLOBAL,PWROILCRIXX01,OILCRI,1,2040,2.85
GLOBAL,PWROILCRIXX01,OILCRI,1,2041,2.85
GLOBAL,PWROILCRIXX01,OILCRI,1,2042,2.85
GLOBAL,PWROILCRIXX01,OILCRI,1,2043,2.85
GLOBAL,PWROILCRIXX01,OILCRI,1,2044,2.85
GLOBAL,PWROILCRIXX01,OILCRI,1,2045,2.85
GLOBAL,PWROILCRIXX01,OILCRI,1,2046,2.85
GLOBAL,PWROILCRIXX01,OILCRI,1,2047,2.85
GLOBAL,PWROILCRIXX01,OILCRI,1,2048,2.85
GLOBAL,PWROILCRIXX01,OILCRI,1,2049,2.85
GLOBAL,PWROILCRIXX01,OILCRI,1,2050,2.85
GLOBAL,PWROILCRIXX01,OILINT,2,2021,2.85
GLOBAL,PWROILCRIXX01,OILINT,2,2022,2.85
GLOBAL,PWROILCRIXX01,OILINT,2,2023,2.85
GLOBAL,PWROILCRIXX01,OILINT,2,2024,2.85
GLOBAL,PWROILCRIXX01,OILINT,2,2025,2.85
GLOBAL,PWROILCRIXX01,OILINT,2,2026,2.85
GLOBAL,PWROILCRIXX01,OILINT,2,2027,2.85
GLOBAL,PWROILCRIXX01,OILINT,2,2028,2.85
GLOBAL,PWROILCRIXX01,OILINT,2,2029,2.85
GLOBAL,PWROILCRIXX01,OILINT,2,2030,2.85
GLOBAL,PWROILCRIXX01,OILINT,2,2031,2.85
GLOBAL,PWROILCRIXX01,OILINT,2,2032,2.85
GLOBAL,PWROILCRIXX01,OILINT,2,2033,2.85
GLOBAL,PWROILCRIXX01,OILINT,2,2034,2.85
GLOBAL,PWROILCRIXX01,OILINT,2,2035,2.85
GLOBAL,PWROILCRIXX01,OILINT,2,2036,2.85
GLOBAL,PWROILCRIXX01,OILINT,2,2037,2.85
GLOBAL,PWROILCRIXX01,OILINT,2,2038,2.85
GLOBAL,PWROILCRIXX01,OILINT,2,2039,2.85
GLOBAL,PWROILCRIXX01,OILINT,2,2040,2.85
GLOBAL,PWROILCRIXX01,OILINT,2,2041,2.85
GLOBAL,PWROILCRIXX01,OILINT,2,2042,2.85
GLOBAL,PWROILCRIXX01,OILINT,2,2043,2.85
GLOBAL,PWROILCRIXX01,OILINT,2,2044,2.85
GLOBAL,PWROILCRIXX01,OILINT,2,2045,2.85
GLOBAL,PWROILCRIXX01,OILINT,2,2046,2.85
GLOBAL,PWROILCRIXX01,OILINT,2,2047,2.85
GLOBAL,PWROILCRIXX01,OILINT,2,2048,2.85
GLOBAL,PWROILCRIXX01,OILINT,2,2049,2.85
GLOBAL,PWROILCRIXX01,OILINT,2,2050,2.85
GLOBAL,PWRSPVCRIXX01,SPVCRIXX,1,2021,1.0
GLOBAL,PWRSPVCRIXX01,SPVCRIXX,1,2022,1.0
GLOBAL,PWRSPVCRIXX01,SPVCRIXX,1,2023,1.0
GLOBAL,PWRSPVCRIXX01,SPVCRIXX,1,2024,1.0
GLOBAL,PWRSPVCRIXX01,SPVCRIXX,1,2025,1.0
GLOBAL,PWRSPVCRIXX01,SPVCRIXX,1,2026,1.0
GLOBAL,PWRSPVCRIXX01,SPVCRIXX,1,2027,1.0
GLOBAL,PWRSPVCRIXX01,SPVCRIXX,1,2028,1.0
GLOBAL,PWRSPVCRIXX01,SPVCRIXX,1,2029,1.0
GLOBAL,PWRSPVCRIXX01,SPVCRIXX,1,2030,1.0
GLOBAL,PWRSPVCRIXX01,SPVCRIXX,1,2031,1.0
GLOBAL,PWRSPVCRIXX01,SPVCRIXX,1,2032,1.0
GLOBAL,PWRSPVCRIXX01,SPVCRIXX,1,2033,1.0
GLOBAL,PWRSPVCRIXX01,SPVCRIXX,1,2034,1.0
GLOBAL,PWRSPVCRIXX01,SPVCRIXX,1,2035,1.0
GLOBAL,PWRSPVCRIXX01,SPVCRIXX,1,2036,1.0
GLOBAL,PWRSPVCRIXX01,SPVCRIXX,1,2037,1.0
GLOBAL,PWRSPVCRIXX01,SPVCRIXX,1,2038,1.0
GLOBAL,PWRSPVCRIXX01,SPVCRIXX,1,2039,1.0
GLOBAL,PWRSPVCRIXX01,SPVCRIXX,1,2040,1.0
GLOBAL,PWRSPVCRIXX01,SPVCRIXX,1,2041,1.0
GLOBAL,PWRSPVCRIXX01,SPVCRIXX,1,2042,1.0
GLOBAL,PWRSPVCRIXX01,SPVCRIXX,1,2043,1.0
GLOBAL,PWRSPVCRIXX01,SPVCRIXX,1,2044,1.0
GLOBAL,PWRSPVCRIXX01,SPVCRIXX,1,2045,1.0
GLOBAL,PWRSPVCRIXX01,SPVCRIXX,1,2046,1.0
GLOBAL,PWRSPVCRIXX01,SPVCRIXX,1,2047,1.0
GLOBAL,PWRSPVCRIXX01,SPVCRIXX,1,2048,1.0
GLOBAL,PWRSPVCRIXX01,SPVCRIXX,1,2049,1.0
GLOBAL,PWRSPVCRIXX01,SPVCRIXX,1,2050,1.0
GLOBAL,PWROTHCRIXX01,OTHCRI,1,2021,1.0
GLOBAL,PWROTHCRIXX01,OTHCRI,1,2022,1.0
GLOBAL,PWROTHCRIXX01,OTHCRI,1,2023,1.0
GLOBAL,PWROTHCRIXX01,OTHCRI,1,2024,1.0
GLOBAL,PWROTHCRIXX01,OTHCRI,1,2025,1.0
GLOBAL,PWROTHCRIXX01,OTHCRI,1,2026,1.0
GLOBAL,PWROTHCRIXX01,OTHCRI,1,2027,1.0
GLOBAL,PWROTHCRIXX01,OTHCRI,1,2028,1.0
GLOBAL,PWROTHCRIXX01,OTHCRI,1,2029,1.0
GLOBAL,PWROTHCRIXX01,OTHCRI,1,2030,1.0
GLOBAL,PWROTHCRIXX01,OTHCRI,1,2031,1.0
GLOBAL,PWROTHCRIXX01,OTHCRI,1,2032,1.0
GLOBAL,PWROTHCRIXX01,OTHCRI,1,2033,1.0
GLOBAL,PWROTHCRIXX01,OTHCRI,1,2034,1.0
GLOBAL,PWROTHCRIXX01,OTHCRI,1,2035,1.0
GLOBAL,PWROTHCRIXX01,OTHCRI,1,2036,1.0
GLOBAL,PWROTHCRIXX01,OTHCRI,1,2037,1.0
GLOBAL,PWROTHCRIXX01,OTHCRI,1,2038,1.0
GLOBAL,PWROTHCRIXX01,OTHCRI,1,2039,1.0
GLOBAL,PWROTHCRIXX01,OTHCRI,1,2040,1.0
GLOBAL,PWROTHCRIXX01,OTHCRI,1,2041,1.0
GLOBAL,PWROTHCRIXX01,OTHCRI,1,2042,1.0
GLOBAL,PWROTHCRIXX01,OTHCRI,1,2043,1.0
GLOBAL,PWROTHCRIXX01,OTHCRI,1,2044,1.0
GLOBAL,PWROTHCRIXX01,OTHCRI,1,2045,1.0
GLOBAL,PWROTHCRIXX01,OTHCRI,1,2046,1.0
GLOBAL,PWROTHCRIXX01,OTHCRI,1,2047,1.0
GLOBAL,PWROTHCRIXX01,OTHCRI,1,2048,1.0
GLOBAL,PWROTHCRIXX01,OTHCRI,1,2049,1.0
GLOBAL,PWROTHCRIXX01,OTHCRI,1,2050,1.0
GLOBAL,PWROTHCRIXX01,OTHINT,2,2021,1.0
GLOBAL,PWROTHCRIXX01,OTHINT,2,2022,1.0
GLOBAL,PWROTHCRIXX01,OTHINT,2,2023,1.0
GLOBAL,PWROTHCRIXX01,OTHINT,2,2024,1.0
GLOBAL,PWROTHCRIXX01,OTHINT,2,2025,1.0
GLOBAL,PWROTHCRIXX01,OTHINT,2,2026,1.0
GLOBAL,PWROTHCRIXX01,OTHINT,2,2027,1.0
GLOBAL,PWROTHCRIXX01,OTHINT,2,2028,1.0
GLOBAL,PWROTHCRIXX01,OTHINT,2,2029,1.0
GLOBAL,PWROTHCRIXX01,OTHINT,2,2030,1.0
GLOBAL,PWROTHCRIXX01,OTHINT,2,2031,1.0
GLOBAL,PWROTHCRIXX01,OTHINT,2,2032,1.0
GLOBAL,PWROTHCRIXX01,OTHINT,2,2033,1.0
GLOBAL,PWROTHCRIXX01,OTHINT,2,2034,1.0
GLOBAL,PWROTHCRIXX01,OTHINT,2,2035,1.0
GLOBAL,PWROTHCRIXX01,OTHINT,2,2036,1.0
GLOBAL,PWROTHCRIXX01,OTHINT,2,2037,1.0
GLOBAL,PWROTHCRIXX01,OTHINT,2,2038,1.0
GLOBAL,PWROTHCRIXX01,OTHINT,2,2039,1.0
GLOBAL,PWROTHCRIXX01,OTHINT,2,2040,1.0
GLOBAL,PWROTHCRIXX01,OTHINT,2,2041,1.0
GLOBAL,PWROTHCRIXX01,OTHINT,2,2042,1.0
GLOBAL,PWROTHCRIXX01,OTHINT,2,2043,1.0
GLOBAL,PWROTHCRIXX01,OTHINT,2,2044,1.0
GLOBAL,PWROTHCRIXX01,OTHINT,2,2045,1.0
GLOBAL,PWROTHCRIXX01,OTHINT,2,2046,1.0
GLOBAL,PWROTHCRIXX01,OTHINT,2,2047,1.0
GLOBAL,PWROTHCRIXX01,OTHINT,2,2048,1.0
GLOBAL,PWROTHCRIXX01,OTHINT,2,2049,1.0
GLOBAL,PWROTHCRIXX01,OTHINT,2,2050,1.0
GLOBAL,PWRCSPCRIXX01,CSPCRIXX,1,2021,1.0
GLOBAL,PWRCSPCRIXX01,CSPCRIXX,1,2022,1.0
GLOBAL,PWRCSPCRIXX01,CSPCRIXX,1,2023,1.0
GLOBAL,PWRCSPCRIXX01,CSPCRIXX,1,2024,1.0
GLOBAL,PWRCSPCRIXX01,CSPCRIXX,1,2025,1.0
GLOBAL,PWRCSPCRIXX01,CSPCRIXX,1,2026,1.0
GLOBAL,PWRCSPCRIXX01,CSPCRIXX,1,2027,1.0
GLOBAL,PWRCSPCRIXX01,CSPCRIXX,1,2028,1.0
GLOBAL,PWRCSPCRIXX01,CSPCRIXX,1,2029,1.0
GLOBAL,PWRCSPCRIXX01,CSPCRIXX,1,2030,1.0
GLOBAL,PWRCSPCRIXX01,CSPCRIXX,1,2031,1.0
GLOBAL,PWRCSPCRIXX01,CSPCRIXX,1,2032,1.0
GLOBAL,PWRCSPCRIXX01,CSPCRIXX,1,2033,1.0
GLOBAL,PWRCSPCRIXX01,CSPCRIXX,1,2034,1.0
GLOBAL,PWRCSPCRIXX01,CSPCRIXX,1,2035,1.0
GLOBAL,PWRCSPCRIXX01,CSPCRIXX,1,2036,1.0
GLOBAL,PWRCSPCRIXX01,CSPCRIXX,1,2037,1.0
GLOBAL,PWRCSPCRIXX01,CSPCRIXX,1,2038,1.0
GLOBAL,PWRCSPCRIXX01,CSPCRIXX,1,2039,1.0
GLOBAL,PWRCSPCRIXX01,CSPCRIXX,1,2040,1.0
GLOBAL,PWRCSPCRIXX01,CSPCRIXX,1,2041,1.0
GLOBAL,PWRCSPCRIXX01,CSPCRIXX,1,2042,1.0
GLOBAL,PWRCSPCRIXX01,CSPCRIXX,1,2043,1.0
GLOBAL,PWRCSPCRIXX01,CSPCRIXX,1,2044,1.0
GLOBAL,PWRCSPCRIXX01,CSPCRIXX,1,2045,1.0
GLOBAL,PWRCSPCRIXX01,CSPCRIXX,1,2046,1.0
GLOBAL,PWRCSPCRIXX01,CSPCRIXX,1,2047,1.0
GLOBAL,PWRCSPCRIXX01,CSPCRIXX,1,2048,1.0
GLOBAL,PWRCSPCRIXX01,CSPCRIXX,1,2049,1.0
GLOBAL,PWRCSPCRIXX01,CSPCRIXX,1,2050,1.0
GLOBAL,PWRBIOCRIXX01,BIOCRIXX,1,2021,3.6
GLOBAL,PWRBIOCRIXX01,BIOCRIXX,1,2022,3.6
GLOBAL,PWRBIOCRIXX01,BIOCRIXX,1,2023,3.6
GLOBAL,PWRBIOCRIXX01,BIOCRIXX,1,2024,3.6
GLOBAL,PWRBIOCRIXX01,BIOCRIXX,1,2025,3.6
GLOBAL,PWRBIOCRIXX01,BIOCRIXX,1,2026,3.6
GLOBAL,PWRBIOCRIXX01,BIOCRIXX,1,2027,3.6
GLOBAL,PWRBIOCRIXX01,BIOCRIXX,1,2028,3.6
GLOBAL,PWRBIOCRIXX01,BIOCRIXX,1,2029,3.6
GLOBAL,PWRBIOCRIXX01,BIOCRIXX,1,2030,3.6
GLOBAL,PWRBIOCRIXX01,BIOCRIXX,1,2031,3.6
GLOBAL,PWRBIOCRIXX01,BIOCRIXX,1,2032,3.6
GLOBAL,PWRBIOCRIXX01,BIOCRIXX,1,2033,3.6
GLOBAL,PWRBIOCRIXX01,BIOCRIXX,1,2034,3.6
GLOBAL,PWRBIOCRIXX01,BIOCRIXX,1,2035,3.6
GLOBAL,PWRBIOCRIXX01,BIOCRIXX,1,2036,3.6
GLOBAL,PWRBIOCRIXX01,BIOCRIXX,1,2037,3.6
GLOBAL,PWRBIOCRIXX01,BIOCRIXX,1,2038,3.6
GLOBAL,PWRBIOCRIXX01,BIOCRIXX,1,2039,3.6
GLOBAL,PWRBIOCRIXX01,BIOCRIXX,1,2040,3.6
GLOBAL,PWRBIOCRIXX01,BIOCRIXX,1,2041,3.6
GLOBAL,PWRBIOCRIXX01,BIOCRIXX,1,2042,3.6
GLOBAL,PWRBIOCRIXX01,BIOCRIXX,1,2043,3.6
GLOBAL,PWRBIOCRIXX01,BIOCRIXX,1,2044,3.6
GLOBAL,PWRBIOCRIXX01,BIOCRIXX,1,2045,3.6
GLOBAL,PWRBIOCRIXX01,BIOCRIXX,1,2046,3.6
GLOBAL,PWRBIOCRIXX01,BIOCRIXX,1,2047,3.6
GLOBAL,PWRBIOCRIXX01,BIOCRIXX,1,2048,3.6
GLOBAL,PWRBIOCRIXX01,BIOCRIXX,1,2049,3.6
GLOBAL,PWRBIOCRIXX01,BIOCRIXX,1,2050,3.6
GLOBAL,PWRCOACRIXX01,COACRI,1,2021,2.92
GLOBAL,PWRCOACRIXX01,COACRI,1,2022,2.92
GLOBAL,PWRCOACRIXX01,COACRI,1,2023,2.92
GLOBAL,PWRCOACRIXX01,COACRI,1,2024,2.92
GLOBAL,PWRCOACRIXX01,COACRI,1,2025,2.92
GLOBAL,PWRCOACRIXX01,COACRI,1,2026,2.92
GLOBAL,PWRCOACRIXX01,COACRI,1,2027,2.92
GLOBAL,PWRCOACRIXX01,COACRI,1,2028,2.92
GLOBAL,PWRCOACRIXX01,COACRI,1,2029,2.92
GLOBAL,PWRCOACRIXX01,COACRI,1,2030,2.92
GLOBAL,PWRCOACRIXX01,COACRI,1,2031,2.92
GLOBAL,PWRCOACRIXX01,COACRI,1,2032,2.92
GLOBAL,PWRCOACRIXX01,COACRI,1,2033,2.92
GLOBAL,PWRCOACRIXX01,COACRI,1,2034,2.92
GLOBAL,PWRCOACRIXX01,COACRI,1,2035,2.92
GLOBAL,PWRCOACRIXX01,COACRI,1,2036,2.92
GLOBAL,PWRCOACRIXX01,COACRI,1,2037,2.92
GLOBAL,PWRCOACRIXX01,COACRI,1,2038,2.92
GLOBAL,PWRCOACRIXX01,COACRI,1,2039,2.92
GLOBAL,PWRCOACRIXX01,COACRI,1,2040,2.92
GLOBAL,PWRCOACRIXX01,COACRI,1,2041,2.92
GLOBAL,PWRCOACRIXX01,COACRI,1,2042,2.92
GLOBAL,PWRCOACRIXX01,COACRI,1,2043,2.92
GLOBAL,PWRCOACRIXX01,COACRI,1,2044,2.92
GLOBAL,PWRCOACRIXX01,COACRI,1,2045,2.92
GLOBAL,PWRCOACRIXX01,COACRI,1,2046,2.92
GLOBAL,PWRCOACRIXX01,COACRI,1,2047,2.92
GLOBAL,PWRCOACRIXX01,COACRI,1,2048,2.92
GLOBAL,PWRCOACRIXX01,COACRI,1,2049,2.92
GLOBAL,PWRCOACRIXX01,COACRI,1,2050,2.92
GLOBAL,PWRCOACRIXX01,COAINT,2,2021,2.92
GLOBAL,PWRCOACRIXX01,COAINT,2,2022,2.92
GLOBAL,PWRCOACRIXX01,COAINT,2,2023,2.92
GLOBAL,PWRCOACRIXX01,COAINT,2,2024,2.92
GLOBAL,PWRCOACRIXX01,COAINT,2,2025,2.92
GLOBAL,PWRCOACRIXX01,COAINT,2,2026,2.92
GLOBAL,PWRCOACRIXX01,COAINT,2,2027,2.92
GLOBAL,PWRCOACRIXX01,COAINT,2,2028,2.92
GLOBAL,PWRCOACRIXX01,COAINT,2,2029,2.92
GLOBAL,PWRCOACRIXX01,COAINT,2,2030,2.92
GLOBAL,PWRCOACRIXX01,COAINT,2,2031,2.92
GLOBAL,PWRCOACRIXX01,COAINT,2,2032,2.92
GLOBAL,PWRCOACRIXX01,COAINT,2,2033,2.92
GLOBAL,PWRCOACRIXX01,COAINT,2,2034,2.92
GLOBAL,PWRCOACRIXX01,COAINT,2,2035,2.92
GLOBAL,PWRCOACRIXX01,COAINT,2,2036,2.92
GLOBAL,PWRCOACRIXX01,COAINT,2,2037,2.92
GLOBAL,PWRCOACRIXX01,COAINT,2,2038,2.92
GLOBAL,PWRCOACRIXX01,COAINT,2,2039,2.92
GLOBAL,PWRCOACRIXX01,COAINT,2,2040,2.92
GLOBAL,PWRCOACRIXX01,COAINT,2,2041,2.92
GLOBAL,PWRCOACRIXX01,COAINT,2,2042,2.92
GLOBAL,PWRCOACRIXX01,COAINT,2,2043,2.92
GLOBAL,PWRCOACRIXX01,COAINT,2,2044,2.92
GLOBAL,PWRCOACRIXX01,COAINT,2,2045,2.92
GLOBAL,PWRCOACRIXX01,COAINT,2,2046,2.92
GLOBAL,PWRCOACRIXX01,COAINT,2,2047,2.92
GLOBAL,PWRCOACRIXX01,COAINT,2,2048,2.92
GLOBAL,PWRCOACRIXX01,COAINT,2,2049,2.92
GLOBAL,PWRCOACRIXX01,COAINT,2,2050,2.92
GLOBAL,PWRURNCRIXX01,URNCRI,1,2021,2.22
GLOBAL,PWRURNCRIXX01,URNCRI,1,2022,2.22
GLOBAL,PWRURNCRIXX01,URNCRI,1,2023,2.22
GLOBAL,PWRURNCRIXX01,URNCRI,1,2024,2.22
GLOBAL,PWRURNCRIXX01,URNCRI,1,2025,2.22
GLOBAL,PWRURNCRIXX01,URNCRI,1,2026,2.22
GLOBAL,PWRURNCRIXX01,URNCRI,1,2027,2.22
GLOBAL,PWRURNCRIXX01,URNCRI,1,2028,2.22
GLOBAL,PWRURNCRIXX01,URNCRI,1,2029,2.22
GLOBAL,PWRURNCRIXX01,URNCRI,1,2030,2.22
GLOBAL,PWRURNCRIXX01,URNCRI,1,2031,2.22
GLOBAL,PWRURNCRIXX01,URNCRI,1,2032,2.22
GLOBAL,PWRURNCRIXX01,URNCRI,1,2033,2.22
GLOBAL,PWRURNCRIXX01,URNCRI,1,2034,2.22
GLOBAL,PWRURNCRIXX01,URNCRI,1,2035,2.22
GLOBAL,PWRURNCRIXX01,URNCRI,1,2036,2.22
GLOBAL,PWRURNCRIXX01,URNCRI,1,2037,2.22
GLOBAL,PWRURNCRIXX01,URNCRI,1,2038,2.22
GLOBAL,PWRURNCRIXX01,URNCRI,1,2039,2.22
GLOBAL,PWRURNCRIXX01,URNCRI,1,2040,2.22
GLOBAL,PWRURNCRIXX01,URNCRI,1,2041,2.22
GLOBAL,PWRURNCRIXX01,URNCRI,1,2042,2.22
GLOBAL,PWRURNCRIXX01,URNCRI,1,2043,2.22
GLOBAL,PWRURNCRIXX01,URNCRI,1,2044,2.22
GLOBAL,PWRURNCRIXX01,URNCRI,1,2045,2.22
GLOBAL,PWRURNCRIXX01,URNCRI,1,2046,2.22
GLOBAL,PWRURNCRIXX01,URNCRI,1,2047,2.22
GLOBAL,PWRURNCRIXX01,URNCRI,1,2048,2.22
GLOBAL,PWRURNCRIXX01,URNCRI,1,2049,2.22
GLOBAL,PWRURNCRIXX01,URNCRI,1,2050,2.22
GLOBAL,PWRURNCRIXX01,URNINT,2,2021,2.22
GLOBAL,PWRURNCRIXX01,URNINT,2,2022,2.22
GLOBAL,PWRURNCRIXX01,URNINT,2,2023,2.22
GLOBAL,PWRURNCRIXX01,URNINT,2,2024,2.22
GLOBAL,PWRURNCRIXX01,URNINT,2,2025,2.22
GLOBAL,PWRURNCRIXX01,URNINT,2,2026,2.22
GLOBAL,PWRURNCRIXX01,URNINT,2,2027,2.22
GLOBAL,PWRURNCRIXX01,URNINT,2,2028,2.22
GLOBAL,PWRURNCRIXX01,URNINT,2,2029,2.22
GLOBAL,PWRURNCRIXX01,URNINT,2,2030,2.22
GLOBAL,PWRURNCRIXX01,URNINT,2,2031,2.22
GLOBAL,PWRURNCRIXX01,URNINT,2,2032,2.22
GLOBAL,PWRURNCRIXX01,URNINT,2,2033,2.22
GLOBAL,PWRURNCRIXX01,URNINT,2,2034,2.22
GLOBAL,PWRURNCRIXX01,URNINT,2,2035,2.22
GLOBAL,PWRURNCRIXX01,URNINT,2,2036,2.22
GLOBAL,PWRURNCRIXX01,URNINT,2,2037,2.22
GLOBAL,PWRURNCRIXX01,URNINT,2,2038,2.22
GLOBAL,PWRURNCRIXX01,URNINT,2,2039,2.22
GLOBAL,PWRURNCRIXX01,URNINT,2,2040,2.22
GLOBAL,PWRURNCRIXX01,URNINT,2,2041,2.22
GLOBAL,PWRURNCRIXX01,URNINT,2,2042,2.22
GLOBAL,PWRURNCRIXX01,URNINT,2,2043,2.22
GLOBAL,PWRURNCRIXX01,URNINT,2,2044,2.22
GLOBAL,PWRURNCRIXX01,URNINT,2,2045,2.22
GLOBAL,PWRURNCRIXX01,URNINT,2,2046,2.22
GLOBAL,PWRURNCRIXX01,URNINT,2,2047,2.22
GLOBAL,PWRURNCRIXX01,URNINT,2,2048,2.22
GLOBAL,PWRURNCRIXX01,URNINT,2,2049,2.22
GLOBAL,PWRURNCRIXX01,URNINT,2,2050,2.22
GLOBAL,PWRWONCRIXX01,WONCRIXX,1,2021,1.0
GLOBAL,PWRWONCRIXX01,WONCRIXX,1,2022,1.0
GLOBAL,PWRWONCRIXX01,WONCRIXX,1,2023,1.0
GLOBAL,PWRWONCRIXX01,WONCRIXX,1,2024,1.0
GLOBAL,PWRWONCRIXX01,WONCRIXX,1,2025,1.0
GLOBAL,PWRWONCRIXX01,WONCRIXX,1,2026,1.0
GLOBAL,PWRWONCRIXX01,WONCRIXX,1,2027,1.0
GLOBAL,PWRWONCRIXX01,WONCRIXX,1,2028,1.0
GLOBAL,PWRWONCRIXX01,WONCRIXX,1,2029,1.0
GLOBAL,PWRWONCRIXX01,WONCRIXX,1,2030,1.0
GLOBAL,PWRWONCRIXX01,WONCRIXX,1,2031,1.0
GLOBAL,PWRWONCRIXX01,WONCRIXX,1,2032,1.0
GLOBAL,PWRWONCRIXX01,WONCRIXX,1,2033,1.0
GLOBAL,PWRWONCRIXX01,WONCRIXX,1,2034,1.0
GLOBAL,PWRWONCRIXX01,WONCRIXX,1,2035,1.0
GLOBAL,PWRWONCRIXX01,WONCRIXX,1,2036,1.0
GLOBAL,PWRWONCRIXX01,WONCRIXX,1,2037,1.0
GLOBAL,PWRWONCRIXX01,WONCRIXX,1,2038,1.0
GLOBAL,PWRWONCRIXX01,WONCRIXX,1,2039,1.0
GLOBAL,PWRWONCRIXX01,WONCRIXX,1,2040,1.0
GLOBAL,PWRWONCRIXX01,WONCRIXX,1,2041,1.0
GLOBAL,PWRWONCRIXX01,WONCRIXX,1,2042,1.0
GLOBAL,PWRWONCRIXX01,WONCRIXX,1,2043,1.0
GLOBAL,PWRWONCRIXX01,WONCRIXX,1,2044,1.0
GLOBAL,PWRWONCRIXX01,WONCRIXX,1,2045,1.0
GLOBAL,PWRWONCRIXX01,WONCRIXX,1,2046,1.0
GLOBAL,PWRWONCRIXX01,WONCRIXX,1,2047,1.0
GLOBAL,PWRWONCRIXX01,WONCRIXX,1,2048,1.0
GLOBAL,PWRWONCRIXX01,WONCRIXX,1,2049,1.0
GLOBAL,PWRWONCRIXX01,WONCRIXX,1,2050,1.0
GLOBAL,PWRWASCRIXX01,WASCRIXX,1,2021,1.0
GLOBAL,PWRWASCRIXX01,WASCRIXX,1,2022,1.0
GLOBAL,PWRWASCRIXX01,WASCRIXX,1,2023,1.0
GLOBAL,PWRWASCRIXX01,WASCRIXX,1,2024,1.0
GLOBAL,PWRWASCRIXX01,WASCRIXX,1,2025,1.0
GLOBAL,PWRWASCRIXX01,WASCRIXX,1,2026,1.0
GLOBAL,PWRWASCRIXX01,WASCRIXX,1,2027,1.0
GLOBAL,PWRWASCRIXX01,WASCRIXX,1,2028,1.0
GLOBAL,PWRWASCRIXX01,WASCRIXX,1,2029,1.0
GLOBAL,PWRWASCRIXX01,WASCRIXX,1,2030,1.0
GLOBAL,PWRWASCRIXX01,WASCRIXX,1,2031,1.0
GLOBAL,PWRWASCRIXX01,WASCRIXX,1,2032,1.0
GLOBAL,PWRWASCRIXX01,WASCRIXX,1,2033,1.0
GLOBAL,PWRWASCRIXX01,WASCRIXX,1,2034,1.0
GLOBAL,PWRWASCRIXX01,WASCRIXX,1,2035,1.0
GLOBAL,PWRWASCRIXX01,WASCRIXX,1,2036,1.0
GLOBAL,PWRWASCRIXX01,WASCRIXX,1,2037,1.0
GLOBAL,PWRWASCRIXX01,WASCRIXX,1,2038,1.0
GLOBAL,PWRWASCRIXX01,WASCRIXX,1,2039,1.0
GLOBAL,PWRWASCRIXX01,WASCRIXX,1,2040,1.0
GLOBAL,PWRWASCRIXX01,WASCRIXX,1,2041,1.0
GLOBAL,PWRWASCRIXX01,WASCRIXX,1,2042,1.0
GLOBAL,PWRWASCRIXX01,WASCRIXX,1,2043,1.0
GLOBAL,PWRWASCRIXX01,WASCRIXX,1,2044,1.0
GLOBAL,PWRWASCRIXX01,WASCRIXX,1,2045,1.0
GLOBAL,PWRWASCRIXX01,WASCRIXX,1,2046,1.0
GLOBAL,PWRWASCRIXX01,WASCRIXX,1,2047,1.0
GLOBAL,PWRWASCRIXX01,WASCRIXX,1,2048,1.0
GLOBAL,PWRWASCRIXX01,WASCRIXX,1,2049,1.0
GLOBAL,PWRWASCRIXX01,WASCRIXX,1,2050,1.0
GLOBAL,PWRWOFCRIXX01,WOFCRIXX,1,2021,1.0
GLOBAL,PWRWOFCRIXX01,WOFCRIXX,1,2022,1.0
GLOBAL,PWRWOFCRIXX01,WOFCRIXX,1,2023,1.0
GLOBAL,PWRWOFCRIXX01,WOFCRIXX,1,2024,1.0
GLOBAL,PWRWOFCRIXX01,WOFCRIXX,1,2025,1.0
GLOBAL,PWRWOFCRIXX01,WOFCRIXX,1,2026,1.0
GLOBAL,PWRWOFCRIXX01,WOFCRIXX,1,2027,1.0
GLOBAL,PWRWOFCRIXX01,WOFCRIXX,1,2028,1.0
GLOBAL,PWRWOFCRIXX01,WOFCRIXX,1,2029,1.0
GLOBAL,PWRWOFCRIXX01,WOFCRIXX,1,2030,1.0
GLOBAL,PWRWOFCRIXX01,WOFCRIXX,1,2031,1.0
GLOBAL,PWRWOFCRIXX01,WOFCRIXX,1,2032,1.0
GLOBAL,PWRWOFCRIXX01,WOFCRIXX,1,2033,1.0
GLOBAL,PWRWOFCRIXX01,WOFCRIXX,1,2034,1.0
GLOBAL,PWRWOFCRIXX01,WOFCRIXX,1,2035,1.0
GLOBAL,PWRWOFCRIXX01,WOFCRIXX,1,2036,1.0
GLOBAL,PWRWOFCRIXX01,WOFCRIXX,1,2037,1.0
GLOBAL,PWRWOFCRIXX01,WOFCRIXX,1,2038,1.0
GLOBAL,PWRWOFCRIXX01,WOFCRIXX,1,2039,1.0
GLOBAL,PWRWOFCRIXX01,WOFCRIXX,1,2040,1.0
GLOBAL,PWRWOFCRIXX01,WOFCRIXX,1,2041,1.0
GLOBAL,PWRWOFCRIXX01,WOFCRIXX,1,2042,1.0
GLOBAL,PWRWOFCRIXX01,WOFCRIXX,1,2043,1.0
GLOBAL,PWRWOFCRIXX01,WOFCRIXX,1,2044,1.0
GLOBAL,PWRWOFCRIXX01,WOFCRIXX,1,2045,1.0
GLOBAL,PWRWOFCRIXX01,WOFCRIXX,1,2046,1.0
GLOBAL,PWRWOFCRIXX01,WOFCRIXX,1,2047,1.0
GLOBAL,PWRWOFCRIXX01,WOFCRIXX,1,2048,1.0
GLOBAL,PWRWOFCRIXX01,WOFCRIXX,1,2049,1.0
GLOBAL,PWRWOFCRIXX01,WOFCRIXX,1,2050,1.0
GLOBAL,PWRWAVCRIXX01,WAVCRIXX,1,2021,1.0
GLOBAL,PWRWAVCRIXX01,WAVCRIXX,1,2022,1.0
GLOBAL,PWRWAVCRIXX01,WAVCRIXX,1,2023,1.0
GLOBAL,PWRWAVCRIXX01,WAVCRIXX,1,2024,1.0
GLOBAL,PWRWAVCRIXX01,WAVCRIXX,1,2025,1.0
GLOBAL,PWRWAVCRIXX01,WAVCRIXX,1,2026,1.0
GLOBAL,PWRWAVCRIXX01,WAVCRIXX,1,2027,1.0
GLOBAL,PWRWAVCRIXX01,WAVCRIXX,1,2028,1.0
GLOBAL,PWRWAVCRIXX01,WAVCRIXX,1,2029,1.0
GLOBAL,PWRWAVCRIXX01,WAVCRIXX,1,2030,1.0
GLOBAL,PWRWAVCRIXX01,WAVCRIXX,1,2031,1.0
GLOBAL,PWRWAVCRIXX01,WAVCRIXX,1,2032,1.0
GLOBAL,PWRWAVCRIXX01,WAVCRIXX,1,2033,1.0
GLOBAL,PWRWAVCRIXX01,WAVCRIXX,1,2034,1.0
GLOBAL,PWRWAVCRIXX01,WAVCRIXX,1,2035,1.0
GLOBAL,PWRWAVCRIXX01,WAVCRIXX,1,2036,1.0
GLOBAL,PWRWAVCRIXX01,WAVCRIXX,1,2037,1.0
GLOBAL,PWRWAVCRIXX01,WAVCRIXX,1,2038,1.0
GLOBAL,PWRWAVCRIXX01,WAVCRIXX,1,2039,1.0
GLOBAL,PWRWAVCRIXX01,WAVCRIXX,1,2040,1.0
GLOBAL,PWRWAVCRIXX01,WAVCRIXX,1,2041,1.0
GLOBAL,PWRWAVCRIXX01,WAVCRIXX,1,2042,1.0
GLOBAL,PWRWAVCRIXX01,WAVCRIXX,1,2043,1.0
GLOBAL,PWRWAVCRIXX01,WAVCRIXX,1,2044,1.0
GLOBAL,PWRWAVCRIXX01,WAVCRIXX,1,2045,1.0
GLOBAL,PWRWAVCRIXX01,WAVCRIXX,1,2046,1.0
GLOBAL,PWRWAVCRIXX01,WAVCRIXX,1,2047,1.0
GLOBAL,PWRWAVCRIXX01,WAVCRIXX,1,2048,1.0
GLOBAL,PWRWAVCRIXX01,WAVCRIXX,1,2049,1.0
GLOBAL,PWRWAVCRIXX01,WAVCRIXX,1,2050,1.0
GLOBAL,PWRPETCRIXX01,PETCRI,1,2021,3.06
GLOBAL,PWRPETCRIXX01,PETCRI,1,2022,3.06
GLOBAL,PWRPETCRIXX01,PETCRI,1,2023,3.06
GLOBAL,PWRPETCRIXX01,PETCRI,1,2024,3.06
GLOBAL,PWRPETCRIXX01,PETCRI,1,2025,3.06
GLOBAL,PWRPETCRIXX01,PETCRI,1,2026,3.06
GLOBAL,PWRPETCRIXX01,PETCRI,1,2027,3.06
GLOBAL,PWRPETCRIXX01,PETCRI,1,2028,3.06
GLOBAL,PWRPETCRIXX01,PETCRI,1,2029,3.06
GLOBAL,PWRPETCRIXX01,PETCRI,1,2030,3.06
GLOBAL,PWRPETCRIXX01,PETCRI,1,2031,3.06
GLOBAL,PWRPETCRIXX01,PETCRI,1,2032,3.06
GLOBAL,PWRPETCRIXX01,PETCRI,1,2033,3.06
GLOBAL,PWRPETCRIXX01,PETCRI,1,2034,3.06
GLOBAL,PWRPETCRIXX01,PETCRI,1,2035,3.06
GLOBAL,PWRPETCRIXX01,PETCRI,1,2036,3.06
GLOBAL,PWRPETCRIXX01,PETCRI,1,2037,3.06
GLOBAL,PWRPETCRIXX01,PETCRI,1,2038,3.06
GLOBAL,PWRPETCRIXX01,PETCRI,1,2039,3.06
GLOBAL,PWRPETCRIXX01,PETCRI,1,2040,3.06
GLOBAL,PWRPETCRIXX01,PETCRI,1,2041,3.06
GLOBAL,PWRPETCRIXX01,PETCRI,1,2042,3.06
GLOBAL,PWRPETCRIXX01,PETCRI,1,2043,3.06
GLOBAL,PWRPETCRIXX01,PETCRI,1,2044,3.06
GLOBAL,PWRPETCRIXX01,PETCRI,1,2045,3.06
GLOBAL,PWRPETCRIXX01,PETCRI,1,2046,3.06
GLOBAL,PWRPETCRIXX01,PETCRI,1,2047,3.06
GLOBAL,PWRPETCRIXX01,PETCRI,1,2048,3.06
GLOBAL,PWRPETCRIXX01,PETCRI,1,2049,3.06
GLOBAL,PWRPETCRIXX01,PETCRI,1,2050,3.06
GLOBAL,PWRPETCRIXX01,PETINT,2,2021,3.06
GLOBAL,PWRPETCRIXX01,PETINT,2,2022,3.06
GLOBAL,PWRPETCRIXX01,PETINT,2,2023,3.06
GLOBAL,PWRPETCRIXX01,PETINT,2,2024,3.06
GLOBAL,PWRPETCRIXX01,PETINT,2,2025,3.06
GLOBAL,PWRPETCRIXX01,PETINT,2,2026,3.06
GLOBAL,PWRPETCRIXX01,PETINT,2,2027,3.06
GLOBAL,PWRPETCRIXX01,PETINT,2,2028,3.06
GLOBAL,PWRPETCRIXX01,PETINT,2,2029,3.06
GLOBAL,PWRPETCRIXX01,PETINT,2,2030,3.06
GLOBAL,PWRPETCRIXX01,PETINT,2,2031,3.06
GLOBAL,PWRPETCRIXX01,PETINT,2,2032,3.06
GLOBAL,PWRPETCRIXX01,PETINT,2,2033,3.06
GLOBAL,PWRPETCRIXX01,PETINT,2,2034,3.06
GLOBAL,PWRPETCRIXX01,PETINT,2,2035,3.06
GLOBAL,PWRPETCRIXX01,PETINT,2,2036,3.06
GLOBAL,PWRPETCRIXX01,PETINT,2,2037,3.06
GLOBAL,PWRPETCRIXX01,PETINT,2,2038,3.06
GLOBAL,PWRPETCRIXX01,PETINT,2,2039,3.06
GLOBAL,PWRPETCRIXX01,PETINT,2,2040,3.06
GLOBAL,PWRPETCRIXX01,PETINT,2,2041,3.06
GLOBAL,PWRPETCRIXX01,PETINT,2,2042,3.06
GLOBAL,PWRPETCRIXX01,PETINT,2,2043,3.06
GLOBAL,PWRPETCRIXX01,PETINT,2,2044,3.06
GLOBAL,PWRPETCRIXX01,PETINT,2,2045,3.06
GLOBAL,PWRPETCRIXX01,PETINT,2,2046,3.06
GLOBAL,PWRPETCRIXX01,PETINT,2,2047,3.06
GLOBAL,PWRPETCRIXX01,PETINT,2,2048,3.06
GLOBAL,PWRPETCRIXX01,PETINT,2,2049,3.06
GLOBAL,PWRPETCRIXX01,PETINT,2,2050,3.06
GLOBAL,PWRGEOCRIXX01,GEOCRIXX,1,2021,1.0
GLOBAL,PWRGEOCRIXX01,GEOCRIXX,1,2022,1.0
GLOBAL,PWRGEOCRIXX01,GEOCRIXX,1,2023,1.0
GLOBAL,PWRGEOCRIXX01,GEOCRIXX,1,2024,1.0
GLOBAL,PWRGEOCRIXX01,GEOCRIXX,1,2025,1.0
GLOBAL,PWRGEOCRIXX01,GEOCRIXX,1,2026,1.0
GLOBAL,PWRGEOCRIXX01,GEOCRIXX,1,2027,1.0
GLOBAL,PWRGEOCRIXX01,GEOCRIXX,1,2028,1.0
GLOBAL,PWRGEOCRIXX01,GEOCRIXX,1,2029,1.0
GLOBAL,PWRGEOCRIXX01,GEOCRIXX,1,2030,1.0
GLOBAL,PWRGEOCRIXX01,GEOCRIXX,1,2031,1.0
GLOBAL,PWRGEOCRIXX01,GEOCRIXX,1,2032,1.0
GLOBAL,PWRGEOCRIXX01,GEOCRIXX,1,2033,1.0
GLOBAL,PWRGEOCRIXX01,GEOCRIXX,1,2034,1.0
GLOBAL,PWRGEOCRIXX01,GEOCRIXX,1,2035,1.0
GLOBAL,PWRGEOCRIXX01,GEOCRIXX,1,2036,1.0
GLOBAL,PWRGEOCRIXX01,GEOCRIXX,1,2037,1.0
GLOBAL,PWRGEOCRIXX01,GEOCRIXX,1,2038,1.0
GLOBAL,PWRGEOCRIXX01,GEOCRIXX,1,2039,1.0
GLOBAL,PWRGEOCRIXX01,GEOCRIXX,1,2040,1.0
GLOBAL,PWRGEOCRIXX01,GEOCRIXX,1,2041,1.0
GLOBAL,PWRGEOCRIXX01,GEOCRIXX,1,2042,1.0
GLOBAL,PWRGEOCRIXX01,GEOCRIXX,1,2043,1.0
GLOBAL,PWRGEOCRIXX01,GEOCRIXX,1,2044,1.0
GLOBAL,PWRGEOCRIXX01,GEOCRIXX,1,2045,1.0
GLOBAL,PWRGEOCRIXX01,GEOCRIXX,1,2046,1.0
GLOBAL,PWRGEOCRIXX01,GEOCRIXX,1,2047,1.0
GLOBAL,PWRGEOCRIXX01,GEOCRIXX,1,2048,1.0
GLOBAL,PWRGEOCRIXX01,GEOCRIXX,1,2049,1.0
GLOBAL,PWRGEOCRIXX01,GEOCRIXX,1,2050,1.0
GLOBAL,PWRCOGCRIXX01,COGCRI,1,2021,2.92
GLOBAL,PWRCOGCRIXX01,COGCRI,1,2022,2.92
GLOBAL,PWRCOGCRIXX01,COGCRI,1,2023,2.92
GLOBAL,PWRCOGCRIXX01,COGCRI,1,2024,2.92
GLOBAL,PWRCOGCRIXX01,COGCRI,1,2025,2.92
GLOBAL,PWRCOGCRIXX01,COGCRI,1,2026,2.92
GLOBAL,PWRCOGCRIXX01,COGCRI,1,2027,2.92
GLOBAL,PWRCOGCRIXX01,COGCRI,1,2028,2.92
GLOBAL,PWRCOGCRIXX01,COGCRI,1,2029,2.92
GLOBAL,PWRCOGCRIXX01,COGCRI,1,2030,2.92
GLOBAL,PWRCOGCRIXX01,COGCRI,1,2031,2.92
GLOBAL,PWRCOGCRIXX01,COGCRI,1,2032,2.92
GLOBAL,PWRCOGCRIXX01,COGCRI,1,2033,2.92
GLOBAL,PWRCOGCRIXX01,COGCRI,1,2034,2.92
GLOBAL,PWRCOGCRIXX01,COGCRI,1,2035,2.92
GLOBAL,PWRCOGCRIXX01,COGCRI,1,2036,2.92
GLOBAL,PWRCOGCRIXX01,COGCRI,1,2037,2.92
GLOBAL,PWRCOGCRIXX01,COGCRI,1,2038,2.92
GLOBAL,PWRCOGCRIXX01,COGCRI,1,2039,2.92
GLOBAL,PWRCOGCRIXX01,COGCRI,1,2040,2.92
GLOBAL,PWRCOGCRIXX01,COGCRI,1,2041,2.92
GLOBAL,PWRCOGCRIXX01,COGCRI,1,2042,2.92
GLOBAL,PWRCOGCRIXX01,COGCRI,1,2043,2.92
GLOBAL,PWRCOGCRIXX01,COGCRI,1,2044,2.92
GLOBAL,PWRCOGCRIXX01,COGCRI,1,2045,2.92
GLOBAL,PWRCOGCRIXX01,COGCRI,1,2046,2.92
GLOBAL,PWRCOGCRIXX01,COGCRI,1,2047,2.92
GLOBAL,PWRCOGCRIXX01,COGCRI,1,2048,2.92
GLOBAL,PWRCOGCRIXX01,COGCRI,1,2049,2.92
GLOBAL,PWRCOGCRIXX01,COGCRI,1,2050,2.92
GLOBAL,PWRCOGCRIXX01,COGINT,2,2021,2.92
GLOBAL,PWRCOGCRIXX01,COGINT,2,2022,2.92
GLOBAL,PWRCOGCRIXX01,COGINT,2,2023,2.92
GLOBAL,PWRCOGCRIXX01,COGINT,2,2024,2.92
GLOBAL,PWRCOGCRIXX01,COGINT,2,2025,2.92
GLOBAL,PWRCOGCRIXX01,COGINT,2,2026,2.92
GLOBAL,PWRCOGCRIXX01,COGINT,2,2027,2.92
GLOBAL,PWRCOGCRIXX01,COGINT,2,2028,2.92
GLOBAL,PWRCOGCRIXX01,COGINT,2,2029,2.92
GLOBAL,PWRCOGCRIXX01,COGINT,2,2030,2.92
GLOBAL,PWRCOGCRIXX01,COGINT,2,2031,2.92
GLOBAL,PWRCOGCRIXX01,COGINT,2,2032,2.92
GLOBAL,PWRCOGCRIXX01,COGINT,2,2033,2.92
GLOBAL,PWRCOGCRIXX01,COGINT,2,2034,2.92
GLOBAL,PWRCOGCRIXX01,COGINT,2,2035,2.92
GLOBAL,PWRCOGCRIXX01,COGINT,2,2036,2.92
GLOBAL,PWRCOGCRIXX01,COGINT,2,2037,2.92
GLOBAL,PWRCOGCRIXX01,COGINT,2,2038,2.92
GLOBAL,PWRCOGCRIXX01,COGINT,2,2039,2.92
GLOBAL,PWRCOGCRIXX01,COGINT,2,2040,2.92
GLOBAL,PWRCOGCRIXX01,COGINT,2,2041,2.92
GLOBAL,PWRCOGCRIXX01,COGINT,2,2042,2.92
GLOBAL,PWRCOGCRIXX01,COGINT,2,2043,2.92
GLOBAL,PWRCOGCRIXX01,COGINT,2,2044,2.92
GLOBAL,PWRCOGCRIXX01,COGINT,2,2045,2.92
GLOBAL,PWRCOGCRIXX01,COGINT,2,2046,2.92
GLOBAL,PWRCOGCRIXX01,COGINT,2,2047,2.92
GLOBAL,PWRCOGCRIXX01,COGINT,2,2048,2.92
GLOBAL,PWRCOGCRIXX01,COGINT,2,2049,2.92
GLOBAL,PWRCOGCRIXX01,COGINT,2,2050,2.92
GLOBAL,PWRCCSCRIXX01,COACRI,1,2021,3.0
GLOBAL,PWRCCSCRIXX01,COACRI,1,2022,3.0
GLOBAL,PWRCCSCRIXX01,COACRI,1,2023,3.0
GLOBAL,PWRCCSCRIXX01,COACRI,1,2024,3.0
GLOBAL,PWRCCSCRIXX01,COACRI,1,2025,3.0
GLOBAL,PWRCCSCRIXX01,COACRI,1,2026,3.0
GLOBAL,PWRCCSCRIXX01,COACRI,1,2027,3.0
GLOBAL,PWRCCSCRIXX01,COACRI,1,2028,3.0
GLOBAL,PWRCCSCRIXX01,COACRI,1,2029,3.0
GLOBAL,PWRCCSCRIXX01,COACRI,1,2030,3.0
GLOBAL,PWRCCSCRIXX01,COACRI,1,2031,3.0
GLOBAL,PWRCCSCRIXX01,COACRI,1,2032,3.0
GLOBAL,PWRCCSCRIXX01,COACRI,1,2033,3.0
GLOBAL,PWRCCSCRIXX01,COACRI,1,2034,3.0
GLOBAL,PWRCCSCRIXX01,COACRI,1,2035,3.0
GLOBAL,PWRCCSCRIXX01,COACRI,1,2036,3.0
GLOBAL,PWRCCSCRIXX01,COACRI,1,2037,3.0
GLOBAL,PWRCCSCRIXX01,COACRI,1,2038,3.0
GLOBAL,PWRCCSCRIXX01,COACRI,1,2039,3.0
GLOBAL,PWRCCSCRIXX01,COACRI,1,2040,3.0
GLOBAL,PWRCCSCRIXX01,COACRI,1,2041,3.0
GLOBAL,PWRCCSCRIXX01,COACRI,1,2042,3.0
GLOBAL,PWRCCSCRIXX01,COACRI,1,2043,3.0
GLOBAL,PWRCCSCRIXX01,COACRI,1,2044,3.0
GLOBAL,PWRCCSCRIXX01,COACRI,1,2045,3.0
GLOBAL,PWRCCSCRIXX01,COACRI,1,2046,3.0
GLOBAL,PWRCCSCRIXX01,COACRI,1,2047,3.0
GLOBAL,PWRCCSCRIXX01,COACRI,1,2048,3.0
GLOBAL,PWRCCSCRIXX01,COACRI,1,2049,3.0
GLOBAL,PWRCCSCRIXX01,COACRI,1,2050,3.0
GLOBAL,PWRCCSCRIXX01,COAINT,2,2021,3.0
GLOBAL,PWRCCSCRIXX01,COAINT,2,2022,3.0
GLOBAL,PWRCCSCRIXX01,COAINT,2,2023,3.0
GLOBAL,PWRCCSCRIXX01,COAINT,2,2024,3.0
GLOBAL,PWRCCSCRIXX01,COAINT,2,2025,3.0
GLOBAL,PWRCCSCRIXX01,COAINT,2,2026,3.0
GLOBAL,PWRCCSCRIXX01,COAINT,2,2027,3.0
GLOBAL,PWRCCSCRIXX01,COAINT,2,2028,3.0
GLOBAL,PWRCCSCRIXX01,COAINT,2,2029,3.0
GLOBAL,PWRCCSCRIXX01,COAINT,2,2030,3.0
GLOBAL,PWRCCSCRIXX01,COAINT,2,2031,3.0
GLOBAL,PWRCCSCRIXX01,COAINT,2,2032,3.0
GLOBAL,PWRCCSCRIXX01,COAINT,2,2033,3.0
GLOBAL,PWRCCSCRIXX01,COAINT,2,2034,3.0
GLOBAL,PWRCCSCRIXX01,COAINT,2,2035,3.0
GLOBAL,PWRCCSCRIXX01,COAINT,2,2036,3.0
GLOBAL,PWRCCSCRIXX01,COAINT,2,2037,3.0
GLOBAL,PWRCCSCRIXX01,COAINT,2,2038,3.0
GLOBAL,PWRCCSCRIXX01,COAINT,2,2039,3.0
GLOBAL,PWRCCSCRIXX01,COAINT,2,2040,3.0
GLOBAL,PWRCCSCRIXX01,COAINT,2,2041,3.0
GLOBAL,PWRCCSCRIXX01,COAINT,2,2042,3.0
GLOBAL,PWRCCSCRIXX01,COAINT,2,2043,3.0
GLOBAL,PWRCCSCRIXX01,COAINT,2,2044,3.0
GLOBAL,PWRCCSCRIXX01,COAINT,2,2045,3.0
GLOBAL,PWRCCSCRIXX01,COAINT,2,2046,3.0
GLOBAL,PWRCCSCRIXX01,COAINT,2,2047,3.0
GLOBAL,PWRCCSCRIXX01,COAINT,2,2048,3.0
GLOBAL,PWRCCSCRIXX01,COAINT,2,2049,3.0
GLOBAL,PWRCCSCRIXX01,COAINT,2,2050,3.0
GLOBAL,PWRCCGPANXX00,GASPAN,1,2021,2.45
GLOBAL,PWRCCGPANXX00,GASPAN,1,2022,2.45
GLOBAL,PWRCCGPANXX00,GASPAN,1,2023,2.45
GLOBAL,PWRCCGPANXX00,GASPAN,1,2024,2.45
GLOBAL,PWRCCGPANXX00,GASPAN,1,2025,2.45
GLOBAL,PWRCCGPANXX00,GASPAN,1,2026,2.45
GLOBAL,PWRCCGPANXX00,GASPAN,1,2027,2.45
GLOBAL,PWRCCGPANXX00,GASPAN,1,2028,2.45
GLOBAL,PWRCCGPANXX00,GASPAN,1,2029,2.45
GLOBAL,PWRCCGPANXX00,GASPAN,1,2030,2.45
GLOBAL,PWRCCGPANXX00,GASPAN,1,2031,2.45
GLOBAL,PWRCCGPANXX00,GASPAN,1,2032,2.45
GLOBAL,PWRCCGPANXX00,GASPAN,1,2033,2.45
GLOBAL,PWRCCGPANXX00,GASPAN,1,2034,2.45
GLOBAL,PWRCCGPANXX00,GASPAN,1,2035,2.45
GLOBAL,PWRCCGPANXX00,GASPAN,1,2036,2.45
GLOBAL,PWRCCGPANXX00,GASPAN,1,2037,2.45
GLOBAL,PWRCCGPANXX00,GASPAN,1,2038,2.45
GLOBAL,PWRCCGPANXX00,GASPAN,1,2039,2.45
GLOBAL,PWRCCGPANXX00,GASPAN,1,2040,2.45
GLOBAL,PWRCCGPANXX00,GASPAN,1,2041,2.45
GLOBAL,PWRCCGPANXX00,GASPAN,1,2042,2.45
GLOBAL,PWRCCGPANXX00,GASPAN,1,2043,2.45
GLOBAL,PWRCCGPANXX00,GASPAN,1,2044,2.45
GLOBAL,PWRCCGPANXX00,GASPAN,1,2045,2.45
GLOBAL,PWRCCGPANXX00,GASPAN,1,2046,2.45
GLOBAL,PWRCCGPANXX00,GASPAN,1,2047,2.45
GLOBAL,PWRCCGPANXX00,GASPAN,1,2048,2.45
GLOBAL,PWRCCGPANXX00,GASPAN,1,2049,2.45
GLOBAL,PWRCCGPANXX00,GASPAN,1,2050,2.45
GLOBAL,PWRCCGPANXX00,GASINT,2,2021,2.45
GLOBAL,PWRCCGPANXX00,GASINT,2,2022,2.45
GLOBAL,PWRCCGPANXX00,GASINT,2,2023,2.45
GLOBAL,PWRCCGPANXX00,GASINT,2,2024,2.45
GLOBAL,PWRCCGPANXX00,GASINT,2,2025,2.45
GLOBAL,PWRCCGPANXX00,GASINT,2,2026,2.45
GLOBAL,PWRCCGPANXX00,GASINT,2,2027,2.45
GLOBAL,PWRCCGPANXX00,GASINT,2,2028,2.45
GLOBAL,PWRCCGPANXX00,GASINT,2,2029,2.45
GLOBAL,PWRCCGPANXX00,GASINT,2,2030,2.45
GLOBAL,PWRCCGPANXX00,GASINT,2,2031,2.45
GLOBAL,PWRCCGPANXX00,GASINT,2,2032,2.45
GLOBAL,PWRCCGPANXX00,GASINT,2,2033,2.45
GLOBAL,PWRCCGPANXX00,GASINT,2,2034,2.45
GLOBAL,PWRCCGPANXX00,GASINT,2,2035,2.45
GLOBAL,PWRCCGPANXX00,GASINT,2,2036,2.45
GLOBAL,PWRCCGPANXX00,GASINT,2,2037,2.45
GLOBAL,PWRCCGPANXX00,GASINT,2,2038,2.45
GLOBAL,PWRCCGPANXX00,GASINT,2,2039,2.45
GLOBAL,PWRCCGPANXX00,GASINT,2,2040,2.45
GLOBAL,PWRCCGPANXX00,GASINT,2,2041,2.45
GLOBAL,PWRCCGPANXX00,GASINT,2,2042,2.45
GLOBAL,PWRCCGPANXX00,GASINT,2,2043,2.45
GLOBAL,PWRCCGPANXX00,GASINT,2,2044,2.45
GLOBAL,PWRCCGPANXX00,GASINT,2,2045,2.45
GLOBAL,PWRCCGPANXX00,GASINT,2,2046,2.45
GLOBAL,PWRCCGPANXX00,GASINT,2,2047,2.45
GLOBAL,PWRCCGPANXX00,GASINT,2,2048,2.45
GLOBAL,PWRCCGPANXX00,GASINT,2,2049,2.45
GLOBAL,PWRCCGPANXX00,GASINT,2,2050,2.45
GLOBAL,PWROCGPANXX00,GASPAN,1,2021,2.99
GLOBAL,PWROCGPANXX00,GASPAN,1,2022,2.99
GLOBAL,PWROCGPANXX00,GASPAN,1,2023,2.99
GLOBAL,PWROCGPANXX00,GASPAN,1,2024,2.99
GLOBAL,PWROCGPANXX00,GASPAN,1,2025,2.99
GLOBAL,PWROCGPANXX00,GASPAN,1,2026,2.99
GLOBAL,PWROCGPANXX00,GASPAN,1,2027,2.99
GLOBAL,PWROCGPANXX00,GASPAN,1,2028,2.99
GLOBAL,PWROCGPANXX00,GASPAN,1,2029,2.99
GLOBAL,PWROCGPANXX00,GASPAN,1,2030,2.99
GLOBAL,PWROCGPANXX00,GASPAN,1,2031,2.99
GLOBAL,PWROCGPANXX00,GASPAN,1,2032,2.99
GLOBAL,PWROCGPANXX00,GASPAN,1,2033,2.99
GLOBAL,PWROCGPANXX00,GASPAN,1,2034,2.99
GLOBAL,PWROCGPANXX00,GASPAN,1,2035,2.99
GLOBAL,PWROCGPANXX00,GASPAN,1,2036,2.99
GLOBAL,PWROCGPANXX00,GASPAN,1,2037,2.99
GLOBAL,PWROCGPANXX00,GASPAN,1,2038,2.99
GLOBAL,PWROCGPANXX00,GASPAN,1,2039,2.99
GLOBAL,PWROCGPANXX00,GASPAN,1,2040,2.99
GLOBAL,PWROCGPANXX00,GASPAN,1,2041,2.99
GLOBAL,PWROCGPANXX00,GASPAN,1,2042,2.99
GLOBAL,PWROCGPANXX00,GASPAN,1,2043,2.99
GLOBAL,PWROCGPANXX00,GASPAN,1,2044,2.99
GLOBAL,PWROCGPANXX00,GASPAN,1,2045,2.99
GLOBAL,PWROCGPANXX00,GASPAN,1,2046,2.99
GLOBAL,PWROCGPANXX00,GASPAN,1,2047,2.99
GLOBAL,PWROCGPANXX00,GASPAN,1,2048,2.99
GLOBAL,PWROCGPANXX00,GASPAN,1,2049,2.99
GLOBAL,PWROCGPANXX00,GASPAN,1,2050,2.99
GLOBAL,PWROCGPANXX00,GASINT,2,2021,2.99
GLOBAL,PWROCGPANXX00,GASINT,2,2022,2.99
GLOBAL,PWROCGPANXX00,GASINT,2,2023,2.99
GLOBAL,PWROCGPANXX00,GASINT,2,2024,2.99
GLOBAL,PWROCGPANXX00,GASINT,2,2025,2.99
GLOBAL,PWROCGPANXX00,GASINT,2,2026,2.99
GLOBAL,PWROCGPANXX00,GASINT,2,2027,2.99
GLOBAL,PWROCGPANXX00,GASINT,2,2028,2.99
GLOBAL,PWROCGPANXX00,GASINT,2,2029,2.99
GLOBAL,PWROCGPANXX00,GASINT,2,2030,2.99
GLOBAL,PWROCGPANXX00,GASINT,2,2031,2.99
GLOBAL,PWROCGPANXX00,GASINT,2,2032,2.99
GLOBAL,PWROCGPANXX00,GASINT,2,2033,2.99
GLOBAL,PWROCGPANXX00,GASINT,2,2034,2.99
GLOBAL,PWROCGPANXX00,GASINT,2,2035,2.99
GLOBAL,PWROCGPANXX00,GASINT,2,2036,2.99
GLOBAL,PWROCGPANXX00,GASINT,2,2037,2.99
GLOBAL,PWROCGPANXX00,GASINT,2,2038,2.99
GLOBAL,PWROCGPANXX00,GASINT,2,2039,2.99
GLOBAL,PWROCGPANXX00,GASINT,2,2040,2.99
GLOBAL,PWROCGPANXX00,GASINT,2,2041,2.99
GLOBAL,PWROCGPANXX00,GASINT,2,2042,2.99
GLOBAL,PWROCGPANXX00,GASINT,2,2043,2.99
GLOBAL,PWROCGPANXX00,GASINT,2,2044,2.99
GLOBAL,PWROCGPANXX00,GASINT,2,2045,2.99
GLOBAL,PWROCGPANXX00,GASINT,2,2046,2.99
GLOBAL,PWROCGPANXX00,GASINT,2,2047,2.99
GLOBAL,PWROCGPANXX00,GASINT,2,2048,2.99
GLOBAL,PWROCGPANXX00,GASINT,2,2049,2.99
GLOBAL,PWROCGPANXX00,GASINT,2,2050,2.99
GLOBAL,PWRHYDPANXX01,HYDPANXX,1,2021,1.0
GLOBAL,PWRHYDPANXX01,HYDPANXX,1,2022,1.0
GLOBAL,PWRHYDPANXX01,HYDPANXX,1,2023,1.0
GLOBAL,PWRHYDPANXX01,HYDPANXX,1,2024,1.0
GLOBAL,PWRHYDPANXX01,HYDPANXX,1,2025,1.0
GLOBAL,PWRHYDPANXX01,HYDPANXX,1,2026,1.0
GLOBAL,PWRHYDPANXX01,HYDPANXX,1,2027,1.0
GLOBAL,PWRHYDPANXX01,HYDPANXX,1,2028,1.0
GLOBAL,PWRHYDPANXX01,HYDPANXX,1,2029,1.0
GLOBAL,PWRHYDPANXX01,HYDPANXX,1,2030,1.0
GLOBAL,PWRHYDPANXX01,HYDPANXX,1,2031,1.0
GLOBAL,PWRHYDPANXX01,HYDPANXX,1,2032,1.0
GLOBAL,PWRHYDPANXX01,HYDPANXX,1,2033,1.0
GLOBAL,PWRHYDPANXX01,HYDPANXX,1,2034,1.0
GLOBAL,PWRHYDPANXX01,HYDPANXX,1,2035,1.0
GLOBAL,PWRHYDPANXX01,HYDPANXX,1,2036,1.0
GLOBAL,PWRHYDPANXX01,HYDPANXX,1,2037,1.0
GLOBAL,PWRHYDPANXX01,HYDPANXX,1,2038,1.0
GLOBAL,PWRHYDPANXX01,HYDPANXX,1,2039,1.0
GLOBAL,PWRHYDPANXX01,HYDPANXX,1,2040,1.0
GLOBAL,PWRHYDPANXX01,HYDPANXX,1,2041,1.0
GLOBAL,PWRHYDPANXX01,HYDPANXX,1,2042,1.0
GLOBAL,PWRHYDPANXX01,HYDPANXX,1,2043,1.0
GLOBAL,PWRHYDPANXX01,HYDPANXX,1,2044,1.0
GLOBAL,PWRHYDPANXX01,HYDPANXX,1,2045,1.0
GLOBAL,PWRHYDPANXX01,HYDPANXX,1,2046,1.0
GLOBAL,PWRHYDPANXX01,HYDPANXX,1,2047,1.0
GLOBAL,PWRHYDPANXX01,HYDPANXX,1,2048,1.0
GLOBAL,PWRHYDPANXX01,HYDPANXX,1,2049,1.0
GLOBAL,PWRHYDPANXX01,HYDPANXX,1,2050,1.0
GLOBAL,PWROILPANXX01,OILPAN,1,2021,2.93
GLOBAL,PWROILPANXX01,OILPAN,1,2022,2.93
GLOBAL,PWROILPANXX01,OILPAN,1,2023,2.93
GLOBAL,PWROILPANXX01,OILPAN,1,2024,2.93
GLOBAL,PWROILPANXX01,OILPAN,1,2025,2.93
GLOBAL,PWROILPANXX01,OILPAN,1,2026,2.93
GLOBAL,PWROILPANXX01,OILPAN,1,2027,2.93
GLOBAL,PWROILPANXX01,OILPAN,1,2028,2.93
GLOBAL,PWROILPANXX01,OILPAN,1,2029,2.93
GLOBAL,PWROILPANXX01,OILPAN,1,2030,2.93
GLOBAL,PWROILPANXX01,OILPAN,1,2031,2.93
GLOBAL,PWROILPANXX01,OILPAN,1,2032,2.93
GLOBAL,PWROILPANXX01,OILPAN,1,2033,2.93
GLOBAL,PWROILPANXX01,OILPAN,1,2034,2.93
GLOBAL,PWROILPANXX01,OILPAN,1,2035,2.93
GLOBAL,PWROILPANXX01,OILPAN,1,2036,2.93
GLOBAL,PWROILPANXX01,OILPAN,1,2037,2.93
GLOBAL,PWROILPANXX01,OILPAN,1,2038,2.93
GLOBAL,PWROILPANXX01,OILPAN,1,2039,2.93
GLOBAL,PWROILPANXX01,OILPAN,1,2040,2.93
GLOBAL,PWROILPANXX01,OILPAN,1,2041,2.93
GLOBAL,PWROILPANXX01,OILPAN,1,2042,2.93
GLOBAL,PWROILPANXX01,OILPAN,1,2043,2.93
GLOBAL,PWROILPANXX01,OILPAN,1,2044,2.93
GLOBAL,PWROILPANXX01,OILPAN,1,2045,2.93
GLOBAL,PWROILPANXX01,OILPAN,1,2046,2.93
GLOBAL,PWROILPANXX01,OILPAN,1,2047,2.93
GLOBAL,PWROILPANXX01,OILPAN,1,2048,2.93
GLOBAL,PWROILPANXX01,OILPAN,1,2049,2.93
GLOBAL,PWROILPANXX01,OILPAN,1,2050,2.93
GLOBAL,PWROILPANXX01,OILINT,2,2021,2.93
GLOBAL,PWROILPANXX01,OILINT,2,2022,2.93
GLOBAL,PWROILPANXX01,OILINT,2,2023,2.93
GLOBAL,PWROILPANXX01,OILINT,2,2024,2.93
GLOBAL,PWROILPANXX01,OILINT,2,2025,2.93
GLOBAL,PWROILPANXX01,OILINT,2,2026,2.93
GLOBAL,PWROILPANXX01,OILINT,2,2027,2.93
GLOBAL,PWROILPANXX01,OILINT,2,2028,2.93
GLOBAL,PWROILPANXX01,OILINT,2,2029,2.93
GLOBAL,PWROILPANXX01,OILINT,2,2030,2.93
GLOBAL,PWROILPANXX01,OILINT,2,2031,2.93
GLOBAL,PWROILPANXX01,OILINT,2,2032,2.93
GLOBAL,PWROILPANXX01,OILINT,2,2033,2.93
GLOBAL,PWROILPANXX01,OILINT,2,2034,2.93
GLOBAL,PWROILPANXX01,OILINT,2,2035,2.93
GLOBAL,PWROILPANXX01,OILINT,2,2036,2.93
GLOBAL,PWROILPANXX01,OILINT,2,2037,2.93
GLOBAL,PWROILPANXX01,OILINT,2,2038,2.93
GLOBAL,PWROILPANXX01,OILINT,2,2039,2.93
GLOBAL,PWROILPANXX01,OILINT,2,2040,2.93
GLOBAL,PWROILPANXX01,OILINT,2,2041,2.93
GLOBAL,PWROILPANXX01,OILINT,2,2042,2.93
GLOBAL,PWROILPANXX01,OILINT,2,2043,2.93
GLOBAL,PWROILPANXX01,OILINT,2,2044,2.93
GLOBAL,PWROILPANXX01,OILINT,2,2045,2.93
GLOBAL,PWROILPANXX01,OILINT,2,2046,2.93
GLOBAL,PWROILPANXX01,OILINT,2,2047,2.93
GLOBAL,PWROILPANXX01,OILINT,2,2048,2.93
GLOBAL,PWROILPANXX01,OILINT,2,2049,2.93
GLOBAL,PWROILPANXX01,OILINT,2,2050,2.93
GLOBAL,PWRSPVPANXX01,SPVPANXX,1,2021,1.0
GLOBAL,PWRSPVPANXX01,SPVPANXX,1,2022,1.0
GLOBAL,PWRSPVPANXX01,SPVPANXX,1,2023,1.0
GLOBAL,PWRSPVPANXX01,SPVPANXX,1,2024,1.0
GLOBAL,PWRSPVPANXX01,SPVPANXX,1,2025,1.0
GLOBAL,PWRSPVPANXX01,SPVPANXX,1,2026,1.0
GLOBAL,PWRSPVPANXX01,SPVPANXX,1,2027,1.0
GLOBAL,PWRSPVPANXX01,SPVPANXX,1,2028,1.0
GLOBAL,PWRSPVPANXX01,SPVPANXX,1,2029,1.0
GLOBAL,PWRSPVPANXX01,SPVPANXX,1,2030,1.0
GLOBAL,PWRSPVPANXX01,SPVPANXX,1,2031,1.0
GLOBAL,PWRSPVPANXX01,SPVPANXX,1,2032,1.0
GLOBAL,PWRSPVPANXX01,SPVPANXX,1,2033,1.0
GLOBAL,PWRSPVPANXX01,SPVPANXX,1,2034,1.0
GLOBAL,PWRSPVPANXX01,SPVPANXX,1,2035,1.0
GLOBAL,PWRSPVPANXX01,SPVPANXX,1,2036,1.0
GLOBAL,PWRSPVPANXX01,SPVPANXX,1,2037,1.0
GLOBAL,PWRSPVPANXX01,SPVPANXX,1,2038,1.0
GLOBAL,PWRSPVPANXX01,SPVPANXX,1,2039,1.0
GLOBAL,PWRSPVPANXX01,SPVPANXX,1,2040,1.0
GLOBAL,PWRSPVPANXX01,SPVPANXX,1,2041,1.0
GLOBAL,PWRSPVPANXX01,SPVPANXX,1,2042,1.0
GLOBAL,PWRSPVPANXX01,SPVPANXX,1,2043,1.0
GLOBAL,PWRSPVPANXX01,SPVPANXX,1,2044,1.0
GLOBAL,PWRSPVPANXX01,SPVPANXX,1,2045,1.0
GLOBAL,PWRSPVPANXX01,SPVPANXX,1,2046,1.0
GLOBAL,PWRSPVPANXX01,SPVPANXX,1,2047,1.0
GLOBAL,PWRSPVPANXX01,SPVPANXX,1,2048,1.0
GLOBAL,PWRSPVPANXX01,SPVPANXX,1,2049,1.0
GLOBAL,PWRSPVPANXX01,SPVPANXX,1,2050,1.0
GLOBAL,PWROTHPANXX01,OTHPAN,1,2021,1.0
GLOBAL,PWROTHPANXX01,OTHPAN,1,2022,1.0
GLOBAL,PWROTHPANXX01,OTHPAN,1,2023,1.0
GLOBAL,PWROTHPANXX01,OTHPAN,1,2024,1.0
GLOBAL,PWROTHPANXX01,OTHPAN,1,2025,1.0
GLOBAL,PWROTHPANXX01,OTHPAN,1,2026,1.0
GLOBAL,PWROTHPANXX01,OTHPAN,1,2027,1.0
GLOBAL,PWROTHPANXX01,OTHPAN,1,2028,1.0
GLOBAL,PWROTHPANXX01,OTHPAN,1,2029,1.0
GLOBAL,PWROTHPANXX01,OTHPAN,1,2030,1.0
GLOBAL,PWROTHPANXX01,OTHPAN,1,2031,1.0
GLOBAL,PWROTHPANXX01,OTHPAN,1,2032,1.0
GLOBAL,PWROTHPANXX01,OTHPAN,1,2033,1.0
GLOBAL,PWROTHPANXX01,OTHPAN,1,2034,1.0
GLOBAL,PWROTHPANXX01,OTHPAN,1,2035,1.0
GLOBAL,PWROTHPANXX01,OTHPAN,1,2036,1.0
GLOBAL,PWROTHPANXX01,OTHPAN,1,2037,1.0
GLOBAL,PWROTHPANXX01,OTHPAN,1,2038,1.0
GLOBAL,PWROTHPANXX01,OTHPAN,1,2039,1.0
GLOBAL,PWROTHPANXX01,OTHPAN,1,2040,1.0
GLOBAL,PWROTHPANXX01,OTHPAN,1,2041,1.0
GLOBAL,PWROTHPANXX01,OTHPAN,1,2042,1.0
GLOBAL,PWROTHPANXX01,OTHPAN,1,2043,1.0
GLOBAL,PWROTHPANXX01,OTHPAN,1,2044,1.0
GLOBAL,PWROTHPANXX01,OTHPAN,1,2045,1.0
GLOBAL,PWROTHPANXX01,OTHPAN,1,2046,1.0
GLOBAL,PWROTHPANXX01,OTHPAN,1,2047,1.0
GLOBAL,PWROTHPANXX01,OTHPAN,1,2048,1.0
GLOBAL,PWROTHPANXX01,OTHPAN,1,2049,1.0
GLOBAL,PWROTHPANXX01,OTHPAN,1,2050,1.0
GLOBAL,PWROTHPANXX01,OTHINT,2,2021,1.0
GLOBAL,PWROTHPANXX01,OTHINT,2,2022,1.0
GLOBAL,PWROTHPANXX01,OTHINT,2,2023,1.0
GLOBAL,PWROTHPANXX01,OTHINT,2,2024,1.0
GLOBAL,PWROTHPANXX01,OTHINT,2,2025,1.0
GLOBAL,PWROTHPANXX01,OTHINT,2,2026,1.0
GLOBAL,PWROTHPANXX01,OTHINT,2,2027,1.0
GLOBAL,PWROTHPANXX01,OTHINT,2,2028,1.0
GLOBAL,PWROTHPANXX01,OTHINT,2,2029,1.0
GLOBAL,PWROTHPANXX01,OTHINT,2,2030,1.0
GLOBAL,PWROTHPANXX01,OTHINT,2,2031,1.0
GLOBAL,PWROTHPANXX01,OTHINT,2,2032,1.0
GLOBAL,PWROTHPANXX01,OTHINT,2,2033,1.0
GLOBAL,PWROTHPANXX01,OTHINT,2,2034,1.0
GLOBAL,PWROTHPANXX01,OTHINT,2,2035,1.0
GLOBAL,PWROTHPANXX01,OTHINT,2,2036,1.0
GLOBAL,PWROTHPANXX01,OTHINT,2,2037,1.0
GLOBAL,PWROTHPANXX01,OTHINT,2,2038,1.0
GLOBAL,PWROTHPANXX01,OTHINT,2,2039,1.0
GLOBAL,PWROTHPANXX01,OTHINT,2,2040,1.0
GLOBAL,PWROTHPANXX01,OTHINT,2,2041,1.0
GLOBAL,PWROTHPANXX01,OTHINT,2,2042,1.0
GLOBAL,PWROTHPANXX01,OTHINT,2,2043,1.0
GLOBAL,PWROTHPANXX01,OTHINT,2,2044,1.0
GLOBAL,PWROTHPANXX01,OTHINT,2,2045,1.0
GLOBAL,PWROTHPANXX01,OTHINT,2,2046,1.0
GLOBAL,PWROTHPANXX01,OTHINT,2,2047,1.0
GLOBAL,PWROTHPANXX01,OTHINT,2,2048,1.0
GLOBAL,PWROTHPANXX01,OTHINT,2,2049,1.0
GLOBAL,PWROTHPANXX01,OTHINT,2,2050,1.0
GLOBAL,PWRCSPPANXX01,CSPPANXX,1,2021,1.0
GLOBAL,PWRCSPPANXX01,CSPPANXX,1,2022,1.0
GLOBAL,PWRCSPPANXX01,CSPPANXX,1,2023,1.0
GLOBAL,PWRCSPPANXX01,CSPPANXX,1,2024,1.0
GLOBAL,PWRCSPPANXX01,CSPPANXX,1,2025,1.0
GLOBAL,PWRCSPPANXX01,CSPPANXX,1,2026,1.0
GLOBAL,PWRCSPPANXX01,CSPPANXX,1,2027,1.0
GLOBAL,PWRCSPPANXX01,CSPPANXX,1,2028,1.0
GLOBAL,PWRCSPPANXX01,CSPPANXX,1,2029,1.0
GLOBAL,PWRCSPPANXX01,CSPPANXX,1,2030,1.0
GLOBAL,PWRCSPPANXX01,CSPPANXX,1,2031,1.0
GLOBAL,PWRCSPPANXX01,CSPPANXX,1,2032,1.0
GLOBAL,PWRCSPPANXX01,CSPPANXX,1,2033,1.0
GLOBAL,PWRCSPPANXX01,CSPPANXX,1,2034,1.0
GLOBAL,PWRCSPPANXX01,CSPPANXX,1,2035,1.0
GLOBAL,PWRCSPPANXX01,CSPPANXX,1,2036,1.0
GLOBAL,PWRCSPPANXX01,CSPPANXX,1,2037,1.0
GLOBAL,PWRCSPPANXX01,CSPPANXX,1,2038,1.0
GLOBAL,PWRCSPPANXX01,CSPPANXX,1,2039,1.0
GLOBAL,PWRCSPPANXX01,CSPPANXX,1,2040,1.0
GLOBAL,PWRCSPPANXX01,CSPPANXX,1,2041,1.0
GLOBAL,PWRCSPPANXX01,CSPPANXX,1,2042,1.0
GLOBAL,PWRCSPPANXX01,CSPPANXX,1,2043,1.0
GLOBAL,PWRCSPPANXX01,CSPPANXX,1,2044,1.0
GLOBAL,PWRCSPPANXX01,CSPPANXX,1,2045,1.0
GLOBAL,PWRCSPPANXX01,CSPPANXX,1,2046,1.0
GLOBAL,PWRCSPPANXX01,CSPPANXX,1,2047,1.0
GLOBAL,PWRCSPPANXX01,CSPPANXX,1,2048,1.0
GLOBAL,PWRCSPPANXX01,CSPPANXX,1,2049,1.0
GLOBAL,PWRCSPPANXX01,CSPPANXX,1,2050,1.0
GLOBAL,PWRBIOPANXX01,BIOPANXX,1,2021,3.67
GLOBAL,PWRBIOPANXX01,BIOPANXX,1,2022,3.67
GLOBAL,PWRBIOPANXX01,BIOPANXX,1,2023,3.67
GLOBAL,PWRBIOPANXX01,BIOPANXX,1,2024,3.67
GLOBAL,PWRBIOPANXX01,BIOPANXX,1,2025,3.67
GLOBAL,PWRBIOPANXX01,BIOPANXX,1,2026,3.67
GLOBAL,PWRBIOPANXX01,BIOPANXX,1,2027,3.67
GLOBAL,PWRBIOPANXX01,BIOPANXX,1,2028,3.67
GLOBAL,PWRBIOPANXX01,BIOPANXX,1,2029,3.67
GLOBAL,PWRBIOPANXX01,BIOPANXX,1,2030,3.67
GLOBAL,PWRBIOPANXX01,BIOPANXX,1,2031,3.67
GLOBAL,PWRBIOPANXX01,BIOPANXX,1,2032,3.67
GLOBAL,PWRBIOPANXX01,BIOPANXX,1,2033,3.67
GLOBAL,PWRBIOPANXX01,BIOPANXX,1,2034,3.67
GLOBAL,PWRBIOPANXX01,BIOPANXX,1,2035,3.67
GLOBAL,PWRBIOPANXX01,BIOPANXX,1,2036,3.67
GLOBAL,PWRBIOPANXX01,BIOPANXX,1,2037,3.67
GLOBAL,PWRBIOPANXX01,BIOPANXX,1,2038,3.67
GLOBAL,PWRBIOPANXX01,BIOPANXX,1,2039,3.67
GLOBAL,PWRBIOPANXX01,BIOPANXX,1,2040,3.67
GLOBAL,PWRBIOPANXX01,BIOPANXX,1,2041,3.67
GLOBAL,PWRBIOPANXX01,BIOPANXX,1,2042,3.67
GLOBAL,PWRBIOPANXX01,BIOPANXX,1,2043,3.67
GLOBAL,PWRBIOPANXX01,BIOPANXX,1,2044,3.67
GLOBAL,PWRBIOPANXX01,BIOPANXX,1,2045,3.67
GLOBAL,PWRBIOPANXX01,BIOPANXX,1,2046,3.67
GLOBAL,PWRBIOPANXX01,BIOPANXX,1,2047,3.67
GLOBAL,PWRBIOPANXX01,BIOPANXX,1,2048,3.67
GLOBAL,PWRBIOPANXX01,BIOPANXX,1,2049,3.67
GLOBAL,PWRBIOPANXX01,BIOPANXX,1,2050,3.67
GLOBAL,PWRCOAPANXX01,COAPAN,1,2021,2.97
GLOBAL,PWRCOAPANXX01,COAPAN,1,2022,2.97
GLOBAL,PWRCOAPANXX01,COAPAN,1,2023,2.97
GLOBAL,PWRCOAPANXX01,COAPAN,1,2024,2.97
GLOBAL,PWRCOAPANXX01,COAPAN,1,2025,2.97
GLOBAL,PWRCOAPANXX01,COAPAN,1,2026,2.97
GLOBAL,PWRCOAPANXX01,COAPAN,1,2027,2.97
GLOBAL,PWRCOAPANXX01,COAPAN,1,2028,2.97
GLOBAL,PWRCOAPANXX01,COAPAN,1,2029,2.97
GLOBAL,PWRCOAPANXX01,COAPAN,1,2030,2.97
GLOBAL,PWRCOAPANXX01,COAPAN,1,2031,2.97
GLOBAL,PWRCOAPANXX01,COAPAN,1,2032,2.97
GLOBAL,PWRCOAPANXX01,COAPAN,1,2033,2.97
GLOBAL,PWRCOAPANXX01,COAPAN,1,2034,2.97
GLOBAL,PWRCOAPANXX01,COAPAN,1,2035,2.97
GLOBAL,PWRCOAPANXX01,COAPAN,1,2036,2.97
GLOBAL,PWRCOAPANXX01,COAPAN,1,2037,2.97
GLOBAL,PWRCOAPANXX01,COAPAN,1,2038,2.97
GLOBAL,PWRCOAPANXX01,COAPAN,1,2039,2.97
GLOBAL,PWRCOAPANXX01,COAPAN,1,2040,2.97
GLOBAL,PWRCOAPANXX01,COAPAN,1,2041,2.97
GLOBAL,PWRCOAPANXX01,COAPAN,1,2042,2.97
GLOBAL,PWRCOAPANXX01,COAPAN,1,2043,2.97
GLOBAL,PWRCOAPANXX01,COAPAN,1,2044,2.97
GLOBAL,PWRCOAPANXX01,COAPAN,1,2045,2.97
GLOBAL,PWRCOAPANXX01,COAPAN,1,2046,2.97
GLOBAL,PWRCOAPANXX01,COAPAN,1,2047,2.97
GLOBAL,PWRCOAPANXX01,COAPAN,1,2048,2.97
GLOBAL,PWRCOAPANXX01,COAPAN,1,2049,2.97
GLOBAL,PWRCOAPANXX01,COAPAN,1,2050,2.97
GLOBAL,PWRCOAPANXX01,COAINT,2,2021,2.97
GLOBAL,PWRCOAPANXX01,COAINT,2,2022,2.97
GLOBAL,PWRCOAPANXX01,COAINT,2,2023,2.97
GLOBAL,PWRCOAPANXX01,COAINT,2,2024,2.97
GLOBAL,PWRCOAPANXX01,COAINT,2,2025,2.97
GLOBAL,PWRCOAPANXX01,COAINT,2,2026,2.97
GLOBAL,PWRCOAPANXX01,COAINT,2,2027,2.97
GLOBAL,PWRCOAPANXX01,COAINT,2,2028,2.97
GLOBAL,PWRCOAPANXX01,COAINT,2,2029,2.97
GLOBAL,PWRCOAPANXX01,COAINT,2,2030,2.97
GLOBAL,PWRCOAPANXX01,COAINT,2,2031,2.97
GLOBAL,PWRCOAPANXX01,COAINT,2,2032,2.97
GLOBAL,PWRCOAPANXX01,COAINT,2,2033,2.97
GLOBAL,PWRCOAPANXX01,COAINT,2,2034,2.97
GLOBAL,PWRCOAPANXX01,COAINT,2,2035,2.97
GLOBAL,PWRCOAPANXX01,COAINT,2,2036,2.97
GLOBAL,PWRCOAPANXX01,COAINT,2,2037,2.97
GLOBAL,PWRCOAPANXX01,COAINT,2,2038,2.97
GLOBAL,PWRCOAPANXX01,COAINT,2,2039,2.97
GLOBAL,PWRCOAPANXX01,COAINT,2,2040,2.97
GLOBAL,PWRCOAPANXX01,COAINT,2,2041,2.97
GLOBAL,PWRCOAPANXX01,COAINT,2,2042,2.97
GLOBAL,PWRCOAPANXX01,COAINT,2,2043,2.97
GLOBAL,PWRCOAPANXX01,COAINT,2,2044,2.97
GLOBAL,PWRCOAPANXX01,COAINT,2,2045,2.97
GLOBAL,PWRCOAPANXX01,COAINT,2,2046,2.97
GLOBAL,PWRCOAPANXX01,COAINT,2,2047,2.97
GLOBAL,PWRCOAPANXX01,COAINT,2,2048,2.97
GLOBAL,PWRCOAPANXX01,COAINT,2,2049,2.97
GLOBAL,PWRCOAPANXX01,COAINT,2,2050,2.97
GLOBAL,PWRURNPANXX01,URNPAN,1,2021,2.22
GLOBAL,PWRURNPANXX01,URNPAN,1,2022,2.22
GLOBAL,PWRURNPANXX01,URNPAN,1,2023,2.22
GLOBAL,PWRURNPANXX01,URNPAN,1,2024,2.22
GLOBAL,PWRURNPANXX01,URNPAN,1,2025,2.22
GLOBAL,PWRURNPANXX01,URNPAN,1,2026,2.22
GLOBAL,PWRURNPANXX01,URNPAN,1,2027,2.22
GLOBAL,PWRURNPANXX01,URNPAN,1,2028,2.22
GLOBAL,PWRURNPANXX01,URNPAN,1,2029,2.22
GLOBAL,PWRURNPANXX01,URNPAN,1,2030,2.22
GLOBAL,PWRURNPANXX01,URNPAN,1,2031,2.22
GLOBAL,PWRURNPANXX01,URNPAN,1,2032,2.22
GLOBAL,PWRURNPANXX01,URNPAN,1,2033,2.22
GLOBAL,PWRURNPANXX01,URNPAN,1,2034,2.22
GLOBAL,PWRURNPANXX01,URNPAN,1,2035,2.22
GLOBAL,PWRURNPANXX01,URNPAN,1,2036,2.22
GLOBAL,PWRURNPANXX01,URNPAN,1,2037,2.22
GLOBAL,PWRURNPANXX01,URNPAN,1,2038,2.22
GLOBAL,PWRURNPANXX01,URNPAN,1,2039,2.22
GLOBAL,PWRURNPANXX01,URNPAN,1,2040,2.22
GLOBAL,PWRURNPANXX01,URNPAN,1,2041,2.22
GLOBAL,PWRURNPANXX01,URNPAN,1,2042,2.22
GLOBAL,PWRURNPANXX01,URNPAN,1,2043,2.22
GLOBAL,PWRURNPANXX01,URNPAN,1,2044,2.22
GLOBAL,PWRURNPANXX01,URNPAN,1,2045,2.22
GLOBAL,PWRURNPANXX01,URNPAN,1,2046,2.22
GLOBAL,PWRURNPANXX01,URNPAN,1,2047,2.22
GLOBAL,PWRURNPANXX01,URNPAN,1,2048,2.22
GLOBAL,PWRURNPANXX01,URNPAN,1,2049,2.22
GLOBAL,PWRURNPANXX01,URNPAN,1,2050,2.22
GLOBAL,PWRURNPANXX01,URNINT,2,2021,2.22
GLOBAL,PWRURNPANXX01,URNINT,2,2022,2.22
GLOBAL,PWRURNPANXX01,URNINT,2,2023,2.22
GLOBAL,PWRURNPANXX01,URNINT,2,2024,2.22
GLOBAL,PWRURNPANXX01,URNINT,2,2025,2.22
GLOBAL,PWRURNPANXX01,URNINT,2,2026,2.22
GLOBAL,PWRURNPANXX01,URNINT,2,2027,2.22
GLOBAL,PWRURNPANXX01,URNINT,2,2028,2.22
GLOBAL,PWRURNPANXX01,URNINT,2,2029,2.22
GLOBAL,PWRURNPANXX01,URNINT,2,2030,2.22
GLOBAL,PWRURNPANXX01,URNINT,2,2031,2.22
GLOBAL,PWRURNPANXX01,URNINT,2,2032,2.22
GLOBAL,PWRURNPANXX01,URNINT,2,2033,2.22
GLOBAL,PWRURNPANXX01,URNINT,2,2034,2.22
GLOBAL,PWRURNPANXX01,URNINT,2,2035,2.22
GLOBAL,PWRURNPANXX01,URNINT,2,2036,2.22
GLOBAL,PWRURNPANXX01,URNINT,2,2037,2.22
GLOBAL,PWRURNPANXX01,URNINT,2,2038,2.22
GLOBAL,PWRURNPANXX01,URNINT,2,2039,2.22
GLOBAL,PWRURNPANXX01,URNINT,2,2040,2.22
GLOBAL,PWRURNPANXX01,URNINT,2,2041,2.22
GLOBAL,PWRURNPANXX01,URNINT,2,2042,2.22
GLOBAL,PWRURNPANXX01,URNINT,2,2043,2.22
GLOBAL,PWRURNPANXX01,URNINT,2,2044,2.22
GLOBAL,PWRURNPANXX01,URNINT,2,2045,2.22
GLOBAL,PWRURNPANXX01,URNINT,2,2046,2.22
GLOBAL,PWRURNPANXX01,URNINT,2,2047,2.22
GLOBAL,PWRURNPANXX01,URNINT,2,2048,2.22
GLOBAL,PWRURNPANXX01,URNINT,2,2049,2.22
GLOBAL,PWRURNPANXX01,URNINT,2,2050,2.22
GLOBAL,PWRWONPANXX01,WONPANXX,1,2021,1.0
GLOBAL,PWRWONPANXX01,WONPANXX,1,2022,1.0
GLOBAL,PWRWONPANXX01,WONPANXX,1,2023,1.0
GLOBAL,PWRWONPANXX01,WONPANXX,1,2024,1.0
GLOBAL,PWRWONPANXX01,WONPANXX,1,2025,1.0
GLOBAL,PWRWONPANXX01,WONPANXX,1,2026,1.0
GLOBAL,PWRWONPANXX01,WONPANXX,1,2027,1.0
GLOBAL,PWRWONPANXX01,WONPANXX,1,2028,1.0
GLOBAL,PWRWONPANXX01,WONPANXX,1,2029,1.0
GLOBAL,PWRWONPANXX01,WONPANXX,1,2030,1.0
GLOBAL,PWRWONPANXX01,WONPANXX,1,2031,1.0
GLOBAL,PWRWONPANXX01,WONPANXX,1,2032,1.0
GLOBAL,PWRWONPANXX01,WONPANXX,1,2033,1.0
GLOBAL,PWRWONPANXX01,WONPANXX,1,2034,1.0
GLOBAL,PWRWONPANXX01,WONPANXX,1,2035,1.0
GLOBAL,PWRWONPANXX01,WONPANXX,1,2036,1.0
GLOBAL,PWRWONPANXX01,WONPANXX,1,2037,1.0
GLOBAL,PWRWONPANXX01,WONPANXX,1,2038,1.0
GLOBAL,PWRWONPANXX01,WONPANXX,1,2039,1.0
GLOBAL,PWRWONPANXX01,WONPANXX,1,2040,1.0
GLOBAL,PWRWONPANXX01,WONPANXX,1,2041,1.0
GLOBAL,PWRWONPANXX01,WONPANXX,1,2042,1.0
GLOBAL,PWRWONPANXX01,WONPANXX,1,2043,1.0
GLOBAL,PWRWONPANXX01,WONPANXX,1,2044,1.0
GLOBAL,PWRWONPANXX01,WONPANXX,1,2045,1.0
GLOBAL,PWRWONPANXX01,WONPANXX,1,2046,1.0
GLOBAL,PWRWONPANXX01,WONPANXX,1,2047,1.0
GLOBAL,PWRWONPANXX01,WONPANXX,1,2048,1.0
GLOBAL,PWRWONPANXX01,WONPANXX,1,2049,1.0
GLOBAL,PWRWONPANXX01,WONPANXX,1,2050,1.0
GLOBAL,PWRWASPANXX01,WASPANXX,1,2021,1.0
GLOBAL,PWRWASPANXX01,WASPANXX,1,2022,1.0
GLOBAL,PWRWASPANXX01,WASPANXX,1,2023,1.0
GLOBAL,PWRWASPANXX01,WASPANXX,1,2024,1.0
GLOBAL,PWRWASPANXX01,WASPANXX,1,2025,1.0
GLOBAL,PWRWASPANXX01,WASPANXX,1,2026,1.0
GLOBAL,PWRWASPANXX01,WASPANXX,1,2027,1.0
GLOBAL,PWRWASPANXX01,WASPANXX,1,2028,1.0
GLOBAL,PWRWASPANXX01,WASPANXX,1,2029,1.0
GLOBAL,PWRWASPANXX01,WASPANXX,1,2030,1.0
GLOBAL,PWRWASPANXX01,WASPANXX,1,2031,1.0
GLOBAL,PWRWASPANXX01,WASPANXX,1,2032,1.0
GLOBAL,PWRWASPANXX01,WASPANXX,1,2033,1.0
GLOBAL,PWRWASPANXX01,WASPANXX,1,2034,1.0
GLOBAL,PWRWASPANXX01,WASPANXX,1,2035,1.0
GLOBAL,PWRWASPANXX01,WASPANXX,1,2036,1.0
GLOBAL,PWRWASPANXX01,WASPANXX,1,2037,1.0
GLOBAL,PWRWASPANXX01,WASPANXX,1,2038,1.0
GLOBAL,PWRWASPANXX01,WASPANXX,1,2039,1.0
GLOBAL,PWRWASPANXX01,WASPANXX,1,2040,1.0
GLOBAL,PWRWASPANXX01,WASPANXX,1,2041,1.0
GLOBAL,PWRWASPANXX01,WASPANXX,1,2042,1.0
GLOBAL,PWRWASPANXX01,WASPANXX,1,2043,1.0
GLOBAL,PWRWASPANXX01,WASPANXX,1,2044,1.0
GLOBAL,PWRWASPANXX01,WASPANXX,1,2045,1.0
GLOBAL,PWRWASPANXX01,WASPANXX,1,2046,1.0
GLOBAL,PWRWASPANXX01,WASPANXX,1,2047,1.0
GLOBAL,PWRWASPANXX01,WASPANXX,1,2048,1.0
GLOBAL,PWRWASPANXX01,WASPANXX,1,2049,1.0
GLOBAL,PWRWASPANXX01,WASPANXX,1,2050,1.0
GLOBAL,PWRWOFPANXX01,WOFPANXX,1,2021,1.0
GLOBAL,PWRWOFPANXX01,WOFPANXX,1,2022,1.0
GLOBAL,PWRWOFPANXX01,WOFPANXX,1,2023,1.0
GLOBAL,PWRWOFPANXX01,WOFPANXX,1,2024,1.0
GLOBAL,PWRWOFPANXX01,WOFPANXX,1,2025,1.0
GLOBAL,PWRWOFPANXX01,WOFPANXX,1,2026,1.0
GLOBAL,PWRWOFPANXX01,WOFPANXX,1,2027,1.0
GLOBAL,PWRWOFPANXX01,WOFPANXX,1,2028,1.0
GLOBAL,PWRWOFPANXX01,WOFPANXX,1,2029,1.0
GLOBAL,PWRWOFPANXX01,WOFPANXX,1,2030,1.0
GLOBAL,PWRWOFPANXX01,WOFPANXX,1,2031,1.0
GLOBAL,PWRWOFPANXX01,WOFPANXX,1,2032,1.0
GLOBAL,PWRWOFPANXX01,WOFPANXX,1,2033,1.0
GLOBAL,PWRWOFPANXX01,WOFPANXX,1,2034,1.0
GLOBAL,PWRWOFPANXX01,WOFPANXX,1,2035,1.0
GLOBAL,PWRWOFPANXX01,WOFPANXX,1,2036,1.0
GLOBAL,PWRWOFPANXX01,WOFPANXX,1,2037,1.0
GLOBAL,PWRWOFPANXX01,WOFPANXX,1,2038,1.0
GLOBAL,PWRWOFPANXX01,WOFPANXX,1,2039,1.0
GLOBAL,PWRWOFPANXX01,WOFPANXX,1,2040,1.0
GLOBAL,PWRWOFPANXX01,WOFPANXX,1,2041,1.0
GLOBAL,PWRWOFPANXX01,WOFPANXX,1,2042,1.0
GLOBAL,PWRWOFPANXX01,WOFPANXX,1,2043,1.0
GLOBAL,PWRWOFPANXX01,WOFPANXX,1,2044,1.0
GLOBAL,PWRWOFPANXX01,WOFPANXX,1,2045,1.0
GLOBAL,PWRWOFPANXX01,WOFPANXX,1,2046,1.0
GLOBAL,PWRWOFPANXX01,WOFPANXX,1,2047,1.0
GLOBAL,PWRWOFPANXX01,WOFPANXX,1,2048,1.0
GLOBAL,PWRWOFPANXX01,WOFPANXX,1,2049,1.0
GLOBAL,PWRWOFPANXX01,WOFPANXX,1,2050,1.0
GLOBAL,PWRWAVPANXX01,WAVPANXX,1,2021,1.0
GLOBAL,PWRWAVPANXX01,WAVPANXX,1,2022,1.0
GLOBAL,PWRWAVPANXX01,WAVPANXX,1,2023,1.0
GLOBAL,PWRWAVPANXX01,WAVPANXX,1,2024,1.0
GLOBAL,PWRWAVPANXX01,WAVPANXX,1,2025,1.0
GLOBAL,PWRWAVPANXX01,WAVPANXX,1,2026,1.0
GLOBAL,PWRWAVPANXX01,WAVPANXX,1,2027,1.0
GLOBAL,PWRWAVPANXX01,WAVPANXX,1,2028,1.0
GLOBAL,PWRWAVPANXX01,WAVPANXX,1,2029,1.0
GLOBAL,PWRWAVPANXX01,WAVPANXX,1,2030,1.0
GLOBAL,PWRWAVPANXX01,WAVPANXX,1,2031,1.0
GLOBAL,PWRWAVPANXX01,WAVPANXX,1,2032,1.0
GLOBAL,PWRWAVPANXX01,WAVPANXX,1,2033,1.0
GLOBAL,PWRWAVPANXX01,WAVPANXX,1,2034,1.0
GLOBAL,PWRWAVPANXX01,WAVPANXX,1,2035,1.0
GLOBAL,PWRWAVPANXX01,WAVPANXX,1,2036,1.0
GLOBAL,PWRWAVPANXX01,WAVPANXX,1,2037,1.0
GLOBAL,PWRWAVPANXX01,WAVPANXX,1,2038,1.0
GLOBAL,PWRWAVPANXX01,WAVPANXX,1,2039,1.0
GLOBAL,PWRWAVPANXX01,WAVPANXX,1,2040,1.0
GLOBAL,PWRWAVPANXX01,WAVPANXX,1,2041,1.0
GLOBAL,PWRWAVPANXX01,WAVPANXX,1,2042,1.0
GLOBAL,PWRWAVPANXX01,WAVPANXX,1,2043,1.0
GLOBAL,PWRWAVPANXX01,WAVPANXX,1,2044,1.0
GLOBAL,PWRWAVPANXX01,WAVPANXX,1,2045,1.0
GLOBAL,PWRWAVPANXX01,WAVPANXX,1,2046,1.0
GLOBAL,PWRWAVPANXX01,WAVPANXX,1,2047,1.0
GLOBAL,PWRWAVPANXX01,WAVPANXX,1,2048,1.0
GLOBAL,PWRWAVPANXX01,WAVPANXX,1,2049,1.0
GLOBAL,PWRWAVPANXX01,WAVPANXX,1,2050,1.0
GLOBAL,PWRPETPANXX01,PETPAN,1,2021,3.06
GLOBAL,PWRPETPANXX01,PETPAN,1,2022,3.06
GLOBAL,PWRPETPANXX01,PETPAN,1,2023,3.06
GLOBAL,PWRPETPANXX01,PETPAN,1,2024,3.06
GLOBAL,PWRPETPANXX01,PETPAN,1,2025,3.06
GLOBAL,PWRPETPANXX01,PETPAN,1,2026,3.06
GLOBAL,PWRPETPANXX01,PETPAN,1,2027,3.06
GLOBAL,PWRPETPANXX01,PETPAN,1,2028,3.06
GLOBAL,PWRPETPANXX01,PETPAN,1,2029,3.06
GLOBAL,PWRPETPANXX01,PETPAN,1,2030,3.06
GLOBAL,PWRPETPANXX01,PETPAN,1,2031,3.06
GLOBAL,PWRPETPANXX01,PETPAN,1,2032,3.06
GLOBAL,PWRPETPANXX01,PETPAN,1,2033,3.06
GLOBAL,PWRPETPANXX01,PETPAN,1,2034,3.06
GLOBAL,PWRPETPANXX01,PETPAN,1,2035,3.06
GLOBAL,PWRPETPANXX01,PETPAN,1,2036,3.06
GLOBAL,PWRPETPANXX01,PETPAN,1,2037,3.06
GLOBAL,PWRPETPANXX01,PETPAN,1,2038,3.06
GLOBAL,PWRPETPANXX01,PETPAN,1,2039,3.06
GLOBAL,PWRPETPANXX01,PETPAN,1,2040,3.06
GLOBAL,PWRPETPANXX01,PETPAN,1,2041,3.06
GLOBAL,PWRPETPANXX01,PETPAN,1,2042,3.06
GLOBAL,PWRPETPANXX01,PETPAN,1,2043,3.06
GLOBAL,PWRPETPANXX01,PETPAN,1,2044,3.06
GLOBAL,PWRPETPANXX01,PETPAN,1,2045,3.06
GLOBAL,PWRPETPANXX01,PETPAN,1,2046,3.06
GLOBAL,PWRPETPANXX01,PETPAN,1,2047,3.06
GLOBAL,PWRPETPANXX01,PETPAN,1,2048,3.06
GLOBAL,PWRPETPANXX01,PETPAN,1,2049,3.06
GLOBAL,PWRPETPANXX01,PETPAN,1,2050,3.06
GLOBAL,PWRPETPANXX01,PETINT,2,2021,3.06
GLOBAL,PWRPETPANXX01,PETINT,2,2022,3.06
GLOBAL,PWRPETPANXX01,PETINT,2,2023,3.06
GLOBAL,PWRPETPANXX01,PETINT,2,2024,3.06
GLOBAL,PWRPETPANXX01,PETINT,2,2025,3.06
GLOBAL,PWRPETPANXX01,PETINT,2,2026,3.06
GLOBAL,PWRPETPANXX01,PETINT,2,2027,3.06
GLOBAL,PWRPETPANXX01,PETINT,2,2028,3.06
GLOBAL,PWRPETPANXX01,PETINT,2,2029,3.06
GLOBAL,PWRPETPANXX01,PETINT,2,2030,3.06
GLOBAL,PWRPETPANXX01,PETINT,2,2031,3.06
GLOBAL,PWRPETPANXX01,PETINT,2,2032,3.06
GLOBAL,PWRPETPANXX01,PETINT,2,2033,3.06
GLOBAL,PWRPETPANXX01,PETINT,2,2034,3.06
GLOBAL,PWRPETPANXX01,PETINT,2,2035,3.06
GLOBAL,PWRPETPANXX01,PETINT,2,2036,3.06
GLOBAL,PWRPETPANXX01,PETINT,2,2037,3.06
GLOBAL,PWRPETPANXX01,PETINT,2,2038,3.06
GLOBAL,PWRPETPANXX01,PETINT,2,2039,3.06
GLOBAL,PWRPETPANXX01,PETINT,2,2040,3.06
GLOBAL,PWRPETPANXX01,PETINT,2,2041,3.06
GLOBAL,PWRPETPANXX01,PETINT,2,2042,3.06
GLOBAL,PWRPETPANXX01,PETINT,2,2043,3.06
GLOBAL,PWRPETPANXX01,PETINT,2,2044,3.06
GLOBAL,PWRPETPANXX01,PETINT,2,2045,3.06
GLOBAL,PWRPETPANXX01,PETINT,2,2046,3.06
GLOBAL,PWRPETPANXX01,PETINT,2,2047,3.06
GLOBAL,PWRPETPANXX01,PETINT,2,2048,3.06
GLOBAL,PWRPETPANXX01,PETINT,2,2049,3.06
GLOBAL,PWRPETPANXX01,PETINT,2,2050,3.06
GLOBAL,PWRGEOPANXX01,GEOPANXX,1,2021,1.0
GLOBAL,PWRGEOPANXX01,GEOPANXX,1,2022,1.0
GLOBAL,PWRGEOPANXX01,GEOPANXX,1,2023,1.0
GLOBAL,PWRGEOPANXX01,GEOPANXX,1,2024,1.0
GLOBAL,PWRGEOPANXX01,GEOPANXX,1,2025,1.0
GLOBAL,PWRGEOPANXX01,GEOPANXX,1,2026,1.0
GLOBAL,PWRGEOPANXX01,GEOPANXX,1,2027,1.0
GLOBAL,PWRGEOPANXX01,GEOPANXX,1,2028,1.0
GLOBAL,PWRGEOPANXX01,GEOPANXX,1,2029,1.0
GLOBAL,PWRGEOPANXX01,GEOPANXX,1,2030,1.0
GLOBAL,PWRGEOPANXX01,GEOPANXX,1,2031,1.0
GLOBAL,PWRGEOPANXX01,GEOPANXX,1,2032,1.0
GLOBAL,PWRGEOPANXX01,GEOPANXX,1,2033,1.0
GLOBAL,PWRGEOPANXX01,GEOPANXX,1,2034,1.0
GLOBAL,PWRGEOPANXX01,GEOPANXX,1,2035,1.0
GLOBAL,PWRGEOPANXX01,GEOPANXX,1,2036,1.0
GLOBAL,PWRGEOPANXX01,GEOPANXX,1,2037,1.0
GLOBAL,PWRGEOPANXX01,GEOPANXX,1,2038,1.0
GLOBAL,PWRGEOPANXX01,GEOPANXX,1,2039,1.0
GLOBAL,PWRGEOPANXX01,GEOPANXX,1,2040,1.0
GLOBAL,PWRGEOPANXX01,GEOPANXX,1,2041,1.0
GLOBAL,PWRGEOPANXX01,GEOPANXX,1,2042,1.0
GLOBAL,PWRGEOPANXX01,GEOPANXX,1,2043,1.0
GLOBAL,PWRGEOPANXX01,GEOPANXX,1,2044,1.0
GLOBAL,PWRGEOPANXX01,GEOPANXX,1,2045,1.0
GLOBAL,PWRGEOPANXX01,GEOPANXX,1,2046,1.0
GLOBAL,PWRGEOPANXX01,GEOPANXX,1,2047,1.0
GLOBAL,PWRGEOPANXX01,GEOPANXX,1,2048,1.0
GLOBAL,PWRGEOPANXX01,GEOPANXX,1,2049,1.0
GLOBAL,PWRGEOPANXX01,GEOPANXX,1,2050,1.0
GLOBAL,PWRCOGPANXX01,COGPAN,1,2021,2.92
GLOBAL,PWRCOGPANXX01,COGPAN,1,2022,2.92
GLOBAL,PWRCOGPANXX01,COGPAN,1,2023,2.92
GLOBAL,PWRCOGPANXX01,COGPAN,1,2024,2.92
GLOBAL,PWRCOGPANXX01,COGPAN,1,2025,2.92
GLOBAL,PWRCOGPANXX01,COGPAN,1,2026,2.92
GLOBAL,PWRCOGPANXX01,COGPAN,1,2027,2.92
GLOBAL,PWRCOGPANXX01,COGPAN,1,2028,2.92
GLOBAL,PWRCOGPANXX01,COGPAN,1,2029,2.92
GLOBAL,PWRCOGPANXX01,COGPAN,1,2030,2.92
GLOBAL,PWRCOGPANXX01,COGPAN,1,2031,2.92
GLOBAL,PWRCOGPANXX01,COGPAN,1,2032,2.92
GLOBAL,PWRCOGPANXX01,COGPAN,1,2033,2.92
GLOBAL,PWRCOGPANXX01,COGPAN,1,2034,2.92
GLOBAL,PWRCOGPANXX01,COGPAN,1,2035,2.92
GLOBAL,PWRCOGPANXX01,COGPAN,1,2036,2.92
GLOBAL,PWRCOGPANXX01,COGPAN,1,2037,2.92
GLOBAL,PWRCOGPANXX01,COGPAN,1,2038,2.92
GLOBAL,PWRCOGPANXX01,COGPAN,1,2039,2.92
GLOBAL,PWRCOGPANXX01,COGPAN,1,2040,2.92
GLOBAL,PWRCOGPANXX01,COGPAN,1,2041,2.92
GLOBAL,PWRCOGPANXX01,COGPAN,1,2042,2.92
GLOBAL,PWRCOGPANXX01,COGPAN,1,2043,2.92
GLOBAL,PWRCOGPANXX01,COGPAN,1,2044,2.92
GLOBAL,PWRCOGPANXX01,COGPAN,1,2045,2.92
GLOBAL,PWRCOGPANXX01,COGPAN,1,2046,2.92
GLOBAL,PWRCOGPANXX01,COGPAN,1,2047,2.92
GLOBAL,PWRCOGPANXX01,COGPAN,1,2048,2.92
GLOBAL,PWRCOGPANXX01,COGPAN,1,2049,2.92
GLOBAL,PWRCOGPANXX01,COGPAN,1,2050,2.92
GLOBAL,PWRCOGPANXX01,COGINT,2,2021,2.92
GLOBAL,PWRCOGPANXX01,COGINT,2,2022,2.92
GLOBAL,PWRCOGPANXX01,COGINT,2,2023,2.92
GLOBAL,PWRCOGPANXX01,COGINT,2,2024,2.92
GLOBAL,PWRCOGPANXX01,COGINT,2,2025,2.92
GLOBAL,PWRCOGPANXX01,COGINT,2,2026,2.92
GLOBAL,PWRCOGPANXX01,COGINT,2,2027,2.92
GLOBAL,PWRCOGPANXX01,COGINT,2,2028,2.92
GLOBAL,PWRCOGPANXX01,COGINT,2,2029,2.92
GLOBAL,PWRCOGPANXX01,COGINT,2,2030,2.92
GLOBAL,PWRCOGPANXX01,COGINT,2,2031,2.92
GLOBAL,PWRCOGPANXX01,COGINT,2,2032,2.92
GLOBAL,PWRCOGPANXX01,COGINT,2,2033,2.92
GLOBAL,PWRCOGPANXX01,COGINT,2,2034,2.92
GLOBAL,PWRCOGPANXX01,COGINT,2,2035,2.92
GLOBAL,PWRCOGPANXX01,COGINT,2,2036,2.92
GLOBAL,PWRCOGPANXX01,COGINT,2,2037,2.92
GLOBAL,PWRCOGPANXX01,COGINT,2,2038,2.92
GLOBAL,PWRCOGPANXX01,COGINT,2,2039,2.92
GLOBAL,PWRCOGPANXX01,COGINT,2,2040,2.92
GLOBAL,PWRCOGPANXX01,COGINT,2,2041,2.92
GLOBAL,PWRCOGPANXX01,COGINT,2,2042,2.92
GLOBAL,PWRCOGPANXX01,COGINT,2,2043,2.92
GLOBAL,PWRCOGPANXX01,COGINT,2,2044,2.92
GLOBAL,PWRCOGPANXX01,COGINT,2,2045,2.92
GLOBAL,PWRCOGPANXX01,COGINT,2,2046,2.92
GLOBAL,PWRCOGPANXX01,COGINT,2,2047,2.92
GLOBAL,PWRCOGPANXX01,COGINT,2,2048,2.92
GLOBAL,PWRCOGPANXX01,COGINT,2,2049,2.92
GLOBAL,PWRCOGPANXX01,COGINT,2,2050,2.92
GLOBAL,PWRCCSPANXX01,COAPAN,1,2021,3.0
GLOBAL,PWRCCSPANXX01,COAPAN,1,2022,3.0
GLOBAL,PWRCCSPANXX01,COAPAN,1,2023,3.0
GLOBAL,PWRCCSPANXX01,COAPAN,1,2024,3.0
GLOBAL,PWRCCSPANXX01,COAPAN,1,2025,3.0
GLOBAL,PWRCCSPANXX01,COAPAN,1,2026,3.0
GLOBAL,PWRCCSPANXX01,COAPAN,1,2027,3.0
GLOBAL,PWRCCSPANXX01,COAPAN,1,2028,3.0
GLOBAL,PWRCCSPANXX01,COAPAN,1,2029,3.0
GLOBAL,PWRCCSPANXX01,COAPAN,1,2030,3.0
GLOBAL,PWRCCSPANXX01,COAPAN,1,2031,3.0
GLOBAL,PWRCCSPANXX01,COAPAN,1,2032,3.0
GLOBAL,PWRCCSPANXX01,COAPAN,1,2033,3.0
GLOBAL,PWRCCSPANXX01,COAPAN,1,2034,3.0
GLOBAL,PWRCCSPANXX01,COAPAN,1,2035,3.0
GLOBAL,PWRCCSPANXX01,COAPAN,1,2036,3.0
GLOBAL,PWRCCSPANXX01,COAPAN,1,2037,3.0
GLOBAL,PWRCCSPANXX01,COAPAN,1,2038,3.0
GLOBAL,PWRCCSPANXX01,COAPAN,1,2039,3.0
GLOBAL,PWRCCSPANXX01,COAPAN,1,2040,3.0
GLOBAL,PWRCCSPANXX01,COAPAN,1,2041,3.0
GLOBAL,PWRCCSPANXX01,COAPAN,1,2042,3.0
GLOBAL,PWRCCSPANXX01,COAPAN,1,2043,3.0
GLOBAL,PWRCCSPANXX01,COAPAN,1,2044,3.0
GLOBAL,PWRCCSPANXX01,COAPAN,1,2045,3.0
GLOBAL,PWRCCSPANXX01,COAPAN,1,2046,3.0
GLOBAL,PWRCCSPANXX01,COAPAN,1,2047,3.0
GLOBAL,PWRCCSPANXX01,COAPAN,1,2048,3.0
GLOBAL,PWRCCSPANXX01,COAPAN,1,2049,3.0
GLOBAL,PWRCCSPANXX01,COAPAN,1,2050,3.0
GLOBAL,PWRCCSPANXX01,COAINT,2,2021,3.0
GLOBAL,PWRCCSPANXX01,COAINT,2,2022,3.0
GLOBAL,PWRCCSPANXX01,COAINT,2,2023,3.0
GLOBAL,PWRCCSPANXX01,COAINT,2,2024,3.0
GLOBAL,PWRCCSPANXX01,COAINT,2,2025,3.0
GLOBAL,PWRCCSPANXX01,COAINT,2,2026,3.0
GLOBAL,PWRCCSPANXX01,COAINT,2,2027,3.0
GLOBAL,PWRCCSPANXX01,COAINT,2,2028,3.0
GLOBAL,PWRCCSPANXX01,COAINT,2,2029,3.0
GLOBAL,PWRCCSPANXX01,COAINT,2,2030,3.0
GLOBAL,PWRCCSPANXX01,COAINT,2,2031,3.0
GLOBAL,PWRCCSPANXX01,COAINT,2,2032,3.0
GLOBAL,PWRCCSPANXX01,COAINT,2,2033,3.0
GLOBAL,PWRCCSPANXX01,COAINT,2,2034,3.0
GLOBAL,PWRCCSPANXX01,COAINT,2,2035,3.0
GLOBAL,PWRCCSPANXX01,COAINT,2,2036,3.0
GLOBAL,PWRCCSPANXX01,COAINT,2,2037,3.0
GLOBAL,PWRCCSPANXX01,COAINT,2,2038,3.0
GLOBAL,PWRCCSPANXX01,COAINT,2,2039,3.0
GLOBAL,PWRCCSPANXX01,COAINT,2,2040,3.0
GLOBAL,PWRCCSPANXX01,COAINT,2,2041,3.0
GLOBAL,PWRCCSPANXX01,COAINT,2,2042,3.0
GLOBAL,PWRCCSPANXX01,COAINT,2,2043,3.0
GLOBAL,PWRCCSPANXX01,COAINT,2,2044,3.0
GLOBAL,PWRCCSPANXX01,COAINT,2,2045,3.0
GLOBAL,PWRCCSPANXX01,COAINT,2,2046,3.0
GLOBAL,PWRCCSPANXX01,COAINT,2,2047,3.0
GLOBAL,PWRCCSPANXX01,COAINT,2,2048,3.0
GLOBAL,PWRCCSPANXX01,COAINT,2,2049,3.0
GLOBAL,PWRCCSPANXX01,COAINT,2,2050,3.0
GLOBAL,PWRCCGCRIXX01,GASCRI,1,2021,2.0
GLOBAL,PWRCCGCRIXX01,GASCRI,1,2022,2.0
GLOBAL,PWRCCGCRIXX01,GASCRI,1,2023,2.0
GLOBAL,PWRCCGCRIXX01,GASCRI,1,2024,2.0
GLOBAL,PWRCCGCRIXX01,GASCRI,1,2025,2.0
GLOBAL,PWRCCGCRIXX01,GASCRI,1,2026,2.0
GLOBAL,PWRCCGCRIXX01,GASCRI,1,2027,2.0
GLOBAL,PWRCCGCRIXX01,GASCRI,1,2028,2.0
GLOBAL,PWRCCGCRIXX01,GASCRI,1,2029,2.0
GLOBAL,PWRCCGCRIXX01,GASCRI,1,2030,2.0
GLOBAL,PWRCCGCRIXX01,GASCRI,1,2031,2.0
GLOBAL,PWRCCGCRIXX01,GASCRI,1,2032,2.0
GLOBAL,PWRCCGCRIXX01,GASCRI,1,2033,2.0
GLOBAL,PWRCCGCRIXX01,GASCRI,1,2034,2.0
GLOBAL,PWRCCGCRIXX01,GASCRI,1,2035,2.0
GLOBAL,PWRCCGCRIXX01,GASCRI,1,2036,2.0
GLOBAL,PWRCCGCRIXX01,GASCRI,1,2037,2.0
GLOBAL,PWRCCGCRIXX01,GASCRI,1,2038,2.0
GLOBAL,PWRCCGCRIXX01,GASCRI,1,2039,2.0
GLOBAL,PWRCCGCRIXX01,GASCRI,1,2040,2.0
GLOBAL,PWRCCGCRIXX01,GASCRI,1,2041,2.0
GLOBAL,PWRCCGCRIXX01,GASCRI,1,2042,2.0
GLOBAL,PWRCCGCRIXX01,GASCRI,1,2043,2.0
GLOBAL,PWRCCGCRIXX01,GASCRI,1,2044,2.0
GLOBAL,PWRCCGCRIXX01,GASCRI,1,2045,2.0
GLOBAL,PWRCCGCRIXX01,GASCRI,1,2046,2.0
GLOBAL,PWRCCGCRIXX01,GASCRI,1,2047,2.0
GLOBAL,PWRCCGCRIXX01,GASCRI,1,2048,2.0
GLOBAL,PWRCCGCRIXX01,GASCRI,1,2049,2.0
GLOBAL,PWRCCGCRIXX01,GASCRI,1,2050,2.0
GLOBAL,PWRCCGCRIXX01,GASINT,2,2021,2.0
GLOBAL,PWRCCGCRIXX01,GASINT,2,2022,2.0
GLOBAL,PWRCCGCRIXX01,GASINT,2,2023,2.0
GLOBAL,PWRCCGCRIXX01,GASINT,2,2024,2.0
GLOBAL,PWRCCGCRIXX01,GASINT,2,2025,2.0
GLOBAL,PWRCCGCRIXX01,GASINT,2,2026,2.0
GLOBAL,PWRCCGCRIXX01,GASINT,2,2027,2.0
GLOBAL,PWRCCGCRIXX01,GASINT,2,2028,2.0
GLOBAL,PWRCCGCRIXX01,GASINT,2,2029,2.0
GLOBAL,PWRCCGCRIXX01,GASINT,2,2030,2.0
GLOBAL,PWRCCGCRIXX01,GASINT,2,2031,2.0
GLOBAL,PWRCCGCRIXX01,GASINT,2,2032,2.0
GLOBAL,PWRCCGCRIXX01,GASINT,2,2033,2.0
GLOBAL,PWRCCGCRIXX01,GASINT,2,2034,2.0
GLOBAL,PWRCCGCRIXX01,GASINT,2,2035,2.0
GLOBAL,PWRCCGCRIXX01,GASINT,2,2036,2.0
GLOBAL,PWRCCGCRIXX01,GASINT,2,2037,2.0
GLOBAL,PWRCCGCRIXX01,GASINT,2,2038,2.0
GLOBAL,PWRCCGCRIXX01,GASINT,2,2039,2.0
GLOBAL,PWRCCGCRIXX01,GASINT,2,2040,2.0
GLOBAL,PWRCCGCRIXX01,GASINT,2,2041,2.0
GLOBAL,PWRCCGCRIXX01,GASINT,2,2042,2.0
GLOBAL,PWRCCGCRIXX01,GASINT,2,2043,2.0
GLOBAL,PWRCCGCRIXX01,GASINT,2,2044,2.0
GLOBAL,PWRCCGCRIXX01,GASINT,2,2045,2.0
GLOBAL,PWRCCGCRIXX01,GASINT,2,2046,2.0
GLOBAL,PWRCCGCRIXX01,GASINT,2,2047,2.0
GLOBAL,PWRCCGCRIXX01,GASINT,2,2048,2.0
GLOBAL,PWRCCGCRIXX01,GASINT,2,2049,2.0
GLOBAL,PWRCCGCRIXX01,GASINT,2,2050,2.0
GLOBAL,PWRCCGPANXX01,GASPAN,1,2021,2.0
GLOBAL,PWRCCGPANXX01,GASPAN,1,2022,2.0
GLOBAL,PWRCCGPANXX01,GASPAN,1,2023,2.0
GLOBAL,PWRCCGPANXX01,GASPAN,1,2024,2.0
GLOBAL,PWRCCGPANXX01,GASPAN,1,2025,2.0
GLOBAL,PWRCCGPANXX01,GASPAN,1,2026,2.0
GLOBAL,PWRCCGPANXX01,GASPAN,1,2027,2.0
GLOBAL,PWRCCGPANXX01,GASPAN,1,2028,2.0
GLOBAL,PWRCCGPANXX01,GASPAN,1,2029,2.0
GLOBAL,PWRCCGPANXX01,GASPAN,1,2030,2.0
GLOBAL,PWRCCGPANXX01,GASPAN,1,2031,2.0
GLOBAL,PWRCCGPANXX01,GASPAN,1,2032,2.0
GLOBAL,PWRCCGPANXX01,GASPAN,1,2033,2.0
GLOBAL,PWRCCGPANXX01,GASPAN,1,2034,2.0
GLOBAL,PWRCCGPANXX01,GASPAN,1,2035,2.0
GLOBAL,PWRCCGPANXX01,GASPAN,1,2036,2.0
GLOBAL,PWRCCGPANXX01,GASPAN,1,2037,2.0
GLOBAL,PWRCCGPANXX01,GASPAN,1,2038,2.0
GLOBAL,PWRCCGPANXX01,GASPAN,1,2039,2.0
GLOBAL,PWRCCGPANXX01,GASPAN,1,2040,2.0
GLOBAL,PWRCCGPANXX01,GASPAN,1,2041,2.0
GLOBAL,PWRCCGPANXX01,GASPAN,1,2042,2.0
GLOBAL,PWRCCGPANXX01,GASPAN,1,2043,2.0
GLOBAL,PWRCCGPANXX01,GASPAN,1,2044,2.0
GLOBAL,PWRCCGPANXX01,GASPAN,1,2045,2.0
GLOBAL,PWRCCGPANXX01,GASPAN,1,2046,2.0
GLOBAL,PWRCCGPANXX01,GASPAN,1,2047,2.0
GLOBAL,PWRCCGPANXX01,GASPAN,1,2048,2.0
GLOBAL,PWRCCGPANXX01,GASPAN,1,2049,2.0
GLOBAL,PWRCCGPANXX01,GASPAN,1,2050,2.0
GLOBAL,PWRCCGPANXX01,GASINT,2,2021,2.0
GLOBAL,PWRCCGPANXX01,GASINT,2,2022,2.0
GLOBAL,PWRCCGPANXX01,GASINT,2,2023,2.0
GLOBAL,PWRCCGPANXX01,GASINT,2,2024,2.0
GLOBAL,PWRCCGPANXX01,GASINT,2,2025,2.0
GLOBAL,PWRCCGPANXX01,GASINT,2,2026,2.0
GLOBAL,PWRCCGPANXX01,GASINT,2,2027,2.0
GLOBAL,PWRCCGPANXX01,GASINT,2,2028,2.0
GLOBAL,PWRCCGPANXX01,GASINT,2,2029,2.0
GLOBAL,PWRCCGPANXX01,GASINT,2,2030,2.0
GLOBAL,PWRCCGPANXX01,GASINT,2,2031,2.0
GLOBAL,PWRCCGPANXX01,GASINT,2,2032,2.0
GLOBAL,PWRCCGPANXX01,GASINT,2,2033,2.0
GLOBAL,PWRCCGPANXX01,GASINT,2,2034,2.0
GLOBAL,PWRCCGPANXX01,GASINT,2,2035,2.0
GLOBAL,PWRCCGPANXX01,GASINT,2,2036,2.0
GLOBAL,PWRCCGPANXX01,GASINT,2,2037,2.0
GLOBAL,PWRCCGPANXX01,GASINT,2,2038,2.0
GLOBAL,PWRCCGPANXX01,GASINT,2,2039,2.0
GLOBAL,PWRCCGPANXX01,GASINT,2,2040,2.0
GLOBAL,PWRCCGPANXX01,GASINT,2,2041,2.0
GLOBAL,PWRCCGPANXX01,GASINT,2,2042,2.0
GLOBAL,PWRCCGPANXX01,GASINT,2,2043,2.0
GLOBAL,PWRCCGPANXX01,GASINT,2,2044,2.0
GLOBAL,PWRCCGPANXX01,GASINT,2,2045,2.0
GLOBAL,PWRCCGPANXX01,GASINT,2,2046,2.0
GLOBAL,PWRCCGPANXX01,GASINT,2,2047,2.0
GLOBAL,PWRCCGPANXX01,GASINT,2,2048,2.0
GLOBAL,PWRCCGPANXX01,GASINT,2,2049,2.0
GLOBAL,PWRCCGPANXX01,GASINT,2,2050,2.0
GLOBAL,PWROCGCRIXX01,GASCRI,1,2021,2.857
GLOBAL,PWROCGCRIXX01,GASCRI,1,2022,2.857
GLOBAL,PWROCGCRIXX01,GASCRI,1,2023,2.857
GLOBAL,PWROCGCRIXX01,GASCRI,1,2024,2.857
GLOBAL,PWROCGCRIXX01,GASCRI,1,2025,2.857
GLOBAL,PWROCGCRIXX01,GASCRI,1,2026,2.857
GLOBAL,PWROCGCRIXX01,GASCRI,1,2027,2.857
GLOBAL,PWROCGCRIXX01,GASCRI,1,2028,2.857
GLOBAL,PWROCGCRIXX01,GASCRI,1,2029,2.857
GLOBAL,PWROCGCRIXX01,GASCRI,1,2030,2.857
GLOBAL,PWROCGCRIXX01,GASCRI,1,2031,2.857
GLOBAL,PWROCGCRIXX01,GASCRI,1,2032,2.857
GLOBAL,PWROCGCRIXX01,GASCRI,1,2033,2.857
GLOBAL,PWROCGCRIXX01,GASCRI,1,2034,2.857
GLOBAL,PWROCGCRIXX01,GASCRI,1,2035,2.857
GLOBAL,PWROCGCRIXX01,GASCRI,1,2036,2.857
GLOBAL,PWROCGCRIXX01,GASCRI,1,2037,2.857
GLOBAL,PWROCGCRIXX01,GASCRI,1,2038,2.857
GLOBAL,PWROCGCRIXX01,GASCRI,1,2039,2.857
GLOBAL,PWROCGCRIXX01,GASCRI,1,2040,2.857
GLOBAL,PWROCGCRIXX01,GASCRI,1,2041,2.857
GLOBAL,PWROCGCRIXX01,GASCRI,1,2042,2.857
GLOBAL,PWROCGCRIXX01,GASCRI,1,2043,2.857
GLOBAL,PWROCGCRIXX01,GASCRI,1,2044,2.857
GLOBAL,PWROCGCRIXX01,GASCRI,1,2045,2.857
GLOBAL,PWROCGCRIXX01,GASCRI,1,2046,2.857
GLOBAL,PWROCGCRIXX01,GASCRI,1,2047,2.857
GLOBAL,PWROCGCRIXX01,GASCRI,1,2048,2.857
GLOBAL,PWROCGCRIXX01,GASCRI,1,2049,2.857
GLOBAL,PWROCGCRIXX01,GASCRI,1,2050,2.857
GLOBAL,PWROCGCRIXX01,GASINT,2,2021,2.857
GLOBAL,PWROCGCRIXX01,GASINT,2,2022,2.857
GLOBAL,PWROCGCRIXX01,GASINT,2,2023,2.857
GLOBAL,PWROCGCRIXX01,GASINT,2,2024,2.857
GLOBAL,PWROCGCRIXX01,GASINT,2,2025,2.857
GLOBAL,PWROCGCRIXX01,GASINT,2,2026,2.857
GLOBAL,PWROCGCRIXX01,GASINT,2,2027,2.857
GLOBAL,PWROCGCRIXX01,GASINT,2,2028,2.857
GLOBAL,PWROCGCRIXX01,GASINT,2,2029,2.857
GLOBAL,PWROCGCRIXX01,GASINT,2,2030,2.857
GLOBAL,PWROCGCRIXX01,GASINT,2,2031,2.857
GLOBAL,PWROCGCRIXX01,GASINT,2,2032,2.857
GLOBAL,PWROCGCRIXX01,GASINT,2,2033,2.857
GLOBAL,PWROCGCRIXX01,GASINT,2,2034,2.857
GLOBAL,PWROCGCRIXX01,GASINT,2,2035,2.857
GLOBAL,PWROCGCRIXX01,GASINT,2,2036,2.857
GLOBAL,PWROCGCRIXX01,GASINT,2,2037,2.857
GLOBAL,PWROCGCRIXX01,GASINT,2,2038,2.857
GLOBAL,PWROCGCRIXX01,GASINT,2,2039,2.857
GLOBAL,PWROCGCRIXX01,GASINT,2,2040,2.857
GLOBAL,PWROCGCRIXX01,GASINT,2,2041,2.857
GLOBAL,PWROCGCRIXX01,GASINT,2,2042,2.857
GLOBAL,PWROCGCRIXX01,GASINT,2,2043,2.857
GLOBAL,PWROCGCRIXX01,GASINT,2,2044,2.857
GLOBAL,PWROCGCRIXX01,GASINT,2,2045,2.857
GLOBAL,PWROCGCRIXX01,GASINT,2,2046,2.857
GLOBAL,PWROCGCRIXX01,GASINT,2,2047,2.857
GLOBAL,PWROCGCRIXX01,GASINT,2,2048,2.857
GLOBAL,PWROCGCRIXX01,GASINT,2,2049,2.857
GLOBAL,PWROCGCRIXX01,GASINT,2,2050,2.857
GLOBAL,PWROCGPANXX01,GASPAN,1,2021,2.857
GLOBAL,PWROCGPANXX01,GASPAN,1,2022,2.857
GLOBAL,PWROCGPANXX01,GASPAN,1,2023,2.857
GLOBAL,PWROCGPANXX01,GASPAN,1,2024,2.857
GLOBAL,PWROCGPANXX01,GASPAN,1,2025,2.857
GLOBAL,PWROCGPANXX01,GASPAN,1,2026,2.857
GLOBAL,PWROCGPANXX01,GASPAN,1,2027,2.857
GLOBAL,PWROCGPANXX01,GASPAN,1,2028,2.857
GLOBAL,PWROCGPANXX01,GASPAN,1,2029,2.857
GLOBAL,PWROCGPANXX01,GASPAN,1,2030,2.857
GLOBAL,PWROCGPANXX01,GASPAN,1,2031,2.857
GLOBAL,PWROCGPANXX01,GASPAN,1,2032,2.857
GLOBAL,PWROCGPANXX01,GASPAN,1,2033,2.857
GLOBAL,PWROCGPANXX01,GASPAN,1,2034,2.857
GLOBAL,PWROCGPANXX01,GASPAN,1,2035,2.857
GLOBAL,PWROCGPANXX01,GASPAN,1,2036,2.857
GLOBAL,PWROCGPANXX01,GASPAN,1,2037,2.857
GLOBAL,PWROCGPANXX01,GASPAN,1,2038,2.857
GLOBAL,PWROCGPANXX01,GASPAN,1,2039,2.857
GLOBAL,PWROCGPANXX01,GASPAN,1,2040,2.857
GLOBAL,PWROCGPANXX01,GASPAN,1,2041,2.857
GLOBAL,PWROCGPANXX01,GASPAN,1,2042,2.857
GLOBAL,PWROCGPANXX01,GASPAN,1,2043,2.857
GLOBAL,PWROCGPANXX01,GASPAN,1,2044,2.857
GLOBAL,PWROCGPANXX01,GASPAN,1,2045,2.857
GLOBAL,PWROCGPANXX01,GASPAN,1,2046,2.857
GLOBAL,PWROCGPANXX01,GASPAN,1,2047,2.857
GLOBAL,PWROCGPANXX01,GASPAN,1,2048,2.857
GLOBAL,PWROCGPANXX01,GASPAN,1,2049,2.857
GLOBAL,PWROCGPANXX01,GASPAN,1,2050,2.857
GLOBAL,PWROCGPANXX01,GASINT,2,2021,2.857
GLOBAL,PWROCGPANXX01,GASINT,2,2022,2.857
GLOBAL,PWROCGPANXX01,GASINT,2,2023,2.857
GLOBAL,PWROCGPANXX01,GASINT,2,2024,2.857
GLOBAL,PWROCGPANXX01,GASINT,2,2025,2.857
GLOBAL,PWROCGPANXX01,GASINT,2,2026,2.857
GLOBAL,PWROCGPANXX01,GASINT,2,2027,2.857
GLOBAL,PWROCGPANXX01,GASINT,2,2028,2.857
GLOBAL,PWROCGPANXX01,GASINT,2,2029,2.857
GLOBAL,PWROCGPANXX01,GASINT,2,2030,2.857
GLOBAL,PWROCGPANXX01,GASINT,2,2031,2.857
GLOBAL,PWROCGPANXX01,GASINT,2,2032,2.857
GLOBAL,PWROCGPANXX01,GASINT,2,2033,2.857
GLOBAL,PWROCGPANXX01,GASINT,2,2034,2.857
GLOBAL,PWROCGPANXX01,GASINT,2,2035,2.857
GLOBAL,PWROCGPANXX01,GASINT,2,2036,2.857
GLOBAL,PWROCGPANXX01,GASINT,2,2037,2.857
GLOBAL,PWROCGPANXX01,GASINT,2,2038,2.857
GLOBAL,PWROCGPANXX01,GASINT,2,2039,2.857
GLOBAL,PWROCGPANXX01,GASINT,2,2040,2.857
GLOBAL,PWROCGPANXX01,GASINT,2,2041,2.857
GLOBAL,PWROCGPANXX01,GASINT,2,2042,2.857
GLOBAL,PWROCGPANXX01,GASINT,2,2043,2.857
GLOBAL,PWROCGPANXX01,GASINT,2,2044,2.857
GLOBAL,PWROCGPANXX01,GASINT,2,2045,2.857
GLOBAL,PWROCGPANXX01,GASINT,2,2046,2.857
GLOBAL,PWROCGPANXX01,GASINT,2,2047,2.857
GLOBAL,PWROCGPANXX01,GASINT,2,2048,2.857
GLOBAL,PWROCGPANXX01,GASINT,2,2049,2.857
GLOBAL,PWROCGPANXX01,GASINT,2,2050,2.857
GLOBAL,PWRTRNCRIXX,ELCCRIXX01,1,2021,1.0
GLOBAL,PWRTRNCRIXX,ELCCRIXX01,1,2022,1.0
GLOBAL,PWRTRNCRIXX,ELCCRIXX01,1,2023,1.0
GLOBAL,PWRTRNCRIXX,ELCCRIXX01,1,2024,1.0
GLOBAL,PWRTRNCRIXX,ELCCRIXX01,1,2025,1.0
GLOBAL,PWRTRNCRIXX,ELCCRIXX01,1,2026,1.0
GLOBAL,PWRTRNCRIXX,ELCCRIXX01,1,2027,1.0
GLOBAL,PWRTRNCRIXX,ELCCRIXX01,1,2028,1.0
GLOBAL,PWRTRNCRIXX,ELCCRIXX01,1,2029,1.0
GLOBAL,PWRTRNCRIXX,ELCCRIXX01,1,2030,1.0
GLOBAL,PWRTRNCRIXX,ELCCRIXX01,1,2031,1.0
GLOBAL,PWRTRNCRIXX,ELCCRIXX01,1,2032,1.0
GLOBAL,PWRTRNCRIXX,ELCCRIXX01,1,2033,1.0
GLOBAL,PWRTRNCRIXX,ELCCRIXX01,1,2034,1.0
GLOBAL,PWRTRNCRIXX,ELCCRIXX01,1,2035,1.0
GLOBAL,PWRTRNCRIXX,ELCCRIXX01,1,2036,1.0
GLOBAL,PWRTRNCRIXX,ELCCRIXX01,1,2037,1.0
GLOBAL,PWRTRNCRIXX,ELCCRIXX01,1,2038,1.0
GLOBAL,PWRTRNCRIXX,ELCCRIXX01,1,2039,1.0
GLOBAL,PWRTRNCRIXX,ELCCRIXX01,1,2040,1.0
GLOBAL,PWRTRNCRIXX,ELCCRIXX01,1,2041,1.0
GLOBAL,PWRTRNCRIXX,ELCCRIXX01,1,2042,1.0
GLOBAL,PWRTRNCRIXX,ELCCRIXX01,1,2043,1.0
GLOBAL,PWRTRNCRIXX,ELCCRIXX01,1,2044,1.0
GLOBAL,PWRTRNCRIXX,ELCCRIXX01,1,2045,1.0
GLOBAL,PWRTRNCRIXX,ELCCRIXX01,1,2046,1.0
GLOBAL,PWRTRNCRIXX,ELCCRIXX01,1,2047,1.0
GLOBAL,PWRTRNCRIXX,ELCCRIXX01,1,2048,1.0
GLOBAL,PWRTRNCRIXX,ELCCRIXX01,1,2049,1.0
GLOBAL,PWRTRNCRIXX,ELCCRIXX01,1,2050,1.0
GLOBAL,PWRTRNPANXX,ELCPANXX01,1,2021,1.0
GLOBAL,PWRTRNPANXX,ELCPANXX01,1,2022,1.0
GLOBAL,PWRTRNPANXX,ELCPANXX01,1,2023,1.0
GLOBAL,PWRTRNPANXX,ELCPANXX01,1,2024,1.0
GLOBAL,PWRTRNPANXX,ELCPANXX01,1,2025,1.0
GLOBAL,PWRTRNPANXX,ELCPANXX01,1,2026,1.0
GLOBAL,PWRTRNPANXX,ELCPANXX01,1,2027,1.0
GLOBAL,PWRTRNPANXX,ELCPANXX01,1,2028,1.0
GLOBAL,PWRTRNPANXX,ELCPANXX01,1,2029,1.0
GLOBAL,PWRTRNPANXX,ELCPANXX01,1,2030,1.0
GLOBAL,PWRTRNPANXX,ELCPANXX01,1,2031,1.0
GLOBAL,PWRTRNPANXX,ELCPANXX01,1,2032,1.0
GLOBAL,PWRTRNPANXX,ELCPANXX01,1,2033,1.0
GLOBAL,PWRTRNPANXX,ELCPANXX01,1,2034,1.0
GLOBAL,PWRTRNPANXX,ELCPANXX01,1,2035,1.0
GLOBAL,PWRTRNPANXX,ELCPANXX01,1,2036,1.0
GLOBAL,PWRTRNPANXX,ELCPANXX01,1,2037,1.0
GLOBAL,PWRTRNPANXX,ELCPANXX01,1,2038,1.0
GLOBAL,PWRTRNPANXX,ELCPANXX01,1,2039,1.0
GLOBAL,PWRTRNPANXX,ELCPANXX01,1,2040,1.0
GLOBAL,PWRTRNPANXX,ELCPANXX01,1,2041,1.0
GLOBAL,PWRTRNPANXX,ELCPANXX01,1,2042,1.0
GLOBAL,PWRTRNPANXX,ELCPANXX01,1,2043,1.0
GLOBAL,PWRTRNPANXX,ELCPANXX01,1,2044,1.0
GLOBAL,PWRTRNPANXX,ELCPANXX01,1,2045,1.0
GLOBAL,PWRTRNPANXX,ELCPANXX01,1,2046,1.0
GLOBAL,PWRTRNPANXX,ELCPANXX01,1,2047,1.0
GLOBAL,PWRTRNPANXX,ELCPANXX01,1,2048,1.0
GLOBAL,PWRTRNPANXX,ELCPANXX01,1,2049,1.0
GLOBAL,PWRTRNPANXX,ELCPANXX01,1,2050,1.0
GLOBAL,TRNCRIXXPANXX,ELCCRIXX02,1,2021,1.0
GLOBAL,TRNCRIXXPANXX,ELCCRIXX02,1,2022,1.0
GLOBAL,TRNCRIXXPANXX,ELCCRIXX02,1,2023,1.0
GLOBAL,TRNCRIXXPANXX,ELCCRIXX02,1,2024,1.0
GLOBAL,TRNCRIXXPANXX,ELCCRIXX02,1,2025,1.0
GLOBAL,TRNCRIXXPANXX,ELCCRIXX02,1,2026,1.0
GLOBAL,TRNCRIXXPANXX,ELCCRIXX02,1,2027,1.0
GLOBAL,TRNCRIXXPANXX,ELCCRIXX02,1,2028,1.0
GLOBAL,TRNCRIXXPANXX,ELCCRIXX02,1,2029,1.0
GLOBAL,TRNCRIXXPANXX,ELCCRIXX02,1,2030,1.0
GLOBAL,TRNCRIXXPANXX,ELCCRIXX02,1,2031,1.0
GLOBAL,TRNCRIXXPANXX,ELCCRIXX02,1,2032,1.0
GLOBAL,TRNCRIXXPANXX,ELCCRIXX02,1,2033,1.0
GLOBAL,TRNCRIXXPANXX,ELCCRIXX02,1,2034,1.0
GLOBAL,TRNCRIXXPANXX,ELCCRIXX02,1,2035,1.0
GLOBAL,TRNCRIXXPANXX,ELCCRIXX02,1,2036,1.0
GLOBAL,TRNCRIXXPANXX,ELCCRIXX02,1,2037,1.0
GLOBAL,TRNCRIXXPANXX,ELCCRIXX02,1,2038,1.0
GLOBAL,TRNCRIXXPANXX,ELCCRIXX02,1,2039,1.0
GLOBAL,TRNCRIXXPANXX,ELCCRIXX02,1,2040,1.0
GLOBAL,TRNCRIXXPANXX,ELCCRIXX02,1,2041,1.0
GLOBAL,TRNCRIXXPANXX,ELCCRIXX02,1,2042,1.0
GLOBAL,TRNCRIXXPANXX,ELCCRIXX02,1,2043,1.0
GLOBAL,TRNCRIXXPANXX,ELCCRIXX02,1,2044,1.0
GLOBAL,TRNCRIXXPANXX,ELCCRIXX02,1,2045,1.0
GLOBAL,TRNCRIXXPANXX,ELCCRIXX02,1,2046,1.0
GLOBAL,TRNCRIXXPANXX,ELCCRIXX02,1,2047,1.0
GLOBAL,TRNCRIXXPANXX,ELCCRIXX02,1,2048,1.0
GLOBAL,TRNCRIXXPANXX,ELCCRIXX02,1,2049,1.0
GLOBAL,TRNCRIXXPANXX,ELCCRIXX02,1,2050,1.0
GLOBAL,TRNCRIXXPANXX,ELCPANXX02,2,2021,1.0
GLOBAL,TRNCRIXXPANXX,ELCPANXX02,2,2022,1.0
GLOBAL,TRNCRIXXPANXX,ELCPANXX02,2,2023,1.0
GLOBAL,TRNCRIXXPANXX,ELCPANXX02,2,2024,1.0
GLOBAL,TRNCRIXXPANXX,ELCPANXX02,2,2025,1.0
GLOBAL,TRNCRIXXPANXX,ELCPANXX02,2,2026,1.0
GLOBAL,TRNCRIXXPANXX,ELCPANXX02,2,2027,1.0
GLOBAL,TRNCRIXXPANXX,ELCPANXX02,2,2028,1.0
GLOBAL,TRNCRIXXPANXX,ELCPANXX02,2,2029,1.0
GLOBAL,TRNCRIXXPANXX,ELCPANXX02,2,2030,1.0
GLOBAL,TRNCRIXXPANXX,ELCPANXX02,2,2031,1.0
GLOBAL,TRNCRIXXPANXX,ELCPANXX02,2,2032,1.0
GLOBAL,TRNCRIXXPANXX,ELCPANXX02,2,2033,1.0
GLOBAL,TRNCRIXXPANXX,ELCPANXX02,2,2034,1.0
GLOBAL,TRNCRIXXPANXX,ELCPANXX02,2,2035,1.0
GLOBAL,TRNCRIXXPANXX,ELCPANXX02,2,2036,1.0
GLOBAL,TRNCRIXXPANXX,ELCPANXX02,2,2037,1.0
GLOBAL,TRNCRIXXPANXX,ELCPANXX02,2,2038,1.0
GLOBAL,TRNCRIXXPANXX,ELCPANXX02,2,2039,1.0
GLOBAL,TRNCRIXXPANXX,ELCPANXX02,2,2040,1.0
GLOBAL,TRNCRIXXPANXX,ELCPANXX02,2,2041,1.0
GLOBAL,TRNCRIXXPANXX,ELCPANXX02,2,2042,1.0
GLOBAL,TRNCRIXXPANXX,ELCPANXX02,2,2043,1.0
GLOBAL,TRNCRIXXPANXX,ELCPANXX02,2,2044,1.0
GLOBAL,TRNCRIXXPANXX,ELCPANXX02,2,2045,1.0
GLOBAL,TRNCRIXXPANXX,ELCPANXX02,2,2046,1.0
GLOBAL,TRNCRIXXPANXX,ELCPANXX02,2,2047,1.0
GLOBAL,TRNCRIXXPANXX,ELCPANXX02,2,2048,1.0
GLOBAL,TRNCRIXXPANXX,ELCPANXX02,2,2049,1.0
GLOBAL,TRNCRIXXPANXX,ELCPANXX02,2,2050,1.0
GLOBAL,PWRSDSCRIXX01,ELCCRIXX01,1,2021,1.0
GLOBAL,PWRSDSCRIXX01,ELCCRIXX01,1,2022,1.0
GLOBAL,PWRSDSCRIXX01,ELCCRIXX01,1,2023,1.0
GLOBAL,PWRSDSCRIXX01,ELCCRIXX01,1,2024,1.0
GLOBAL,PWRSDSCRIXX01,ELCCRIXX01,1,2025,1.0
GLOBAL,PWRSDSCRIXX01,ELCCRIXX01,1,2026,1.0
GLOBAL,PWRSDSCRIXX01,ELCCRIXX01,1,2027,1.0
GLOBAL,PWRSDSCRIXX01,ELCCRIXX01,1,2028,1.0
GLOBAL,PWRSDSCRIXX01,ELCCRIXX01,1,2029,1.0
GLOBAL,PWRSDSCRIXX01,ELCCRIXX01,1,2030,1.0
GLOBAL,PWRSDSCRIXX01,ELCCRIXX01,1,2031,1.0
GLOBAL,PWRSDSCRIXX01,ELCCRIXX01,1,2032,1.0
GLOBAL,PWRSDSCRIXX01,ELCCRIXX01,1,2033,1.0
GLOBAL,PWRSDSCRIXX01,ELCCRIXX01,1,2034,1.0
GLOBAL,PWRSDSCRIXX01,ELCCRIXX01,1,2035,1.0
GLOBAL,PWRSDSCRIXX01,ELCCRIXX01,1,2036,1.0
GLOBAL,PWRSDSCRIXX01,ELCCRIXX01,1,2037,1.0
GLOBAL,PWRSDSCRIXX01,ELCCRIXX01,1,2038,1.0
GLOBAL,PWRSDSCRIXX01,ELCCRIXX01,1,2039,1.0
GLOBAL,PWRSDSCRIXX01,ELCCRIXX01,1,2040,1.0
GLOBAL,PWRSDSCRIXX01,ELCCRIXX01,1,2041,1.0
GLOBAL,PWRSDSCRIXX01,ELCCRIXX01,1,2042,1.0
GLOBAL,PWRSDSCRIXX01,ELCCRIXX01,1,2043,1.0
GLOBAL,PWRSDSCRIXX01,ELCCRIXX01,1,2044,1.0
GLOBAL,PWRSDSCRIXX01,ELCCRIXX01,1,2045,1.0
GLOBAL,PWRSDSCRIXX01,ELCCRIXX01,1,2046,1.0
GLOBAL,PWRSDSCRIXX01,ELCCRIXX01,1,2047,1.0
GLOBAL,PWRSDSCRIXX01,ELCCRIXX01,1,2048,1.0
GLOBAL,PWRSDSCRIXX01,ELCCRIXX01,1,2049,1.0
GLOBAL,PWRSDSCRIXX01,ELCCRIXX01,1,2050,1.0
GLOBAL,PWRSDSPANXX01,ELCPANXX01,1,2021,1.0
GLOBAL,PWRSDSPANXX01,ELCPANXX01,1,2022,1.0
GLOBAL,PWRSDSPANXX01,ELCPANXX01,1,2023,1.0
GLOBAL,PWRSDSPANXX01,ELCPANXX01,1,2024,1.0
GLOBAL,PWRSDSPANXX01,ELCPANXX01,1,2025,1.0
GLOBAL,PWRSDSPANXX01,ELCPANXX01,1,2026,1.0
GLOBAL,PWRSDSPANXX01,ELCPANXX01,1,2027,1.0
GLOBAL,PWRSDSPANXX01,ELCPANXX01,1,2028,1.0
GLOBAL,PWRSDSPANXX01,ELCPANXX01,1,2029,1.0
GLOBAL,PWRSDSPANXX01,ELCPANXX01,1,2030,1.0
GLOBAL,PWRSDSPANXX01,ELCPANXX01,1,2031,1.0
GLOBAL,PWRSDSPANXX01,ELCPANXX01,1,2032,1.0
GLOBAL,PWRSDSPANXX01,ELCPANXX01,1,2033,1.0
GLOBAL,PWRSDSPANXX01,ELCPANXX01,1,2034,1.0
GLOBAL,PWRSDSPANXX01,ELCPANXX01,1,2035,1.0
GLOBAL,PWRSDSPANXX01,ELCPANXX01,1,2036,1.0
GLOBAL,PWRSDSPANXX01,ELCPANXX01,1,2037,1.0
GLOBAL,PWRSDSPANXX01,ELCPANXX01,1,2038,1.0
GLOBAL,PWRSDSPANXX01,ELCPANXX01,1,2039,1.0
GLOBAL,PWRSDSPANXX01,ELCPANXX01,1,2040,1.0
GLOBAL,PWRSDSPANXX01,ELCPANXX01,1,2041,1.0
GLOBAL,PWRSDSPANXX01,ELCPANXX01,1,2042,1.0
GLOBAL,PWRSDSPANXX01,ELCPANXX01,1,2043,1.0
GLOBAL,PWRSDSPANXX01,ELCPANXX01,1,2044,1.0
GLOBAL,PWRSDSPANXX01,ELCPANXX01,1,2045,1.0
GLOBAL,PWRSDSPANXX01,ELCPANXX01,1,2046,1.0
GLOBAL,PWRSDSPANXX01,ELCPANXX01,1,2047,1.0
GLOBAL,PWRSDSPANXX01,ELCPANXX01,1,2048,1.0
GLOBAL,PWRSDSPANXX01,ELCPANXX01,1,2049,1.0
GLOBAL,PWRSDSPANXX01,ELCPANXX01,1,2050,1.0
GLOBAL,PWRLDSCRIXX01,ELCCRIXX01,1,2021,1.0
GLOBAL,PWRLDSCRIXX01,ELCCRIXX01,1,2022,1.0
GLOBAL,PWRLDSCRIXX01,ELCCRIXX01,1,2023,1.0
GLOBAL,PWRLDSCRIXX01,ELCCRIXX01,1,2024,1.0
GLOBAL,PWRLDSCRIXX01,ELCCRIXX01,1,2025,1.0
GLOBAL,PWRLDSCRIXX01,ELCCRIXX01,1,2026,1.0
GLOBAL,PWRLDSCRIXX01,ELCCRIXX01,1,2027,1.0
GLOBAL,PWRLDSCRIXX01,ELCCRIXX01,1,2028,1.0
GLOBAL,PWRLDSCRIXX01,ELCCRIXX01,1,2029,1.0
GLOBAL,PWRLDSCRIXX01,ELCCRIXX01,1,2030,1.0
GLOBAL,PWRLDSCRIXX01,ELCCRIXX01,1,2031,1.0
GLOBAL,PWRLDSCRIXX01,ELCCRIXX01,1,2032,1.0
GLOBAL,PWRLDSCRIXX01,ELCCRIXX01,1,2033,1.0
GLOBAL,PWRLDSCRIXX01,ELCCRIXX01,1,2034,1.0
GLOBAL,PWRLDSCRIXX01,ELCCRIXX01,1,2035,1.0
GLOBAL,PWRLDSCRIXX01,ELCCRIXX01,1,2036,1.0
GLOBAL,PWRLDSCRIXX01,ELCCRIXX01,1,2037,1.0
GLOBAL,PWRLDSCRIXX01,ELCCRIXX01,1,2038,1.0
GLOBAL,PWRLDSCRIXX01,ELCCRIXX01,1,2039,1.0
GLOBAL,PWRLDSCRIXX01,ELCCRIXX01,1,2040,1.0
GLOBAL,PWRLDSCRIXX01,ELCCRIXX01,1,2041,1.0
GLOBAL,PWRLDSCRIXX01,ELCCRIXX01,1,2042,1.0
GLOBAL,PWRLDSCRIXX01,ELCCRIXX01,1,2043,1.0
GLOBAL,PWRLDSCRIXX01,ELCCRIXX01,1,2044,1.0
GLOBAL,PWRLDSCRIXX01,ELCCRIXX01,1,2045,1.0
GLOBAL,PWRLDSCRIXX01,ELCCRIXX01,1,2046,1.0
GLOBAL,PWRLDSCRIXX01,ELCCRIXX01,1,2047,1.0
GLOBAL,PWRLDSCRIXX01,ELCCRIXX01,1,2048,1.0
GLOBAL,PWRLDSCRIXX01,ELCCRIXX01,1,2049,1.0
GLOBAL,PWRLDSCRIXX01,ELCCRIXX01,1,2050,1.0
GLOBAL,PWRLDSPANXX01,ELCPANXX01,1,2021,1.0
GLOBAL,PWRLDSPANXX01,ELCPANXX01,1,2022,1.0
GLOBAL,PWRLDSPANXX01,ELCPANXX01,1,2023,1.0
GLOBAL,PWRLDSPANXX01,ELCPANXX01,1,2024,1.0
GLOBAL,PWRLDSPANXX01,ELCPANXX01,1,2025,1.0
GLOBAL,PWRLDSPANXX01,ELCPANXX01,1,2026,1.0
GLOBAL,PWRLDSPANXX01,ELCPANXX01,1,2027,1.0
GLOBAL,PWRLDSPANXX01,ELCPANXX01,1,2028,1.0
GLOBAL,PWRLDSPANXX01,ELCPANXX01,1,2029,1.0
GLOBAL,PWRLDSPANXX01,ELCPANXX01,1,2030,1.0
GLOBAL,PWRLDSPANXX01,ELCPANXX01,1,2031,1.0
GLOBAL,PWRLDSPANXX01,ELCPANXX01,1,2032,1.0
GLOBAL,PWRLDSPANXX01,ELCPANXX01,1,2033,1.0
GLOBAL,PWRLDSPANXX01,ELCPANXX01,1,2034,1.0
GLOBAL,PWRLDSPANXX01,ELCPANXX01,1,2035,1.0
GLOBAL,PWRLDSPANXX01,ELCPANXX01,1,2036,1.0
GLOBAL,PWRLDSPANXX01,ELCPANXX01,1,2037,1.0
GLOBAL,PWRLDSPANXX01,ELCPANXX01,1,2038,1.0
GLOBAL,PWRLDSPANXX01,ELCPANXX01,1,2039,1.0
GLOBAL,PWRLDSPANXX01,ELCPANXX01,1,2040,1.0
GLOBAL,PWRLDSPANXX01,ELCPANXX01,1,2041,1.0
GLOBAL,PWRLDSPANXX01,ELCPANXX01,1,2042,1.0
GLOBAL,PWRLDSPANXX01,ELCPANXX01,1,2043,1.0
GLOBAL,PWRLDSPANXX01,ELCPANXX01,1,2044,1.0
GLOBAL,PWRLDSPANXX01,ELCPANXX01,1,2045,1.0
GLOBAL,PWRLDSPANXX01,ELCPANXX01,1,2046,1.0
GLOBAL,PWRLDSPANXX01,ELCPANXX01,1,2047,1.0
GLOBAL,PWRLDSPANXX01,ELCPANXX01,1,2048,1.0
GLOBAL,PWRLDSPANXX01,ELCPANXX01,1,2049,1.0
GLOBAL,PWRLDSPANXX01,ELCPANXX01,1,2050,1.0
