PARAMETER,Scenario,REGION,TECHNOLOGY,FUEL,EMISSION,MODE_OF_OPERATION,YEAR,TIMESLICE,SEASON,DAYTYPE,DAILYTIMEBRACKET,STORAGE,Value
FixedCost,NDCcond,CR,IMPPURDSL,,,,2018,,,,,,2.2389
FixedCost,NDCcond,CR,IMPPURDSL,,,,2019,,,,,,2.2528
FixedCost,NDCcond,CR,IMPPURDSL,,,,2020,,,,,,2.4293
FixedCost,NDCcond,CR,IMPPURDSL,,,,2021,,,,,,2.4755
FixedCost,NDCcond,CR,IMPPURDSL,,,,2022,,,,,,2.5225
FixedCost,NDCcond,CR,IMPPURDSL,,,,2023,,,,,,2.5704
FixedCost,NDCcond,CR,IMPPURDSL,,,,2024,,,,,,2.6192
FixedCost,NDCcond,CR,IMPPURDSL,,,,2025,,,,,,2.669
FixedCost,NDCcond,CR,IMPPURDSL,,,,2026,,,,,,2.7197
FixedCost,NDCcond,CR,IMPPURDSL,,,,2027,,,,,,2.7714
FixedCost,NDCcond,CR,IMPPURDSL,,,,2028,,,,,,2.8241
FixedCost,NDCcond,CR,IMPPURDSL,,,,2029,,,,,,2.8778
FixedCost,NDCcond,CR,IMPPURDSL,,,,2030,,,,,,2.9325
FixedCost,NDCcond,CR,IMPPURDSL,,,,2031,,,,,,2.9882
FixedCost,NDCcond,CR,IMPPURDSL,,,,2032,,,,,,3.045
FixedCost,NDCcond,CR,IMPPURDSL,,,,2033,,,,,,3.1029
FixedCost,NDCcond,CR,IMPPURDSL,,,,2034,,,,,,3.1619
FixedCost,NDCcond,CR,IMPPURDSL,,,,2035,,,,,,3.222
FixedCost,NDCcond,CR,IMPPURDSL,,,,2036,,,,,,3.2832
FixedCost,NDCcond,CR,IMPPURDSL,,,,2037,,,,,,3.3456
FixedCost,NDCcond,CR,IMPPURDSL,,,,2038,,,,,,3.4092
FixedCost,NDCcond,CR,IMPPURDSL,,,,2039,,,,,,3.474
FixedCost,NDCcond,CR,IMPPURDSL,,,,2040,,,,,,3.54
FixedCost,NDCcond,CR,IMPPURDSL,,,,2041,,,,,,3.6073
FixedCost,NDCcond,CR,IMPPURDSL,,,,2042,,,,,,3.6758
FixedCost,NDCcond,CR,IMPPURDSL,,,,2043,,,,,,3.7456
FixedCost,NDCcond,CR,IMPPURDSL,,,,2044,,,,,,3.8168
FixedCost,NDCcond,CR,IMPPURDSL,,,,2045,,,,,,3.8893
FixedCost,NDCcond,CR,IMPPURDSL,,,,2046,,,,,,3.9632
FixedCost,NDCcond,CR,IMPPURDSL,,,,2047,,,,,,4.0385
FixedCost,NDCcond,CR,IMPPURDSL,,,,2048,,,,,,4.1152
FixedCost,NDCcond,CR,IMPPURDSL,,,,2049,,,,,,4.1934
FixedCost,NDCcond,CR,IMPPURDSL,,,,2050,,,,,,4.2731
FixedCost,NDCcond,CR,IMPPURGSL,,,,2018,,,,,,2.6482
FixedCost,NDCcond,CR,IMPPURGSL,,,,2019,,,,,,2.6593
FixedCost,NDCcond,CR,IMPPURGSL,,,,2020,,,,,,2.8488
FixedCost,NDCcond,CR,IMPPURGSL,,,,2021,,,,,,2.9029
FixedCost,NDCcond,CR,IMPPURGSL,,,,2022,,,,,,2.9581
FixedCost,NDCcond,CR,IMPPURGSL,,,,2023,,,,,,3.0143
FixedCost,NDCcond,CR,IMPPURGSL,,,,2024,,,,,,3.0716
FixedCost,NDCcond,CR,IMPPURGSL,,,,2025,,,,,,3.13
FixedCost,NDCcond,CR,IMPPURGSL,,,,2026,,,,,,3.1895
FixedCost,NDCcond,CR,IMPPURGSL,,,,2027,,,,,,3.2501
FixedCost,NDCcond,CR,IMPPURGSL,,,,2028,,,,,,3.3119
FixedCost,NDCcond,CR,IMPPURGSL,,,,2029,,,,,,3.3748
FixedCost,NDCcond,CR,IMPPURGSL,,,,2030,,,,,,3.4389
FixedCost,NDCcond,CR,IMPPURGSL,,,,2031,,,,,,3.5042
FixedCost,NDCcond,CR,IMPPURGSL,,,,2032,,,,,,3.5708
FixedCost,NDCcond,CR,IMPPURGSL,,,,2033,,,,,,3.6386
FixedCost,NDCcond,CR,IMPPURGSL,,,,2034,,,,,,3.7077
FixedCost,NDCcond,CR,IMPPURGSL,,,,2035,,,,,,3.7781
FixedCost,NDCcond,CR,IMPPURGSL,,,,2036,,,,,,3.8499
FixedCost,NDCcond,CR,IMPPURGSL,,,,2037,,,,,,3.923
FixedCost,NDCcond,CR,IMPPURGSL,,,,2038,,,,,,3.9975
FixedCost,NDCcond,CR,IMPPURGSL,,,,2039,,,,,,4.0735
FixedCost,NDCcond,CR,IMPPURGSL,,,,2040,,,,,,4.1509
FixedCost,NDCcond,CR,IMPPURGSL,,,,2041,,,,,,4.2298
FixedCost,NDCcond,CR,IMPPURGSL,,,,2042,,,,,,4.3102
FixedCost,NDCcond,CR,IMPPURGSL,,,,2043,,,,,,4.3921
FixedCost,NDCcond,CR,IMPPURGSL,,,,2044,,,,,,4.4755
FixedCost,NDCcond,CR,IMPPURGSL,,,,2045,,,,,,4.5605
FixedCost,NDCcond,CR,IMPPURGSL,,,,2046,,,,,,4.6471
FixedCost,NDCcond,CR,IMPPURGSL,,,,2047,,,,,,4.7354
FixedCost,NDCcond,CR,IMPPURGSL,,,,2048,,,,,,4.8254
FixedCost,NDCcond,CR,IMPPURGSL,,,,2049,,,,,,4.9171
FixedCost,NDCcond,CR,IMPPURGSL,,,,2050,,,,,,5.0105
FixedCost,NDCcond,CR,IMPLPG,,,,2018,,,,,,3.4322
FixedCost,NDCcond,CR,IMPLPG,,,,2019,,,,,,3.4501
FixedCost,NDCcond,CR,IMPLPG,,,,2020,,,,,,3.7082
FixedCost,NDCcond,CR,IMPLPG,,,,2021,,,,,,3.7787
FixedCost,NDCcond,CR,IMPLPG,,,,2022,,,,,,3.8505
FixedCost,NDCcond,CR,IMPLPG,,,,2023,,,,,,3.9237
FixedCost,NDCcond,CR,IMPLPG,,,,2024,,,,,,3.9983
FixedCost,NDCcond,CR,IMPLPG,,,,2025,,,,,,4.0743
FixedCost,NDCcond,CR,IMPLPG,,,,2026,,,,,,4.1517
FixedCost,NDCcond,CR,IMPLPG,,,,2027,,,,,,4.2306
FixedCost,NDCcond,CR,IMPLPG,,,,2028,,,,,,4.311
FixedCost,NDCcond,CR,IMPLPG,,,,2029,,,,,,4.3929
FixedCost,NDCcond,CR,IMPLPG,,,,2030,,,,,,4.4764
FixedCost,NDCcond,CR,IMPLPG,,,,2031,,,,,,4.5615
FixedCost,NDCcond,CR,IMPLPG,,,,2032,,,,,,4.6482
FixedCost,NDCcond,CR,IMPLPG,,,,2033,,,,,,4.7365
FixedCost,NDCcond,CR,IMPLPG,,,,2034,,,,,,4.8265
FixedCost,NDCcond,CR,IMPLPG,,,,2035,,,,,,4.9182
FixedCost,NDCcond,CR,IMPLPG,,,,2036,,,,,,5.0116
FixedCost,NDCcond,CR,IMPLPG,,,,2037,,,,,,5.1068
FixedCost,NDCcond,CR,IMPLPG,,,,2038,,,,,,5.2038
FixedCost,NDCcond,CR,IMPLPG,,,,2039,,,,,,5.3027
FixedCost,NDCcond,CR,IMPLPG,,,,2040,,,,,,5.4035
FixedCost,NDCcond,CR,IMPLPG,,,,2041,,,,,,5.5062
FixedCost,NDCcond,CR,IMPLPG,,,,2042,,,,,,5.6108
FixedCost,NDCcond,CR,IMPLPG,,,,2043,,,,,,5.7174
FixedCost,NDCcond,CR,IMPLPG,,,,2044,,,,,,5.826
FixedCost,NDCcond,CR,IMPLPG,,,,2045,,,,,,5.9367
FixedCost,NDCcond,CR,IMPLPG,,,,2046,,,,,,6.0495
FixedCost,NDCcond,CR,IMPLPG,,,,2047,,,,,,6.1644
FixedCost,NDCcond,CR,IMPLPG,,,,2048,,,,,,6.2815
FixedCost,NDCcond,CR,IMPLPG,,,,2049,,,,,,6.4008
FixedCost,NDCcond,CR,IMPLPG,,,,2050,,,,,,6.5224
FixedCost,NDCcond,CR,IMPFOI,,,,2018,,,,,,2.2389
FixedCost,NDCcond,CR,IMPFOI,,,,2019,,,,,,2.2528
FixedCost,NDCcond,CR,IMPFOI,,,,2020,,,,,,2.4293
FixedCost,NDCcond,CR,IMPFOI,,,,2021,,,,,,2.4755
FixedCost,NDCcond,CR,IMPFOI,,,,2022,,,,,,2.5225
FixedCost,NDCcond,CR,IMPFOI,,,,2023,,,,,,2.5704
FixedCost,NDCcond,CR,IMPFOI,,,,2024,,,,,,2.6192
FixedCost,NDCcond,CR,IMPFOI,,,,2025,,,,,,2.669
FixedCost,NDCcond,CR,IMPFOI,,,,2026,,,,,,2.7197
FixedCost,NDCcond,CR,IMPFOI,,,,2027,,,,,,2.7714
FixedCost,NDCcond,CR,IMPFOI,,,,2028,,,,,,2.8241
FixedCost,NDCcond,CR,IMPFOI,,,,2029,,,,,,2.8778
FixedCost,NDCcond,CR,IMPFOI,,,,2030,,,,,,2.9325
FixedCost,NDCcond,CR,IMPFOI,,,,2031,,,,,,2.9882
FixedCost,NDCcond,CR,IMPFOI,,,,2032,,,,,,3.045
FixedCost,NDCcond,CR,IMPFOI,,,,2033,,,,,,3.1029
FixedCost,NDCcond,CR,IMPFOI,,,,2034,,,,,,3.1619
FixedCost,NDCcond,CR,IMPFOI,,,,2035,,,,,,3.222
FixedCost,NDCcond,CR,IMPFOI,,,,2036,,,,,,3.2832
FixedCost,NDCcond,CR,IMPFOI,,,,2037,,,,,,3.3456
FixedCost,NDCcond,CR,IMPFOI,,,,2038,,,,,,3.4092
FixedCost,NDCcond,CR,IMPFOI,,,,2039,,,,,,3.474
FixedCost,NDCcond,CR,IMPFOI,,,,2040,,,,,,3.54
FixedCost,NDCcond,CR,IMPFOI,,,,2041,,,,,,3.6073
FixedCost,NDCcond,CR,IMPFOI,,,,2042,,,,,,3.6758
FixedCost,NDCcond,CR,IMPFOI,,,,2043,,,,,,3.7456
FixedCost,NDCcond,CR,IMPFOI,,,,2044,,,,,,3.8168
FixedCost,NDCcond,CR,IMPFOI,,,,2045,,,,,,3.8893
FixedCost,NDCcond,CR,IMPFOI,,,,2046,,,,,,3.9632
FixedCost,NDCcond,CR,IMPFOI,,,,2047,,,,,,4.0385
FixedCost,NDCcond,CR,IMPFOI,,,,2048,,,,,,4.1152
FixedCost,NDCcond,CR,IMPFOI,,,,2049,,,,,,4.1934
FixedCost,NDCcond,CR,IMPFOI,,,,2050,,,,,,4.2731
FixedCost,NDCcond,CR,PWRHYDDAM,,,,2018,,,,,,44.0
FixedCost,NDCcond,CR,PWRHYDDAM,,,,2019,,,,,,44.0
FixedCost,NDCcond,CR,PWRHYDDAM,,,,2020,,,,,,44.0
FixedCost,NDCcond,CR,PWRHYDDAM,,,,2021,,,,,,44.0
FixedCost,NDCcond,CR,PWRHYDDAM,,,,2022,,,,,,44.0
FixedCost,NDCcond,CR,PWRHYDDAM,,,,2023,,,,,,44.0
FixedCost,NDCcond,CR,PWRHYDDAM,,,,2024,,,,,,44.0
FixedCost,NDCcond,CR,PWRHYDDAM,,,,2025,,,,,,44.0
FixedCost,NDCcond,CR,PWRHYDDAM,,,,2026,,,,,,44.0
FixedCost,NDCcond,CR,PWRHYDDAM,,,,2027,,,,,,44.0
FixedCost,NDCcond,CR,PWRHYDDAM,,,,2028,,,,,,44.0
FixedCost,NDCcond,CR,PWRHYDDAM,,,,2029,,,,,,44.0
FixedCost,NDCcond,CR,PWRHYDDAM,,,,2030,,,,,,44.0
FixedCost,NDCcond,CR,PWRHYDDAM,,,,2031,,,,,,44.0
FixedCost,NDCcond,CR,PWRHYDDAM,,,,2032,,,,,,44.0
FixedCost,NDCcond,CR,PWRHYDDAM,,,,2033,,,,,,44.0
FixedCost,NDCcond,CR,PWRHYDDAM,,,,2034,,,,,,44.0
FixedCost,NDCcond,CR,PWRHYDDAM,,,,2035,,,,,,44.0
FixedCost,NDCcond,CR,PWRHYDDAM,,,,2036,,,,,,44.0
FixedCost,NDCcond,CR,PWRHYDDAM,,,,2037,,,,,,44.0
FixedCost,NDCcond,CR,PWRHYDDAM,,,,2038,,,,,,44.0
FixedCost,NDCcond,CR,PWRHYDDAM,,,,2039,,,,,,44.0
FixedCost,NDCcond,CR,PWRHYDDAM,,,,2040,,,,,,44.0
FixedCost,NDCcond,CR,PWRHYDDAM,,,,2041,,,,,,44.0
FixedCost,NDCcond,CR,PWRHYDDAM,,,,2042,,,,,,44.0
FixedCost,NDCcond,CR,PWRHYDDAM,,,,2043,,,,,,44.0
FixedCost,NDCcond,CR,PWRHYDDAM,,,,2044,,,,,,44.0
FixedCost,NDCcond,CR,PWRHYDDAM,,,,2045,,,,,,44.0
FixedCost,NDCcond,CR,PWRHYDDAM,,,,2046,,,,,,44.0
FixedCost,NDCcond,CR,PWRHYDDAM,,,,2047,,,,,,44.0
FixedCost,NDCcond,CR,PWRHYDDAM,,,,2048,,,,,,44.0
FixedCost,NDCcond,CR,PWRHYDDAM,,,,2049,,,,,,44.0
FixedCost,NDCcond,CR,PWRHYDDAM,,,,2050,,,,,,44.0
FixedCost,NDCcond,CR,PWRHYDROR,,,,2018,,,,,,87.703
FixedCost,NDCcond,CR,PWRHYDROR,,,,2019,,,,,,87.703
FixedCost,NDCcond,CR,PWRHYDROR,,,,2020,,,,,,87.703
FixedCost,NDCcond,CR,PWRHYDROR,,,,2021,,,,,,87.703
FixedCost,NDCcond,CR,PWRHYDROR,,,,2022,,,,,,87.703
FixedCost,NDCcond,CR,PWRHYDROR,,,,2023,,,,,,87.703
FixedCost,NDCcond,CR,PWRHYDROR,,,,2024,,,,,,87.703
FixedCost,NDCcond,CR,PWRHYDROR,,,,2025,,,,,,87.703
FixedCost,NDCcond,CR,PWRHYDROR,,,,2026,,,,,,87.703
FixedCost,NDCcond,CR,PWRHYDROR,,,,2027,,,,,,87.703
FixedCost,NDCcond,CR,PWRHYDROR,,,,2028,,,,,,87.703
FixedCost,NDCcond,CR,PWRHYDROR,,,,2029,,,,,,87.703
FixedCost,NDCcond,CR,PWRHYDROR,,,,2030,,,,,,87.703
FixedCost,NDCcond,CR,PWRHYDROR,,,,2031,,,,,,87.703
FixedCost,NDCcond,CR,PWRHYDROR,,,,2032,,,,,,87.703
FixedCost,NDCcond,CR,PWRHYDROR,,,,2033,,,,,,87.703
FixedCost,NDCcond,CR,PWRHYDROR,,,,2034,,,,,,87.703
FixedCost,NDCcond,CR,PWRHYDROR,,,,2035,,,,,,87.703
FixedCost,NDCcond,CR,PWRHYDROR,,,,2036,,,,,,87.703
FixedCost,NDCcond,CR,PWRHYDROR,,,,2037,,,,,,87.703
FixedCost,NDCcond,CR,PWRHYDROR,,,,2038,,,,,,87.703
FixedCost,NDCcond,CR,PWRHYDROR,,,,2039,,,,,,87.703
FixedCost,NDCcond,CR,PWRHYDROR,,,,2040,,,,,,87.703
FixedCost,NDCcond,CR,PWRHYDROR,,,,2041,,,,,,87.703
FixedCost,NDCcond,CR,PWRHYDROR,,,,2042,,,,,,87.703
FixedCost,NDCcond,CR,PWRHYDROR,,,,2043,,,,,,87.703
FixedCost,NDCcond,CR,PWRHYDROR,,,,2044,,,,,,87.703
FixedCost,NDCcond,CR,PWRHYDROR,,,,2045,,,,,,87.703
FixedCost,NDCcond,CR,PWRHYDROR,,,,2046,,,,,,87.703
FixedCost,NDCcond,CR,PWRHYDROR,,,,2047,,,,,,87.703
FixedCost,NDCcond,CR,PWRHYDROR,,,,2048,,,,,,87.703
FixedCost,NDCcond,CR,PWRHYDROR,,,,2049,,,,,,87.703
FixedCost,NDCcond,CR,PWRHYDROR,,,,2050,,,,,,87.703
FixedCost,NDCcond,CR,PWRSPVTRN,,,,2018,,,,,,14.0
FixedCost,NDCcond,CR,PWRSPVTRN,,,,2019,,,,,,14.0
FixedCost,NDCcond,CR,PWRSPVTRN,,,,2020,,,,,,14.0
FixedCost,NDCcond,CR,PWRSPVTRN,,,,2021,,,,,,14.0
FixedCost,NDCcond,CR,PWRSPVTRN,,,,2022,,,,,,14.0
FixedCost,NDCcond,CR,PWRSPVTRN,,,,2023,,,,,,14.0
FixedCost,NDCcond,CR,PWRSPVTRN,,,,2024,,,,,,14.0
FixedCost,NDCcond,CR,PWRSPVTRN,,,,2025,,,,,,14.0
FixedCost,NDCcond,CR,PWRSPVTRN,,,,2026,,,,,,14.0
FixedCost,NDCcond,CR,PWRSPVTRN,,,,2027,,,,,,14.0
FixedCost,NDCcond,CR,PWRSPVTRN,,,,2028,,,,,,14.0
FixedCost,NDCcond,CR,PWRSPVTRN,,,,2029,,,,,,14.0
FixedCost,NDCcond,CR,PWRSPVTRN,,,,2030,,,,,,14.0
FixedCost,NDCcond,CR,PWRSPVTRN,,,,2031,,,,,,14.0
FixedCost,NDCcond,CR,PWRSPVTRN,,,,2032,,,,,,14.0
FixedCost,NDCcond,CR,PWRSPVTRN,,,,2033,,,,,,14.0
FixedCost,NDCcond,CR,PWRSPVTRN,,,,2034,,,,,,14.0
FixedCost,NDCcond,CR,PWRSPVTRN,,,,2035,,,,,,14.0
FixedCost,NDCcond,CR,PWRSPVTRN,,,,2036,,,,,,14.0
FixedCost,NDCcond,CR,PWRSPVTRN,,,,2037,,,,,,14.0
FixedCost,NDCcond,CR,PWRSPVTRN,,,,2038,,,,,,14.0
FixedCost,NDCcond,CR,PWRSPVTRN,,,,2039,,,,,,14.0
FixedCost,NDCcond,CR,PWRSPVTRN,,,,2040,,,,,,14.0
FixedCost,NDCcond,CR,PWRSPVTRN,,,,2041,,,,,,14.0
FixedCost,NDCcond,CR,PWRSPVTRN,,,,2042,,,,,,14.0
FixedCost,NDCcond,CR,PWRSPVTRN,,,,2043,,,,,,14.0
FixedCost,NDCcond,CR,PWRSPVTRN,,,,2044,,,,,,14.0
FixedCost,NDCcond,CR,PWRSPVTRN,,,,2045,,,,,,14.0
FixedCost,NDCcond,CR,PWRSPVTRN,,,,2046,,,,,,14.0
FixedCost,NDCcond,CR,PWRSPVTRN,,,,2047,,,,,,14.0
FixedCost,NDCcond,CR,PWRSPVTRN,,,,2048,,,,,,14.0
FixedCost,NDCcond,CR,PWRSPVTRN,,,,2049,,,,,,14.0
FixedCost,NDCcond,CR,PWRSPVTRN,,,,2050,,,,,,14.0
FixedCost,NDCcond,CR,PWRSPVDTR,,,,2018,,,,,,20.0
FixedCost,NDCcond,CR,PWRSPVDTR,,,,2019,,,,,,20.0
FixedCost,NDCcond,CR,PWRSPVDTR,,,,2020,,,,,,20.0
FixedCost,NDCcond,CR,PWRSPVDTR,,,,2021,,,,,,20.0
FixedCost,NDCcond,CR,PWRSPVDTR,,,,2022,,,,,,20.0
FixedCost,NDCcond,CR,PWRSPVDTR,,,,2023,,,,,,20.0
FixedCost,NDCcond,CR,PWRSPVDTR,,,,2024,,,,,,20.0
FixedCost,NDCcond,CR,PWRSPVDTR,,,,2025,,,,,,20.0
FixedCost,NDCcond,CR,PWRSPVDTR,,,,2026,,,,,,20.0
FixedCost,NDCcond,CR,PWRSPVDTR,,,,2027,,,,,,20.0
FixedCost,NDCcond,CR,PWRSPVDTR,,,,2028,,,,,,20.0
FixedCost,NDCcond,CR,PWRSPVDTR,,,,2029,,,,,,20.0
FixedCost,NDCcond,CR,PWRSPVDTR,,,,2030,,,,,,20.0
FixedCost,NDCcond,CR,PWRSPVDTR,,,,2031,,,,,,20.0
FixedCost,NDCcond,CR,PWRSPVDTR,,,,2032,,,,,,20.0
FixedCost,NDCcond,CR,PWRSPVDTR,,,,2033,,,,,,20.0
FixedCost,NDCcond,CR,PWRSPVDTR,,,,2034,,,,,,20.0
FixedCost,NDCcond,CR,PWRSPVDTR,,,,2035,,,,,,20.0
FixedCost,NDCcond,CR,PWRSPVDTR,,,,2036,,,,,,20.0
FixedCost,NDCcond,CR,PWRSPVDTR,,,,2037,,,,,,20.0
FixedCost,NDCcond,CR,PWRSPVDTR,,,,2038,,,,,,20.0
FixedCost,NDCcond,CR,PWRSPVDTR,,,,2039,,,,,,20.0
FixedCost,NDCcond,CR,PWRSPVDTR,,,,2040,,,,,,20.0
FixedCost,NDCcond,CR,PWRSPVDTR,,,,2041,,,,,,20.0
FixedCost,NDCcond,CR,PWRSPVDTR,,,,2042,,,,,,20.0
FixedCost,NDCcond,CR,PWRSPVDTR,,,,2043,,,,,,20.0
FixedCost,NDCcond,CR,PWRSPVDTR,,,,2044,,,,,,20.0
FixedCost,NDCcond,CR,PWRSPVDTR,,,,2045,,,,,,20.0
FixedCost,NDCcond,CR,PWRSPVDTR,,,,2046,,,,,,20.0
FixedCost,NDCcond,CR,PWRSPVDTR,,,,2047,,,,,,20.0
FixedCost,NDCcond,CR,PWRSPVDTR,,,,2048,,,,,,20.0
FixedCost,NDCcond,CR,PWRSPVDTR,,,,2049,,,,,,20.0
FixedCost,NDCcond,CR,PWRSPVDTR,,,,2050,,,,,,20.0
FixedCost,NDCcond,CR,PP_SPV_DG,,,,2018,,,,,,20.0
FixedCost,NDCcond,CR,PP_SPV_DG,,,,2019,,,,,,20.0
FixedCost,NDCcond,CR,PP_SPV_DG,,,,2020,,,,,,20.0
FixedCost,NDCcond,CR,PP_SPV_DG,,,,2021,,,,,,20.0
FixedCost,NDCcond,CR,PP_SPV_DG,,,,2022,,,,,,20.0
FixedCost,NDCcond,CR,PP_SPV_DG,,,,2023,,,,,,20.0
FixedCost,NDCcond,CR,PP_SPV_DG,,,,2024,,,,,,20.0
FixedCost,NDCcond,CR,PP_SPV_DG,,,,2025,,,,,,20.0
FixedCost,NDCcond,CR,PP_SPV_DG,,,,2026,,,,,,20.0
FixedCost,NDCcond,CR,PP_SPV_DG,,,,2027,,,,,,20.0
FixedCost,NDCcond,CR,PP_SPV_DG,,,,2028,,,,,,20.0
FixedCost,NDCcond,CR,PP_SPV_DG,,,,2029,,,,,,20.0
FixedCost,NDCcond,CR,PP_SPV_DG,,,,2030,,,,,,20.0
FixedCost,NDCcond,CR,PP_SPV_DG,,,,2031,,,,,,20.0
FixedCost,NDCcond,CR,PP_SPV_DG,,,,2032,,,,,,20.0
FixedCost,NDCcond,CR,PP_SPV_DG,,,,2033,,,,,,20.0
FixedCost,NDCcond,CR,PP_SPV_DG,,,,2034,,,,,,20.0
FixedCost,NDCcond,CR,PP_SPV_DG,,,,2035,,,,,,20.0
FixedCost,NDCcond,CR,PP_SPV_DG,,,,2036,,,,,,20.0
FixedCost,NDCcond,CR,PP_SPV_DG,,,,2037,,,,,,20.0
FixedCost,NDCcond,CR,PP_SPV_DG,,,,2038,,,,,,20.0
FixedCost,NDCcond,CR,PP_SPV_DG,,,,2039,,,,,,20.0
FixedCost,NDCcond,CR,PP_SPV_DG,,,,2040,,,,,,20.0
FixedCost,NDCcond,CR,PP_SPV_DG,,,,2041,,,,,,20.0
FixedCost,NDCcond,CR,PP_SPV_DG,,,,2042,,,,,,20.0
FixedCost,NDCcond,CR,PP_SPV_DG,,,,2043,,,,,,20.0
FixedCost,NDCcond,CR,PP_SPV_DG,,,,2044,,,,,,20.0
FixedCost,NDCcond,CR,PP_SPV_DG,,,,2045,,,,,,20.0
FixedCost,NDCcond,CR,PP_SPV_DG,,,,2046,,,,,,20.0
FixedCost,NDCcond,CR,PP_SPV_DG,,,,2047,,,,,,20.0
FixedCost,NDCcond,CR,PP_SPV_DG,,,,2048,,,,,,20.0
FixedCost,NDCcond,CR,PP_SPV_DG,,,,2049,,,,,,20.0
FixedCost,NDCcond,CR,PP_SPV_DG,,,,2050,,,,,,20.0
FixedCost,NDCcond,CR,ELE_TRN,,,,2018,,,,,,1.7544
FixedCost,NDCcond,CR,ELE_TRN,,,,2019,,,,,,1.7544
FixedCost,NDCcond,CR,ELE_TRN,,,,2020,,,,,,1.7544
FixedCost,NDCcond,CR,ELE_TRN,,,,2021,,,,,,1.7544
FixedCost,NDCcond,CR,ELE_TRN,,,,2022,,,,,,1.7544
FixedCost,NDCcond,CR,ELE_TRN,,,,2023,,,,,,1.7544
FixedCost,NDCcond,CR,ELE_TRN,,,,2024,,,,,,1.7544
FixedCost,NDCcond,CR,ELE_TRN,,,,2025,,,,,,1.7544
FixedCost,NDCcond,CR,ELE_TRN,,,,2026,,,,,,1.7544
FixedCost,NDCcond,CR,ELE_TRN,,,,2027,,,,,,1.7544
FixedCost,NDCcond,CR,ELE_TRN,,,,2028,,,,,,1.7544
FixedCost,NDCcond,CR,ELE_TRN,,,,2029,,,,,,1.7544
FixedCost,NDCcond,CR,ELE_TRN,,,,2030,,,,,,1.7544
FixedCost,NDCcond,CR,ELE_TRN,,,,2031,,,,,,1.7544
FixedCost,NDCcond,CR,ELE_TRN,,,,2032,,,,,,1.7544
FixedCost,NDCcond,CR,ELE_TRN,,,,2033,,,,,,1.7544
FixedCost,NDCcond,CR,ELE_TRN,,,,2034,,,,,,1.7544
FixedCost,NDCcond,CR,ELE_TRN,,,,2035,,,,,,1.7544
FixedCost,NDCcond,CR,ELE_TRN,,,,2036,,,,,,1.7544
FixedCost,NDCcond,CR,ELE_TRN,,,,2037,,,,,,1.7544
FixedCost,NDCcond,CR,ELE_TRN,,,,2038,,,,,,1.7544
FixedCost,NDCcond,CR,ELE_TRN,,,,2039,,,,,,1.7544
FixedCost,NDCcond,CR,ELE_TRN,,,,2040,,,,,,1.7544
FixedCost,NDCcond,CR,ELE_TRN,,,,2041,,,,,,1.7544
FixedCost,NDCcond,CR,ELE_TRN,,,,2042,,,,,,1.7544
FixedCost,NDCcond,CR,ELE_TRN,,,,2043,,,,,,1.7544
FixedCost,NDCcond,CR,ELE_TRN,,,,2044,,,,,,1.7544
FixedCost,NDCcond,CR,ELE_TRN,,,,2045,,,,,,1.7544
FixedCost,NDCcond,CR,ELE_TRN,,,,2046,,,,,,1.7544
FixedCost,NDCcond,CR,ELE_TRN,,,,2047,,,,,,1.7544
FixedCost,NDCcond,CR,ELE_TRN,,,,2048,,,,,,1.7544
FixedCost,NDCcond,CR,ELE_TRN,,,,2049,,,,,,1.7544
FixedCost,NDCcond,CR,ELE_TRN,,,,2050,,,,,,1.7544
FixedCost,NDCcond,CR,ELE_DTR,,,,2018,,,,,,1.7544
FixedCost,NDCcond,CR,ELE_DTR,,,,2019,,,,,,1.7544
FixedCost,NDCcond,CR,ELE_DTR,,,,2020,,,,,,1.7544
FixedCost,NDCcond,CR,ELE_DTR,,,,2021,,,,,,1.7544
FixedCost,NDCcond,CR,ELE_DTR,,,,2022,,,,,,1.7544
FixedCost,NDCcond,CR,ELE_DTR,,,,2023,,,,,,1.7544
FixedCost,NDCcond,CR,ELE_DTR,,,,2024,,,,,,1.7544
FixedCost,NDCcond,CR,ELE_DTR,,,,2025,,,,,,1.7544
FixedCost,NDCcond,CR,ELE_DTR,,,,2026,,,,,,1.7544
FixedCost,NDCcond,CR,ELE_DTR,,,,2027,,,,,,1.7544
FixedCost,NDCcond,CR,ELE_DTR,,,,2028,,,,,,1.7544
FixedCost,NDCcond,CR,ELE_DTR,,,,2029,,,,,,1.7544
FixedCost,NDCcond,CR,ELE_DTR,,,,2030,,,,,,1.7544
FixedCost,NDCcond,CR,ELE_DTR,,,,2031,,,,,,1.7544
FixedCost,NDCcond,CR,ELE_DTR,,,,2032,,,,,,1.7544
FixedCost,NDCcond,CR,ELE_DTR,,,,2033,,,,,,1.7544
FixedCost,NDCcond,CR,ELE_DTR,,,,2034,,,,,,1.7544
FixedCost,NDCcond,CR,ELE_DTR,,,,2035,,,,,,1.7544
FixedCost,NDCcond,CR,ELE_DTR,,,,2036,,,,,,1.7544
FixedCost,NDCcond,CR,ELE_DTR,,,,2037,,,,,,1.7544
FixedCost,NDCcond,CR,ELE_DTR,,,,2038,,,,,,1.7544
FixedCost,NDCcond,CR,ELE_DTR,,,,2039,,,,,,1.7544
FixedCost,NDCcond,CR,ELE_DTR,,,,2040,,,,,,1.7544
FixedCost,NDCcond,CR,ELE_DTR,,,,2041,,,,,,1.7544
FixedCost,NDCcond,CR,ELE_DTR,,,,2042,,,,,,1.7544
FixedCost,NDCcond,CR,ELE_DTR,,,,2043,,,,,,1.7544
FixedCost,NDCcond,CR,ELE_DTR,,,,2044,,,,,,1.7544
FixedCost,NDCcond,CR,ELE_DTR,,,,2045,,,,,,1.7544
FixedCost,NDCcond,CR,ELE_DTR,,,,2046,,,,,,1.7544
FixedCost,NDCcond,CR,ELE_DTR,,,,2047,,,,,,1.7544
FixedCost,NDCcond,CR,ELE_DTR,,,,2048,,,,,,1.7544
FixedCost,NDCcond,CR,ELE_DTR,,,,2049,,,,,,1.7544
FixedCost,NDCcond,CR,ELE_DTR,,,,2050,,,,,,1.7544
FixedCost,NDCcond,CR,PWRBMS,,,,2018,,,,,,98.5312
FixedCost,NDCcond,CR,PWRBMS,,,,2019,,,,,,98.5312
FixedCost,NDCcond,CR,PWRBMS,,,,2020,,,,,,98.5312
FixedCost,NDCcond,CR,PWRBMS,,,,2021,,,,,,98.5312
FixedCost,NDCcond,CR,PWRBMS,,,,2022,,,,,,98.5312
FixedCost,NDCcond,CR,PWRBMS,,,,2023,,,,,,98.5312
FixedCost,NDCcond,CR,PWRBMS,,,,2024,,,,,,98.5312
FixedCost,NDCcond,CR,PWRBMS,,,,2025,,,,,,98.5312
FixedCost,NDCcond,CR,PWRBMS,,,,2026,,,,,,98.5312
FixedCost,NDCcond,CR,PWRBMS,,,,2027,,,,,,98.5312
FixedCost,NDCcond,CR,PWRBMS,,,,2028,,,,,,98.5312
FixedCost,NDCcond,CR,PWRBMS,,,,2029,,,,,,98.5312
FixedCost,NDCcond,CR,PWRBMS,,,,2030,,,,,,98.5312
FixedCost,NDCcond,CR,PWRBMS,,,,2031,,,,,,98.5312
FixedCost,NDCcond,CR,PWRBMS,,,,2032,,,,,,98.5312
FixedCost,NDCcond,CR,PWRBMS,,,,2033,,,,,,98.5312
FixedCost,NDCcond,CR,PWRBMS,,,,2034,,,,,,98.5312
FixedCost,NDCcond,CR,PWRBMS,,,,2035,,,,,,98.5312
FixedCost,NDCcond,CR,PWRBMS,,,,2036,,,,,,98.5312
FixedCost,NDCcond,CR,PWRBMS,,,,2037,,,,,,98.5312
FixedCost,NDCcond,CR,PWRBMS,,,,2038,,,,,,98.5312
FixedCost,NDCcond,CR,PWRBMS,,,,2039,,,,,,98.5312
FixedCost,NDCcond,CR,PWRBMS,,,,2040,,,,,,98.5312
FixedCost,NDCcond,CR,PWRBMS,,,,2041,,,,,,98.5312
FixedCost,NDCcond,CR,PWRBMS,,,,2042,,,,,,98.5312
FixedCost,NDCcond,CR,PWRBMS,,,,2043,,,,,,98.5312
FixedCost,NDCcond,CR,PWRBMS,,,,2044,,,,,,98.5312
FixedCost,NDCcond,CR,PWRBMS,,,,2045,,,,,,98.5312
FixedCost,NDCcond,CR,PWRBMS,,,,2046,,,,,,98.5312
FixedCost,NDCcond,CR,PWRBMS,,,,2047,,,,,,98.5312
FixedCost,NDCcond,CR,PWRBMS,,,,2048,,,,,,98.5312
FixedCost,NDCcond,CR,PWRBMS,,,,2049,,,,,,98.5312
FixedCost,NDCcond,CR,PWRBMS,,,,2050,,,,,,98.5312
FixedCost,NDCcond,CR,PWRFOI,,,,2018,,,,,,16.3
FixedCost,NDCcond,CR,PWRFOI,,,,2019,,,,,,16.3
FixedCost,NDCcond,CR,PWRFOI,,,,2020,,,,,,16.3
FixedCost,NDCcond,CR,PWRFOI,,,,2021,,,,,,16.3
FixedCost,NDCcond,CR,PWRFOI,,,,2022,,,,,,16.3
FixedCost,NDCcond,CR,PWRFOI,,,,2023,,,,,,16.3
FixedCost,NDCcond,CR,PWRFOI,,,,2024,,,,,,16.3
FixedCost,NDCcond,CR,PWRFOI,,,,2025,,,,,,16.3
FixedCost,NDCcond,CR,PWRFOI,,,,2026,,,,,,16.3
FixedCost,NDCcond,CR,PWRFOI,,,,2027,,,,,,16.3
FixedCost,NDCcond,CR,PWRFOI,,,,2028,,,,,,16.3
FixedCost,NDCcond,CR,PWRFOI,,,,2029,,,,,,16.3
FixedCost,NDCcond,CR,PWRFOI,,,,2030,,,,,,16.3
FixedCost,NDCcond,CR,PWRFOI,,,,2031,,,,,,16.3
FixedCost,NDCcond,CR,PWRFOI,,,,2032,,,,,,16.3
FixedCost,NDCcond,CR,PWRFOI,,,,2033,,,,,,16.3
FixedCost,NDCcond,CR,PWRFOI,,,,2034,,,,,,16.3
FixedCost,NDCcond,CR,PWRFOI,,,,2035,,,,,,16.3
FixedCost,NDCcond,CR,PWRFOI,,,,2036,,,,,,16.3
FixedCost,NDCcond,CR,PWRFOI,,,,2037,,,,,,16.3
FixedCost,NDCcond,CR,PWRFOI,,,,2038,,,,,,16.3
FixedCost,NDCcond,CR,PWRFOI,,,,2039,,,,,,16.3
FixedCost,NDCcond,CR,PWRFOI,,,,2040,,,,,,16.3
FixedCost,NDCcond,CR,PWRFOI,,,,2041,,,,,,16.3
FixedCost,NDCcond,CR,PWRFOI,,,,2042,,,,,,16.3
FixedCost,NDCcond,CR,PWRFOI,,,,2043,,,,,,16.3
FixedCost,NDCcond,CR,PWRFOI,,,,2044,,,,,,16.3
FixedCost,NDCcond,CR,PWRFOI,,,,2045,,,,,,16.3
FixedCost,NDCcond,CR,PWRFOI,,,,2046,,,,,,16.3
FixedCost,NDCcond,CR,PWRFOI,,,,2047,,,,,,16.3
FixedCost,NDCcond,CR,PWRFOI,,,,2048,,,,,,16.3
FixedCost,NDCcond,CR,PWRFOI,,,,2049,,,,,,16.3
FixedCost,NDCcond,CR,PWRFOI,,,,2050,,,,,,16.3
FixedCost,NDCcond,CR,PWRDSL,,,,2018,,,,,,16.3
FixedCost,NDCcond,CR,PWRDSL,,,,2019,,,,,,16.3
FixedCost,NDCcond,CR,PWRDSL,,,,2020,,,,,,16.3
FixedCost,NDCcond,CR,PWRDSL,,,,2021,,,,,,16.3
FixedCost,NDCcond,CR,PWRDSL,,,,2022,,,,,,16.3
FixedCost,NDCcond,CR,PWRDSL,,,,2023,,,,,,16.3
FixedCost,NDCcond,CR,PWRDSL,,,,2024,,,,,,16.3
FixedCost,NDCcond,CR,PWRDSL,,,,2025,,,,,,16.3
FixedCost,NDCcond,CR,PWRDSL,,,,2026,,,,,,16.3
FixedCost,NDCcond,CR,PWRDSL,,,,2027,,,,,,16.3
FixedCost,NDCcond,CR,PWRDSL,,,,2028,,,,,,16.3
FixedCost,NDCcond,CR,PWRDSL,,,,2029,,,,,,16.3
FixedCost,NDCcond,CR,PWRDSL,,,,2030,,,,,,16.3
FixedCost,NDCcond,CR,PWRDSL,,,,2031,,,,,,16.3
FixedCost,NDCcond,CR,PWRDSL,,,,2032,,,,,,16.3
FixedCost,NDCcond,CR,PWRDSL,,,,2033,,,,,,16.3
FixedCost,NDCcond,CR,PWRDSL,,,,2034,,,,,,16.3
FixedCost,NDCcond,CR,PWRDSL,,,,2035,,,,,,16.3
FixedCost,NDCcond,CR,PWRDSL,,,,2036,,,,,,16.3
FixedCost,NDCcond,CR,PWRDSL,,,,2037,,,,,,16.3
FixedCost,NDCcond,CR,PWRDSL,,,,2038,,,,,,16.3
FixedCost,NDCcond,CR,PWRDSL,,,,2039,,,,,,16.3
FixedCost,NDCcond,CR,PWRDSL,,,,2040,,,,,,16.3
FixedCost,NDCcond,CR,PWRDSL,,,,2041,,,,,,16.3
FixedCost,NDCcond,CR,PWRDSL,,,,2042,,,,,,16.3
FixedCost,NDCcond,CR,PWRDSL,,,,2043,,,,,,16.3
FixedCost,NDCcond,CR,PWRDSL,,,,2044,,,,,,16.3
FixedCost,NDCcond,CR,PWRDSL,,,,2045,,,,,,16.3
FixedCost,NDCcond,CR,PWRDSL,,,,2046,,,,,,16.3
FixedCost,NDCcond,CR,PWRDSL,,,,2047,,,,,,16.3
FixedCost,NDCcond,CR,PWRDSL,,,,2048,,,,,,16.3
FixedCost,NDCcond,CR,PWRDSL,,,,2049,,,,,,16.3
FixedCost,NDCcond,CR,PWRDSL,,,,2050,,,,,,16.3
FixedCost,NDCcond,CR,HYDPROELEGRI,,,,2018,,,,,,20.21
FixedCost,NDCcond,CR,HYDPROELEGRI,,,,2019,,,,,,19.22
FixedCost,NDCcond,CR,HYDPROELEGRI,,,,2020,,,,,,18.22
FixedCost,NDCcond,CR,HYDPROELEGRI,,,,2021,,,,,,17.78
FixedCost,NDCcond,CR,HYDPROELEGRI,,,,2022,,,,,,17.34
FixedCost,NDCcond,CR,HYDPROELEGRI,,,,2023,,,,,,16.9
FixedCost,NDCcond,CR,HYDPROELEGRI,,,,2024,,,,,,16.46
FixedCost,NDCcond,CR,HYDPROELEGRI,,,,2025,,,,,,16.01
FixedCost,NDCcond,CR,HYDPROELEGRI,,,,2026,,,,,,15.57
FixedCost,NDCcond,CR,HYDPROELEGRI,,,,2027,,,,,,15.13
FixedCost,NDCcond,CR,HYDPROELEGRI,,,,2028,,,,,,14.69
FixedCost,NDCcond,CR,HYDPROELEGRI,,,,2029,,,,,,14.25
FixedCost,NDCcond,CR,HYDPROELEGRI,,,,2030,,,,,,13.81
FixedCost,NDCcond,CR,HYDPROELEGRI,,,,2031,,,,,,13.72
FixedCost,NDCcond,CR,HYDPROELEGRI,,,,2032,,,,,,13.63
FixedCost,NDCcond,CR,HYDPROELEGRI,,,,2033,,,,,,13.55
FixedCost,NDCcond,CR,HYDPROELEGRI,,,,2034,,,,,,13.46
FixedCost,NDCcond,CR,HYDPROELEGRI,,,,2035,,,,,,13.37
FixedCost,NDCcond,CR,HYDPROELEGRI,,,,2036,,,,,,13.29
FixedCost,NDCcond,CR,HYDPROELEGRI,,,,2037,,,,,,13.2
FixedCost,NDCcond,CR,HYDPROELEGRI,,,,2038,,,,,,13.12
FixedCost,NDCcond,CR,HYDPROELEGRI,,,,2039,,,,,,13.03
FixedCost,NDCcond,CR,HYDPROELEGRI,,,,2040,,,,,,12.94
FixedCost,NDCcond,CR,HYDPROELEGRI,,,,2041,,,,,,12.86
FixedCost,NDCcond,CR,HYDPROELEGRI,,,,2042,,,,,,12.77
FixedCost,NDCcond,CR,HYDPROELEGRI,,,,2043,,,,,,12.68
FixedCost,NDCcond,CR,HYDPROELEGRI,,,,2044,,,,,,12.6
FixedCost,NDCcond,CR,HYDPROELEGRI,,,,2045,,,,,,12.51
FixedCost,NDCcond,CR,HYDPROELEGRI,,,,2046,,,,,,12.43
FixedCost,NDCcond,CR,HYDPROELEGRI,,,,2047,,,,,,12.34
FixedCost,NDCcond,CR,HYDPROELEGRI,,,,2048,,,,,,12.25
FixedCost,NDCcond,CR,HYDPROELEGRI,,,,2049,,,,,,12.17
FixedCost,NDCcond,CR,HYDPROELEGRI,,,,2050,,,,,,12.08
FixedCost,NDCcond,CR,HYD_DISTR,,,,2018,,,,,,9.261
FixedCost,NDCcond,CR,HYD_DISTR,,,,2019,,,,,,9.1506
FixedCost,NDCcond,CR,HYD_DISTR,,,,2020,,,,,,9.0401
FixedCost,NDCcond,CR,HYD_DISTR,,,,2021,,,,,,8.6682
FixedCost,NDCcond,CR,HYD_DISTR,,,,2022,,,,,,8.2964
FixedCost,NDCcond,CR,HYD_DISTR,,,,2023,,,,,,7.9246
FixedCost,NDCcond,CR,HYD_DISTR,,,,2024,,,,,,7.5527
FixedCost,NDCcond,CR,HYD_DISTR,,,,2025,,,,,,7.1808
FixedCost,NDCcond,CR,HYD_DISTR,,,,2026,,,,,,7.0851
FixedCost,NDCcond,CR,HYD_DISTR,,,,2027,,,,,,6.9893
FixedCost,NDCcond,CR,HYD_DISTR,,,,2028,,,,,,6.8935
FixedCost,NDCcond,CR,HYD_DISTR,,,,2029,,,,,,6.7978
FixedCost,NDCcond,CR,HYD_DISTR,,,,2030,,,,,,6.702
FixedCost,NDCcond,CR,HYD_DISTR,,,,2031,,,,,,6.6468
FixedCost,NDCcond,CR,HYD_DISTR,,,,2032,,,,,,6.5915
FixedCost,NDCcond,CR,HYD_DISTR,,,,2033,,,,,,6.5363
FixedCost,NDCcond,CR,HYD_DISTR,,,,2034,,,,,,6.4811
FixedCost,NDCcond,CR,HYD_DISTR,,,,2035,,,,,,6.4259
FixedCost,NDCcond,CR,HYD_DISTR,,,,2036,,,,,,6.3706
FixedCost,NDCcond,CR,HYD_DISTR,,,,2037,,,,,,6.3154
FixedCost,NDCcond,CR,HYD_DISTR,,,,2038,,,,,,6.2602
FixedCost,NDCcond,CR,HYD_DISTR,,,,2039,,,,,,6.205
FixedCost,NDCcond,CR,HYD_DISTR,,,,2040,,,,,,6.1497
FixedCost,NDCcond,CR,HYD_DISTR,,,,2041,,,,,,6.0945
FixedCost,NDCcond,CR,HYD_DISTR,,,,2042,,,,,,6.0393
FixedCost,NDCcond,CR,HYD_DISTR,,,,2043,,,,,,5.9841
FixedCost,NDCcond,CR,HYD_DISTR,,,,2044,,,,,,5.9289
FixedCost,NDCcond,CR,HYD_DISTR,,,,2045,,,,,,5.8736
FixedCost,NDCcond,CR,HYD_DISTR,,,,2046,,,,,,5.8184
FixedCost,NDCcond,CR,HYD_DISTR,,,,2047,,,,,,5.7632
FixedCost,NDCcond,CR,HYD_DISTR,,,,2048,,,,,,5.708
FixedCost,NDCcond,CR,HYD_DISTR,,,,2049,,,,,,5.6527
FixedCost,NDCcond,CR,HYD_DISTR,,,,2050,,,,,,5.5975
FixedCost,NDCcond,CR,TRNMICHYBDSL,,,,2018,,,,,,89.58
FixedCost,NDCcond,CR,TRNMICHYBDSL,,,,2019,,,,,,89.58
FixedCost,NDCcond,CR,TRNMICHYBDSL,,,,2020,,,,,,89.58
FixedCost,NDCcond,CR,TRNMICHYBDSL,,,,2021,,,,,,89.58
FixedCost,NDCcond,CR,TRNMICHYBDSL,,,,2022,,,,,,89.58
FixedCost,NDCcond,CR,TRNMICHYBDSL,,,,2023,,,,,,89.58
FixedCost,NDCcond,CR,TRNMICHYBDSL,,,,2024,,,,,,89.58
FixedCost,NDCcond,CR,TRNMICHYBDSL,,,,2025,,,,,,89.58
FixedCost,NDCcond,CR,TRNMICHYBDSL,,,,2026,,,,,,89.58
FixedCost,NDCcond,CR,TRNMICHYBDSL,,,,2027,,,,,,89.58
FixedCost,NDCcond,CR,TRNMICHYBDSL,,,,2028,,,,,,89.58
FixedCost,NDCcond,CR,TRNMICHYBDSL,,,,2029,,,,,,89.58
FixedCost,NDCcond,CR,TRNMICHYBDSL,,,,2030,,,,,,89.58
FixedCost,NDCcond,CR,TRNMICHYBDSL,,,,2031,,,,,,89.58
FixedCost,NDCcond,CR,TRNMICHYBDSL,,,,2032,,,,,,89.58
FixedCost,NDCcond,CR,TRNMICHYBDSL,,,,2033,,,,,,89.58
FixedCost,NDCcond,CR,TRNMICHYBDSL,,,,2034,,,,,,89.58
FixedCost,NDCcond,CR,TRNMICHYBDSL,,,,2035,,,,,,89.58
FixedCost,NDCcond,CR,TRNMICHYBDSL,,,,2036,,,,,,89.58
FixedCost,NDCcond,CR,TRNMICHYBDSL,,,,2037,,,,,,89.58
FixedCost,NDCcond,CR,TRNMICHYBDSL,,,,2038,,,,,,89.58
FixedCost,NDCcond,CR,TRNMICHYBDSL,,,,2039,,,,,,89.58
FixedCost,NDCcond,CR,TRNMICHYBDSL,,,,2040,,,,,,89.58
FixedCost,NDCcond,CR,TRNMICHYBDSL,,,,2041,,,,,,89.58
FixedCost,NDCcond,CR,TRNMICHYBDSL,,,,2042,,,,,,89.58
FixedCost,NDCcond,CR,TRNMICHYBDSL,,,,2043,,,,,,89.58
FixedCost,NDCcond,CR,TRNMICHYBDSL,,,,2044,,,,,,89.58
FixedCost,NDCcond,CR,TRNMICHYBDSL,,,,2045,,,,,,89.58
FixedCost,NDCcond,CR,TRNMICHYBDSL,,,,2046,,,,,,89.58
FixedCost,NDCcond,CR,TRNMICHYBDSL,,,,2047,,,,,,89.58
FixedCost,NDCcond,CR,TRNMICHYBDSL,,,,2048,,,,,,89.58
FixedCost,NDCcond,CR,TRNMICHYBDSL,,,,2049,,,,,,89.58
FixedCost,NDCcond,CR,TRNMICHYBDSL,,,,2050,,,,,,89.58
FixedCost,NDCcond,CR,TRNMICHYD,,,,2018,,,,,,59.1228
FixedCost,NDCcond,CR,TRNMICHYD,,,,2019,,,,,,59.1228
FixedCost,NDCcond,CR,TRNMICHYD,,,,2020,,,,,,59.1228
FixedCost,NDCcond,CR,TRNMICHYD,,,,2021,,,,,,59.1228
FixedCost,NDCcond,CR,TRNMICHYD,,,,2022,,,,,,59.1228
FixedCost,NDCcond,CR,TRNMICHYD,,,,2023,,,,,,59.1228
FixedCost,NDCcond,CR,TRNMICHYD,,,,2024,,,,,,59.1228
FixedCost,NDCcond,CR,TRNMICHYD,,,,2025,,,,,,59.1228
FixedCost,NDCcond,CR,TRNMICHYD,,,,2026,,,,,,59.1228
FixedCost,NDCcond,CR,TRNMICHYD,,,,2027,,,,,,59.1228
FixedCost,NDCcond,CR,TRNMICHYD,,,,2028,,,,,,59.1228
FixedCost,NDCcond,CR,TRNMICHYD,,,,2029,,,,,,59.1228
FixedCost,NDCcond,CR,TRNMICHYD,,,,2030,,,,,,59.1228
FixedCost,NDCcond,CR,TRNMICHYD,,,,2031,,,,,,59.1228
FixedCost,NDCcond,CR,TRNMICHYD,,,,2032,,,,,,59.1228
FixedCost,NDCcond,CR,TRNMICHYD,,,,2033,,,,,,59.1228
FixedCost,NDCcond,CR,TRNMICHYD,,,,2034,,,,,,59.1228
FixedCost,NDCcond,CR,TRNMICHYD,,,,2035,,,,,,59.1228
FixedCost,NDCcond,CR,TRNMICHYD,,,,2036,,,,,,59.1228
FixedCost,NDCcond,CR,TRNMICHYD,,,,2037,,,,,,59.1228
FixedCost,NDCcond,CR,TRNMICHYD,,,,2038,,,,,,59.1228
FixedCost,NDCcond,CR,TRNMICHYD,,,,2039,,,,,,59.1228
FixedCost,NDCcond,CR,TRNMICHYD,,,,2040,,,,,,59.1228
FixedCost,NDCcond,CR,TRNMICHYD,,,,2041,,,,,,59.1228
FixedCost,NDCcond,CR,TRNMICHYD,,,,2042,,,,,,59.1228
FixedCost,NDCcond,CR,TRNMICHYD,,,,2043,,,,,,59.1228
FixedCost,NDCcond,CR,TRNMICHYD,,,,2044,,,,,,59.1228
FixedCost,NDCcond,CR,TRNMICHYD,,,,2045,,,,,,59.1228
FixedCost,NDCcond,CR,TRNMICHYD,,,,2046,,,,,,59.1228
FixedCost,NDCcond,CR,TRNMICHYD,,,,2047,,,,,,59.1228
FixedCost,NDCcond,CR,TRNMICHYD,,,,2048,,,,,,59.1228
FixedCost,NDCcond,CR,TRNMICHYD,,,,2049,,,,,,59.1228
FixedCost,NDCcond,CR,TRNMICHYD,,,,2050,,,,,,59.1228
FixedCost,NDCcond,CR,TRNMICELE,,,,2018,,,,,,59.1228
FixedCost,NDCcond,CR,TRNMICELE,,,,2019,,,,,,59.1228
FixedCost,NDCcond,CR,TRNMICELE,,,,2020,,,,,,59.1228
FixedCost,NDCcond,CR,TRNMICELE,,,,2021,,,,,,59.1228
FixedCost,NDCcond,CR,TRNMICELE,,,,2022,,,,,,59.1228
FixedCost,NDCcond,CR,TRNMICELE,,,,2023,,,,,,59.1228
FixedCost,NDCcond,CR,TRNMICELE,,,,2024,,,,,,59.1228
FixedCost,NDCcond,CR,TRNMICELE,,,,2025,,,,,,59.1228
FixedCost,NDCcond,CR,TRNMICELE,,,,2026,,,,,,59.1228
FixedCost,NDCcond,CR,TRNMICELE,,,,2027,,,,,,59.1228
FixedCost,NDCcond,CR,TRNMICELE,,,,2028,,,,,,59.1228
FixedCost,NDCcond,CR,TRNMICELE,,,,2029,,,,,,59.1228
FixedCost,NDCcond,CR,TRNMICELE,,,,2030,,,,,,59.1228
FixedCost,NDCcond,CR,TRNMICELE,,,,2031,,,,,,59.1228
FixedCost,NDCcond,CR,TRNMICELE,,,,2032,,,,,,59.1228
FixedCost,NDCcond,CR,TRNMICELE,,,,2033,,,,,,59.1228
FixedCost,NDCcond,CR,TRNMICELE,,,,2034,,,,,,59.1228
FixedCost,NDCcond,CR,TRNMICELE,,,,2035,,,,,,59.1228
FixedCost,NDCcond,CR,TRNMICELE,,,,2036,,,,,,59.1228
FixedCost,NDCcond,CR,TRNMICELE,,,,2037,,,,,,59.1228
FixedCost,NDCcond,CR,TRNMICELE,,,,2038,,,,,,59.1228
FixedCost,NDCcond,CR,TRNMICELE,,,,2039,,,,,,59.1228
FixedCost,NDCcond,CR,TRNMICELE,,,,2040,,,,,,59.1228
FixedCost,NDCcond,CR,TRNMICELE,,,,2041,,,,,,59.1228
FixedCost,NDCcond,CR,TRNMICELE,,,,2042,,,,,,59.1228
FixedCost,NDCcond,CR,TRNMICELE,,,,2043,,,,,,59.1228
FixedCost,NDCcond,CR,TRNMICELE,,,,2044,,,,,,59.1228
FixedCost,NDCcond,CR,TRNMICELE,,,,2045,,,,,,59.1228
FixedCost,NDCcond,CR,TRNMICELE,,,,2046,,,,,,59.1228
FixedCost,NDCcond,CR,TRNMICELE,,,,2047,,,,,,59.1228
FixedCost,NDCcond,CR,TRNMICELE,,,,2048,,,,,,59.1228
FixedCost,NDCcond,CR,TRNMICELE,,,,2049,,,,,,59.1228
FixedCost,NDCcond,CR,TRNMICELE,,,,2050,,,,,,59.1228
FixedCost,NDCcond,CR,TRNMICDSL,,,,2018,,,,,,179.16
FixedCost,NDCcond,CR,TRNMICDSL,,,,2019,,,,,,179.16
FixedCost,NDCcond,CR,TRNMICDSL,,,,2020,,,,,,179.16
FixedCost,NDCcond,CR,TRNMICDSL,,,,2021,,,,,,179.16
FixedCost,NDCcond,CR,TRNMICDSL,,,,2022,,,,,,179.16
FixedCost,NDCcond,CR,TRNMICDSL,,,,2023,,,,,,179.16
FixedCost,NDCcond,CR,TRNMICDSL,,,,2024,,,,,,179.16
FixedCost,NDCcond,CR,TRNMICDSL,,,,2025,,,,,,179.16
FixedCost,NDCcond,CR,TRNMICDSL,,,,2026,,,,,,179.16
FixedCost,NDCcond,CR,TRNMICDSL,,,,2027,,,,,,179.16
FixedCost,NDCcond,CR,TRNMICDSL,,,,2028,,,,,,179.16
FixedCost,NDCcond,CR,TRNMICDSL,,,,2029,,,,,,179.16
FixedCost,NDCcond,CR,TRNMICDSL,,,,2030,,,,,,179.16
FixedCost,NDCcond,CR,TRNMICDSL,,,,2031,,,,,,179.16
FixedCost,NDCcond,CR,TRNMICDSL,,,,2032,,,,,,179.16
FixedCost,NDCcond,CR,TRNMICDSL,,,,2033,,,,,,179.16
FixedCost,NDCcond,CR,TRNMICDSL,,,,2034,,,,,,179.16
FixedCost,NDCcond,CR,TRNMICDSL,,,,2035,,,,,,179.16
FixedCost,NDCcond,CR,TRNMICDSL,,,,2036,,,,,,179.16
FixedCost,NDCcond,CR,TRNMICDSL,,,,2037,,,,,,179.16
FixedCost,NDCcond,CR,TRNMICDSL,,,,2038,,,,,,179.16
FixedCost,NDCcond,CR,TRNMICDSL,,,,2039,,,,,,179.16
FixedCost,NDCcond,CR,TRNMICDSL,,,,2040,,,,,,179.16
FixedCost,NDCcond,CR,TRNMICDSL,,,,2041,,,,,,179.16
FixedCost,NDCcond,CR,TRNMICDSL,,,,2042,,,,,,179.16
FixedCost,NDCcond,CR,TRNMICDSL,,,,2043,,,,,,179.16
FixedCost,NDCcond,CR,TRNMICDSL,,,,2044,,,,,,179.16
FixedCost,NDCcond,CR,TRNMICDSL,,,,2045,,,,,,179.16
FixedCost,NDCcond,CR,TRNMICDSL,,,,2046,,,,,,179.16
FixedCost,NDCcond,CR,TRNMICDSL,,,,2047,,,,,,179.16
FixedCost,NDCcond,CR,TRNMICDSL,,,,2048,,,,,,179.16
FixedCost,NDCcond,CR,TRNMICDSL,,,,2049,,,,,,179.16
FixedCost,NDCcond,CR,TRNMICDSL,,,,2050,,,,,,179.16
FixedCost,NDCcond,CR,TRNMICLPG,,,,2018,,,,,,105.1
FixedCost,NDCcond,CR,TRNMICLPG,,,,2019,,,,,,105.1
FixedCost,NDCcond,CR,TRNMICLPG,,,,2020,,,,,,105.1
FixedCost,NDCcond,CR,TRNMICLPG,,,,2021,,,,,,105.1
FixedCost,NDCcond,CR,TRNMICLPG,,,,2022,,,,,,105.1
FixedCost,NDCcond,CR,TRNMICLPG,,,,2023,,,,,,105.1
FixedCost,NDCcond,CR,TRNMICLPG,,,,2024,,,,,,105.1
FixedCost,NDCcond,CR,TRNMICLPG,,,,2025,,,,,,105.1
FixedCost,NDCcond,CR,TRNMICLPG,,,,2026,,,,,,105.1
FixedCost,NDCcond,CR,TRNMICLPG,,,,2027,,,,,,105.1
FixedCost,NDCcond,CR,TRNMICLPG,,,,2028,,,,,,105.1
FixedCost,NDCcond,CR,TRNMICLPG,,,,2029,,,,,,105.1
FixedCost,NDCcond,CR,TRNMICLPG,,,,2030,,,,,,105.1
FixedCost,NDCcond,CR,TRNMICLPG,,,,2031,,,,,,105.1
FixedCost,NDCcond,CR,TRNMICLPG,,,,2032,,,,,,105.1
FixedCost,NDCcond,CR,TRNMICLPG,,,,2033,,,,,,105.1
FixedCost,NDCcond,CR,TRNMICLPG,,,,2034,,,,,,105.1
FixedCost,NDCcond,CR,TRNMICLPG,,,,2035,,,,,,105.1
FixedCost,NDCcond,CR,TRNMICLPG,,,,2036,,,,,,105.1
FixedCost,NDCcond,CR,TRNMICLPG,,,,2037,,,,,,105.1
FixedCost,NDCcond,CR,TRNMICLPG,,,,2038,,,,,,105.1
FixedCost,NDCcond,CR,TRNMICLPG,,,,2039,,,,,,105.1
FixedCost,NDCcond,CR,TRNMICLPG,,,,2040,,,,,,105.1
FixedCost,NDCcond,CR,TRNMICLPG,,,,2041,,,,,,105.1
FixedCost,NDCcond,CR,TRNMICLPG,,,,2042,,,,,,105.1
FixedCost,NDCcond,CR,TRNMICLPG,,,,2043,,,,,,105.1
FixedCost,NDCcond,CR,TRNMICLPG,,,,2044,,,,,,105.1
FixedCost,NDCcond,CR,TRNMICLPG,,,,2045,,,,,,105.1
FixedCost,NDCcond,CR,TRNMICLPG,,,,2046,,,,,,105.1
FixedCost,NDCcond,CR,TRNMICLPG,,,,2047,,,,,,105.1
FixedCost,NDCcond,CR,TRNMICLPG,,,,2048,,,,,,105.1
FixedCost,NDCcond,CR,TRNMICLPG,,,,2049,,,,,,105.1
FixedCost,NDCcond,CR,TRNMICLPG,,,,2050,,,,,,105.1
FixedCost,NDCcond,CR,TRNBUSHYBDSL,,,,2018,,,,,,85.89
FixedCost,NDCcond,CR,TRNBUSHYBDSL,,,,2019,,,,,,85.89
FixedCost,NDCcond,CR,TRNBUSHYBDSL,,,,2020,,,,,,85.89
FixedCost,NDCcond,CR,TRNBUSHYBDSL,,,,2021,,,,,,85.89
FixedCost,NDCcond,CR,TRNBUSHYBDSL,,,,2022,,,,,,85.89
FixedCost,NDCcond,CR,TRNBUSHYBDSL,,,,2023,,,,,,85.89
FixedCost,NDCcond,CR,TRNBUSHYBDSL,,,,2024,,,,,,85.89
FixedCost,NDCcond,CR,TRNBUSHYBDSL,,,,2025,,,,,,85.89
FixedCost,NDCcond,CR,TRNBUSHYBDSL,,,,2026,,,,,,85.89
FixedCost,NDCcond,CR,TRNBUSHYBDSL,,,,2027,,,,,,85.89
FixedCost,NDCcond,CR,TRNBUSHYBDSL,,,,2028,,,,,,85.89
FixedCost,NDCcond,CR,TRNBUSHYBDSL,,,,2029,,,,,,85.89
FixedCost,NDCcond,CR,TRNBUSHYBDSL,,,,2030,,,,,,85.89
FixedCost,NDCcond,CR,TRNBUSHYBDSL,,,,2031,,,,,,85.89
FixedCost,NDCcond,CR,TRNBUSHYBDSL,,,,2032,,,,,,85.89
FixedCost,NDCcond,CR,TRNBUSHYBDSL,,,,2033,,,,,,85.89
FixedCost,NDCcond,CR,TRNBUSHYBDSL,,,,2034,,,,,,85.89
FixedCost,NDCcond,CR,TRNBUSHYBDSL,,,,2035,,,,,,85.89
FixedCost,NDCcond,CR,TRNBUSHYBDSL,,,,2036,,,,,,85.89
FixedCost,NDCcond,CR,TRNBUSHYBDSL,,,,2037,,,,,,85.89
FixedCost,NDCcond,CR,TRNBUSHYBDSL,,,,2038,,,,,,85.89
FixedCost,NDCcond,CR,TRNBUSHYBDSL,,,,2039,,,,,,85.89
FixedCost,NDCcond,CR,TRNBUSHYBDSL,,,,2040,,,,,,85.89
FixedCost,NDCcond,CR,TRNBUSHYBDSL,,,,2041,,,,,,85.89
FixedCost,NDCcond,CR,TRNBUSHYBDSL,,,,2042,,,,,,85.89
FixedCost,NDCcond,CR,TRNBUSHYBDSL,,,,2043,,,,,,85.89
FixedCost,NDCcond,CR,TRNBUSHYBDSL,,,,2044,,,,,,85.89
FixedCost,NDCcond,CR,TRNBUSHYBDSL,,,,2045,,,,,,85.89
FixedCost,NDCcond,CR,TRNBUSHYBDSL,,,,2046,,,,,,85.89
FixedCost,NDCcond,CR,TRNBUSHYBDSL,,,,2047,,,,,,85.89
FixedCost,NDCcond,CR,TRNBUSHYBDSL,,,,2048,,,,,,85.89
FixedCost,NDCcond,CR,TRNBUSHYBDSL,,,,2049,,,,,,85.89
FixedCost,NDCcond,CR,TRNBUSHYBDSL,,,,2050,,,,,,85.89
FixedCost,NDCcond,CR,TRNBUSHYD,,,,2018,,,,,,56.6874
FixedCost,NDCcond,CR,TRNBUSHYD,,,,2019,,,,,,56.6874
FixedCost,NDCcond,CR,TRNBUSHYD,,,,2020,,,,,,56.6874
FixedCost,NDCcond,CR,TRNBUSHYD,,,,2021,,,,,,56.6874
FixedCost,NDCcond,CR,TRNBUSHYD,,,,2022,,,,,,56.6874
FixedCost,NDCcond,CR,TRNBUSHYD,,,,2023,,,,,,56.6874
FixedCost,NDCcond,CR,TRNBUSHYD,,,,2024,,,,,,56.6874
FixedCost,NDCcond,CR,TRNBUSHYD,,,,2025,,,,,,56.6874
FixedCost,NDCcond,CR,TRNBUSHYD,,,,2026,,,,,,56.6874
FixedCost,NDCcond,CR,TRNBUSHYD,,,,2027,,,,,,56.6874
FixedCost,NDCcond,CR,TRNBUSHYD,,,,2028,,,,,,56.6874
FixedCost,NDCcond,CR,TRNBUSHYD,,,,2029,,,,,,56.6874
FixedCost,NDCcond,CR,TRNBUSHYD,,,,2030,,,,,,56.6874
FixedCost,NDCcond,CR,TRNBUSHYD,,,,2031,,,,,,56.6874
FixedCost,NDCcond,CR,TRNBUSHYD,,,,2032,,,,,,56.6874
FixedCost,NDCcond,CR,TRNBUSHYD,,,,2033,,,,,,56.6874
FixedCost,NDCcond,CR,TRNBUSHYD,,,,2034,,,,,,56.6874
FixedCost,NDCcond,CR,TRNBUSHYD,,,,2035,,,,,,56.6874
FixedCost,NDCcond,CR,TRNBUSHYD,,,,2036,,,,,,56.6874
FixedCost,NDCcond,CR,TRNBUSHYD,,,,2037,,,,,,56.6874
FixedCost,NDCcond,CR,TRNBUSHYD,,,,2038,,,,,,56.6874
FixedCost,NDCcond,CR,TRNBUSHYD,,,,2039,,,,,,56.6874
FixedCost,NDCcond,CR,TRNBUSHYD,,,,2040,,,,,,56.6874
FixedCost,NDCcond,CR,TRNBUSHYD,,,,2041,,,,,,56.6874
FixedCost,NDCcond,CR,TRNBUSHYD,,,,2042,,,,,,56.6874
FixedCost,NDCcond,CR,TRNBUSHYD,,,,2043,,,,,,56.6874
FixedCost,NDCcond,CR,TRNBUSHYD,,,,2044,,,,,,56.6874
FixedCost,NDCcond,CR,TRNBUSHYD,,,,2045,,,,,,56.6874
FixedCost,NDCcond,CR,TRNBUSHYD,,,,2046,,,,,,56.6874
FixedCost,NDCcond,CR,TRNBUSHYD,,,,2047,,,,,,56.6874
FixedCost,NDCcond,CR,TRNBUSHYD,,,,2048,,,,,,56.6874
FixedCost,NDCcond,CR,TRNBUSHYD,,,,2049,,,,,,56.6874
FixedCost,NDCcond,CR,TRNBUSHYD,,,,2050,,,,,,56.6874
FixedCost,NDCcond,CR,TRNBUSELE,,,,2018,,,,,,56.6874
FixedCost,NDCcond,CR,TRNBUSELE,,,,2019,,,,,,56.6874
FixedCost,NDCcond,CR,TRNBUSELE,,,,2020,,,,,,56.6874
FixedCost,NDCcond,CR,TRNBUSELE,,,,2021,,,,,,56.6874
FixedCost,NDCcond,CR,TRNBUSELE,,,,2022,,,,,,56.6874
FixedCost,NDCcond,CR,TRNBUSELE,,,,2023,,,,,,56.6874
FixedCost,NDCcond,CR,TRNBUSELE,,,,2024,,,,,,56.6874
FixedCost,NDCcond,CR,TRNBUSELE,,,,2025,,,,,,56.6874
FixedCost,NDCcond,CR,TRNBUSELE,,,,2026,,,,,,56.6874
FixedCost,NDCcond,CR,TRNBUSELE,,,,2027,,,,,,56.6874
FixedCost,NDCcond,CR,TRNBUSELE,,,,2028,,,,,,56.6874
FixedCost,NDCcond,CR,TRNBUSELE,,,,2029,,,,,,56.6874
FixedCost,NDCcond,CR,TRNBUSELE,,,,2030,,,,,,56.6874
FixedCost,NDCcond,CR,TRNBUSELE,,,,2031,,,,,,56.6874
FixedCost,NDCcond,CR,TRNBUSELE,,,,2032,,,,,,56.6874
FixedCost,NDCcond,CR,TRNBUSELE,,,,2033,,,,,,56.6874
FixedCost,NDCcond,CR,TRNBUSELE,,,,2034,,,,,,56.6874
FixedCost,NDCcond,CR,TRNBUSELE,,,,2035,,,,,,56.6874
FixedCost,NDCcond,CR,TRNBUSELE,,,,2036,,,,,,56.6874
FixedCost,NDCcond,CR,TRNBUSELE,,,,2037,,,,,,56.6874
FixedCost,NDCcond,CR,TRNBUSELE,,,,2038,,,,,,56.6874
FixedCost,NDCcond,CR,TRNBUSELE,,,,2039,,,,,,56.6874
FixedCost,NDCcond,CR,TRNBUSELE,,,,2040,,,,,,56.6874
FixedCost,NDCcond,CR,TRNBUSELE,,,,2041,,,,,,56.6874
FixedCost,NDCcond,CR,TRNBUSELE,,,,2042,,,,,,56.6874
FixedCost,NDCcond,CR,TRNBUSELE,,,,2043,,,,,,56.6874
FixedCost,NDCcond,CR,TRNBUSELE,,,,2044,,,,,,56.6874
FixedCost,NDCcond,CR,TRNBUSELE,,,,2045,,,,,,56.6874
FixedCost,NDCcond,CR,TRNBUSELE,,,,2046,,,,,,56.6874
FixedCost,NDCcond,CR,TRNBUSELE,,,,2047,,,,,,56.6874
FixedCost,NDCcond,CR,TRNBUSELE,,,,2048,,,,,,56.6874
FixedCost,NDCcond,CR,TRNBUSELE,,,,2049,,,,,,56.6874
FixedCost,NDCcond,CR,TRNBUSELE,,,,2050,,,,,,56.6874
FixedCost,NDCcond,CR,TRNBUSDSL,,,,2018,,,,,,171.78
FixedCost,NDCcond,CR,TRNBUSDSL,,,,2019,,,,,,171.78
FixedCost,NDCcond,CR,TRNBUSDSL,,,,2020,,,,,,171.78
FixedCost,NDCcond,CR,TRNBUSDSL,,,,2021,,,,,,171.78
FixedCost,NDCcond,CR,TRNBUSDSL,,,,2022,,,,,,171.78
FixedCost,NDCcond,CR,TRNBUSDSL,,,,2023,,,,,,171.78
FixedCost,NDCcond,CR,TRNBUSDSL,,,,2024,,,,,,171.78
FixedCost,NDCcond,CR,TRNBUSDSL,,,,2025,,,,,,171.78
FixedCost,NDCcond,CR,TRNBUSDSL,,,,2026,,,,,,171.78
FixedCost,NDCcond,CR,TRNBUSDSL,,,,2027,,,,,,171.78
FixedCost,NDCcond,CR,TRNBUSDSL,,,,2028,,,,,,171.78
FixedCost,NDCcond,CR,TRNBUSDSL,,,,2029,,,,,,171.78
FixedCost,NDCcond,CR,TRNBUSDSL,,,,2030,,,,,,171.78
FixedCost,NDCcond,CR,TRNBUSDSL,,,,2031,,,,,,171.78
FixedCost,NDCcond,CR,TRNBUSDSL,,,,2032,,,,,,171.78
FixedCost,NDCcond,CR,TRNBUSDSL,,,,2033,,,,,,171.78
FixedCost,NDCcond,CR,TRNBUSDSL,,,,2034,,,,,,171.78
FixedCost,NDCcond,CR,TRNBUSDSL,,,,2035,,,,,,171.78
FixedCost,NDCcond,CR,TRNBUSDSL,,,,2036,,,,,,171.78
FixedCost,NDCcond,CR,TRNBUSDSL,,,,2037,,,,,,171.78
FixedCost,NDCcond,CR,TRNBUSDSL,,,,2038,,,,,,171.78
FixedCost,NDCcond,CR,TRNBUSDSL,,,,2039,,,,,,171.78
FixedCost,NDCcond,CR,TRNBUSDSL,,,,2040,,,,,,171.78
FixedCost,NDCcond,CR,TRNBUSDSL,,,,2041,,,,,,171.78
FixedCost,NDCcond,CR,TRNBUSDSL,,,,2042,,,,,,171.78
FixedCost,NDCcond,CR,TRNBUSDSL,,,,2043,,,,,,171.78
FixedCost,NDCcond,CR,TRNBUSDSL,,,,2044,,,,,,171.78
FixedCost,NDCcond,CR,TRNBUSDSL,,,,2045,,,,,,171.78
FixedCost,NDCcond,CR,TRNBUSDSL,,,,2046,,,,,,171.78
FixedCost,NDCcond,CR,TRNBUSDSL,,,,2047,,,,,,171.78
FixedCost,NDCcond,CR,TRNBUSDSL,,,,2048,,,,,,171.78
FixedCost,NDCcond,CR,TRNBUSDSL,,,,2049,,,,,,171.78
FixedCost,NDCcond,CR,TRNBUSDSL,,,,2050,,,,,,171.78
FixedCost,NDCcond,CR,TRNBUSLPG,,,,2018,,,,,,100.77
FixedCost,NDCcond,CR,TRNBUSLPG,,,,2019,,,,,,100.77
FixedCost,NDCcond,CR,TRNBUSLPG,,,,2020,,,,,,100.77
FixedCost,NDCcond,CR,TRNBUSLPG,,,,2021,,,,,,100.77
FixedCost,NDCcond,CR,TRNBUSLPG,,,,2022,,,,,,100.77
FixedCost,NDCcond,CR,TRNBUSLPG,,,,2023,,,,,,100.77
FixedCost,NDCcond,CR,TRNBUSLPG,,,,2024,,,,,,100.77
FixedCost,NDCcond,CR,TRNBUSLPG,,,,2025,,,,,,100.77
FixedCost,NDCcond,CR,TRNBUSLPG,,,,2026,,,,,,100.77
FixedCost,NDCcond,CR,TRNBUSLPG,,,,2027,,,,,,100.77
FixedCost,NDCcond,CR,TRNBUSLPG,,,,2028,,,,,,100.77
FixedCost,NDCcond,CR,TRNBUSLPG,,,,2029,,,,,,100.77
FixedCost,NDCcond,CR,TRNBUSLPG,,,,2030,,,,,,100.77
FixedCost,NDCcond,CR,TRNBUSLPG,,,,2031,,,,,,100.77
FixedCost,NDCcond,CR,TRNBUSLPG,,,,2032,,,,,,100.77
FixedCost,NDCcond,CR,TRNBUSLPG,,,,2033,,,,,,100.77
FixedCost,NDCcond,CR,TRNBUSLPG,,,,2034,,,,,,100.77
FixedCost,NDCcond,CR,TRNBUSLPG,,,,2035,,,,,,100.77
FixedCost,NDCcond,CR,TRNBUSLPG,,,,2036,,,,,,100.77
FixedCost,NDCcond,CR,TRNBUSLPG,,,,2037,,,,,,100.77
FixedCost,NDCcond,CR,TRNBUSLPG,,,,2038,,,,,,100.77
FixedCost,NDCcond,CR,TRNBUSLPG,,,,2039,,,,,,100.77
FixedCost,NDCcond,CR,TRNBUSLPG,,,,2040,,,,,,100.77
FixedCost,NDCcond,CR,TRNBUSLPG,,,,2041,,,,,,100.77
FixedCost,NDCcond,CR,TRNBUSLPG,,,,2042,,,,,,100.77
FixedCost,NDCcond,CR,TRNBUSLPG,,,,2043,,,,,,100.77
FixedCost,NDCcond,CR,TRNBUSLPG,,,,2044,,,,,,100.77
FixedCost,NDCcond,CR,TRNBUSLPG,,,,2045,,,,,,100.77
FixedCost,NDCcond,CR,TRNBUSLPG,,,,2046,,,,,,100.77
FixedCost,NDCcond,CR,TRNBUSLPG,,,,2047,,,,,,100.77
FixedCost,NDCcond,CR,TRNBUSLPG,,,,2048,,,,,,100.77
FixedCost,NDCcond,CR,TRNBUSLPG,,,,2049,,,,,,100.77
FixedCost,NDCcond,CR,TRNBUSLPG,,,,2050,,,,,,100.77
FixedCost,NDCcond,CR,TRNTAXHYBDSL,,,,2018,,,,,,24.66
FixedCost,NDCcond,CR,TRNTAXHYBDSL,,,,2019,,,,,,24.66
FixedCost,NDCcond,CR,TRNTAXHYBDSL,,,,2020,,,,,,24.66
FixedCost,NDCcond,CR,TRNTAXHYBDSL,,,,2021,,,,,,24.66
FixedCost,NDCcond,CR,TRNTAXHYBDSL,,,,2022,,,,,,24.66
FixedCost,NDCcond,CR,TRNTAXHYBDSL,,,,2023,,,,,,24.66
FixedCost,NDCcond,CR,TRNTAXHYBDSL,,,,2024,,,,,,24.66
FixedCost,NDCcond,CR,TRNTAXHYBDSL,,,,2025,,,,,,24.66
FixedCost,NDCcond,CR,TRNTAXHYBDSL,,,,2026,,,,,,24.66
FixedCost,NDCcond,CR,TRNTAXHYBDSL,,,,2027,,,,,,24.66
FixedCost,NDCcond,CR,TRNTAXHYBDSL,,,,2028,,,,,,24.66
FixedCost,NDCcond,CR,TRNTAXHYBDSL,,,,2029,,,,,,24.66
FixedCost,NDCcond,CR,TRNTAXHYBDSL,,,,2030,,,,,,24.66
FixedCost,NDCcond,CR,TRNTAXHYBDSL,,,,2031,,,,,,24.66
FixedCost,NDCcond,CR,TRNTAXHYBDSL,,,,2032,,,,,,24.66
FixedCost,NDCcond,CR,TRNTAXHYBDSL,,,,2033,,,,,,24.66
FixedCost,NDCcond,CR,TRNTAXHYBDSL,,,,2034,,,,,,24.66
FixedCost,NDCcond,CR,TRNTAXHYBDSL,,,,2035,,,,,,24.66
FixedCost,NDCcond,CR,TRNTAXHYBDSL,,,,2036,,,,,,24.66
FixedCost,NDCcond,CR,TRNTAXHYBDSL,,,,2037,,,,,,24.66
FixedCost,NDCcond,CR,TRNTAXHYBDSL,,,,2038,,,,,,24.66
FixedCost,NDCcond,CR,TRNTAXHYBDSL,,,,2039,,,,,,24.66
FixedCost,NDCcond,CR,TRNTAXHYBDSL,,,,2040,,,,,,24.66
FixedCost,NDCcond,CR,TRNTAXHYBDSL,,,,2041,,,,,,24.66
FixedCost,NDCcond,CR,TRNTAXHYBDSL,,,,2042,,,,,,24.66
FixedCost,NDCcond,CR,TRNTAXHYBDSL,,,,2043,,,,,,24.66
FixedCost,NDCcond,CR,TRNTAXHYBDSL,,,,2044,,,,,,24.66
FixedCost,NDCcond,CR,TRNTAXHYBDSL,,,,2045,,,,,,24.66
FixedCost,NDCcond,CR,TRNTAXHYBDSL,,,,2046,,,,,,24.66
FixedCost,NDCcond,CR,TRNTAXHYBDSL,,,,2047,,,,,,24.66
FixedCost,NDCcond,CR,TRNTAXHYBDSL,,,,2048,,,,,,24.66
FixedCost,NDCcond,CR,TRNTAXHYBDSL,,,,2049,,,,,,24.66
FixedCost,NDCcond,CR,TRNTAXHYBDSL,,,,2050,,,,,,24.66
FixedCost,NDCcond,CR,TRNTAXELE,,,,2018,,,,,,16.2756
FixedCost,NDCcond,CR,TRNTAXELE,,,,2019,,,,,,16.2756
FixedCost,NDCcond,CR,TRNTAXELE,,,,2020,,,,,,16.2756
FixedCost,NDCcond,CR,TRNTAXELE,,,,2021,,,,,,16.2756
FixedCost,NDCcond,CR,TRNTAXELE,,,,2022,,,,,,16.2756
FixedCost,NDCcond,CR,TRNTAXELE,,,,2023,,,,,,16.2756
FixedCost,NDCcond,CR,TRNTAXELE,,,,2024,,,,,,16.2756
FixedCost,NDCcond,CR,TRNTAXELE,,,,2025,,,,,,16.2756
FixedCost,NDCcond,CR,TRNTAXELE,,,,2026,,,,,,16.2756
FixedCost,NDCcond,CR,TRNTAXELE,,,,2027,,,,,,16.2756
FixedCost,NDCcond,CR,TRNTAXELE,,,,2028,,,,,,16.2756
FixedCost,NDCcond,CR,TRNTAXELE,,,,2029,,,,,,16.2756
FixedCost,NDCcond,CR,TRNTAXELE,,,,2030,,,,,,16.2756
FixedCost,NDCcond,CR,TRNTAXELE,,,,2031,,,,,,16.2756
FixedCost,NDCcond,CR,TRNTAXELE,,,,2032,,,,,,16.2756
FixedCost,NDCcond,CR,TRNTAXELE,,,,2033,,,,,,16.2756
FixedCost,NDCcond,CR,TRNTAXELE,,,,2034,,,,,,16.2756
FixedCost,NDCcond,CR,TRNTAXELE,,,,2035,,,,,,16.2756
FixedCost,NDCcond,CR,TRNTAXELE,,,,2036,,,,,,16.2756
FixedCost,NDCcond,CR,TRNTAXELE,,,,2037,,,,,,16.2756
FixedCost,NDCcond,CR,TRNTAXELE,,,,2038,,,,,,16.2756
FixedCost,NDCcond,CR,TRNTAXELE,,,,2039,,,,,,16.2756
FixedCost,NDCcond,CR,TRNTAXELE,,,,2040,,,,,,16.2756
FixedCost,NDCcond,CR,TRNTAXELE,,,,2041,,,,,,16.2756
FixedCost,NDCcond,CR,TRNTAXELE,,,,2042,,,,,,16.2756
FixedCost,NDCcond,CR,TRNTAXELE,,,,2043,,,,,,16.2756
FixedCost,NDCcond,CR,TRNTAXELE,,,,2044,,,,,,16.2756
FixedCost,NDCcond,CR,TRNTAXELE,,,,2045,,,,,,16.2756
FixedCost,NDCcond,CR,TRNTAXELE,,,,2046,,,,,,16.2756
FixedCost,NDCcond,CR,TRNTAXELE,,,,2047,,,,,,16.2756
FixedCost,NDCcond,CR,TRNTAXELE,,,,2048,,,,,,16.2756
FixedCost,NDCcond,CR,TRNTAXELE,,,,2049,,,,,,16.2756
FixedCost,NDCcond,CR,TRNTAXELE,,,,2050,,,,,,16.2756
FixedCost,NDCcond,CR,TRNTAXDSL,,,,2018,,,,,,49.32
FixedCost,NDCcond,CR,TRNTAXDSL,,,,2019,,,,,,49.32
FixedCost,NDCcond,CR,TRNTAXDSL,,,,2020,,,,,,49.32
FixedCost,NDCcond,CR,TRNTAXDSL,,,,2021,,,,,,49.32
FixedCost,NDCcond,CR,TRNTAXDSL,,,,2022,,,,,,49.32
FixedCost,NDCcond,CR,TRNTAXDSL,,,,2023,,,,,,49.32
FixedCost,NDCcond,CR,TRNTAXDSL,,,,2024,,,,,,49.32
FixedCost,NDCcond,CR,TRNTAXDSL,,,,2025,,,,,,49.32
FixedCost,NDCcond,CR,TRNTAXDSL,,,,2026,,,,,,49.32
FixedCost,NDCcond,CR,TRNTAXDSL,,,,2027,,,,,,49.32
FixedCost,NDCcond,CR,TRNTAXDSL,,,,2028,,,,,,49.32
FixedCost,NDCcond,CR,TRNTAXDSL,,,,2029,,,,,,49.32
FixedCost,NDCcond,CR,TRNTAXDSL,,,,2030,,,,,,49.32
FixedCost,NDCcond,CR,TRNTAXDSL,,,,2031,,,,,,49.32
FixedCost,NDCcond,CR,TRNTAXDSL,,,,2032,,,,,,49.32
FixedCost,NDCcond,CR,TRNTAXDSL,,,,2033,,,,,,49.32
FixedCost,NDCcond,CR,TRNTAXDSL,,,,2034,,,,,,49.32
FixedCost,NDCcond,CR,TRNTAXDSL,,,,2035,,,,,,49.32
FixedCost,NDCcond,CR,TRNTAXDSL,,,,2036,,,,,,49.32
FixedCost,NDCcond,CR,TRNTAXDSL,,,,2037,,,,,,49.32
FixedCost,NDCcond,CR,TRNTAXDSL,,,,2038,,,,,,49.32
FixedCost,NDCcond,CR,TRNTAXDSL,,,,2039,,,,,,49.32
FixedCost,NDCcond,CR,TRNTAXDSL,,,,2040,,,,,,49.32
FixedCost,NDCcond,CR,TRNTAXDSL,,,,2041,,,,,,49.32
FixedCost,NDCcond,CR,TRNTAXDSL,,,,2042,,,,,,49.32
FixedCost,NDCcond,CR,TRNTAXDSL,,,,2043,,,,,,49.32
FixedCost,NDCcond,CR,TRNTAXDSL,,,,2044,,,,,,49.32
FixedCost,NDCcond,CR,TRNTAXDSL,,,,2045,,,,,,49.32
FixedCost,NDCcond,CR,TRNTAXDSL,,,,2046,,,,,,49.32
FixedCost,NDCcond,CR,TRNTAXDSL,,,,2047,,,,,,49.32
FixedCost,NDCcond,CR,TRNTAXDSL,,,,2048,,,,,,49.32
FixedCost,NDCcond,CR,TRNTAXDSL,,,,2049,,,,,,49.32
FixedCost,NDCcond,CR,TRNTAXDSL,,,,2050,,,,,,49.32
FixedCost,NDCcond,CR,TRNTAXHYBGSL,,,,2018,,,,,,24.66
FixedCost,NDCcond,CR,TRNTAXHYBGSL,,,,2019,,,,,,24.66
FixedCost,NDCcond,CR,TRNTAXHYBGSL,,,,2020,,,,,,24.66
FixedCost,NDCcond,CR,TRNTAXHYBGSL,,,,2021,,,,,,24.66
FixedCost,NDCcond,CR,TRNTAXHYBGSL,,,,2022,,,,,,24.66
FixedCost,NDCcond,CR,TRNTAXHYBGSL,,,,2023,,,,,,24.66
FixedCost,NDCcond,CR,TRNTAXHYBGSL,,,,2024,,,,,,24.66
FixedCost,NDCcond,CR,TRNTAXHYBGSL,,,,2025,,,,,,24.66
FixedCost,NDCcond,CR,TRNTAXHYBGSL,,,,2026,,,,,,24.66
FixedCost,NDCcond,CR,TRNTAXHYBGSL,,,,2027,,,,,,24.66
FixedCost,NDCcond,CR,TRNTAXHYBGSL,,,,2028,,,,,,24.66
FixedCost,NDCcond,CR,TRNTAXHYBGSL,,,,2029,,,,,,24.66
FixedCost,NDCcond,CR,TRNTAXHYBGSL,,,,2030,,,,,,24.66
FixedCost,NDCcond,CR,TRNTAXHYBGSL,,,,2031,,,,,,24.66
FixedCost,NDCcond,CR,TRNTAXHYBGSL,,,,2032,,,,,,24.66
FixedCost,NDCcond,CR,TRNTAXHYBGSL,,,,2033,,,,,,24.66
FixedCost,NDCcond,CR,TRNTAXHYBGSL,,,,2034,,,,,,24.66
FixedCost,NDCcond,CR,TRNTAXHYBGSL,,,,2035,,,,,,24.66
FixedCost,NDCcond,CR,TRNTAXHYBGSL,,,,2036,,,,,,24.66
FixedCost,NDCcond,CR,TRNTAXHYBGSL,,,,2037,,,,,,24.66
FixedCost,NDCcond,CR,TRNTAXHYBGSL,,,,2038,,,,,,24.66
FixedCost,NDCcond,CR,TRNTAXHYBGSL,,,,2039,,,,,,24.66
FixedCost,NDCcond,CR,TRNTAXHYBGSL,,,,2040,,,,,,24.66
FixedCost,NDCcond,CR,TRNTAXHYBGSL,,,,2041,,,,,,24.66
FixedCost,NDCcond,CR,TRNTAXHYBGSL,,,,2042,,,,,,24.66
FixedCost,NDCcond,CR,TRNTAXHYBGSL,,,,2043,,,,,,24.66
FixedCost,NDCcond,CR,TRNTAXHYBGSL,,,,2044,,,,,,24.66
FixedCost,NDCcond,CR,TRNTAXHYBGSL,,,,2045,,,,,,24.66
FixedCost,NDCcond,CR,TRNTAXHYBGSL,,,,2046,,,,,,24.66
FixedCost,NDCcond,CR,TRNTAXHYBGSL,,,,2047,,,,,,24.66
FixedCost,NDCcond,CR,TRNTAXHYBGSL,,,,2048,,,,,,24.66
FixedCost,NDCcond,CR,TRNTAXHYBGSL,,,,2049,,,,,,24.66
FixedCost,NDCcond,CR,TRNTAXHYBGSL,,,,2050,,,,,,24.66
FixedCost,NDCcond,CR,TRNTAXGSL,,,,2018,,,,,,49.32
FixedCost,NDCcond,CR,TRNTAXGSL,,,,2019,,,,,,49.32
FixedCost,NDCcond,CR,TRNTAXGSL,,,,2020,,,,,,49.32
FixedCost,NDCcond,CR,TRNTAXGSL,,,,2021,,,,,,49.32
FixedCost,NDCcond,CR,TRNTAXGSL,,,,2022,,,,,,49.32
FixedCost,NDCcond,CR,TRNTAXGSL,,,,2023,,,,,,49.32
FixedCost,NDCcond,CR,TRNTAXGSL,,,,2024,,,,,,49.32
FixedCost,NDCcond,CR,TRNTAXGSL,,,,2025,,,,,,49.32
FixedCost,NDCcond,CR,TRNTAXGSL,,,,2026,,,,,,49.32
FixedCost,NDCcond,CR,TRNTAXGSL,,,,2027,,,,,,49.32
FixedCost,NDCcond,CR,TRNTAXGSL,,,,2028,,,,,,49.32
FixedCost,NDCcond,CR,TRNTAXGSL,,,,2029,,,,,,49.32
FixedCost,NDCcond,CR,TRNTAXGSL,,,,2030,,,,,,49.32
FixedCost,NDCcond,CR,TRNTAXGSL,,,,2031,,,,,,49.32
FixedCost,NDCcond,CR,TRNTAXGSL,,,,2032,,,,,,49.32
FixedCost,NDCcond,CR,TRNTAXGSL,,,,2033,,,,,,49.32
FixedCost,NDCcond,CR,TRNTAXGSL,,,,2034,,,,,,49.32
FixedCost,NDCcond,CR,TRNTAXGSL,,,,2035,,,,,,49.32
FixedCost,NDCcond,CR,TRNTAXGSL,,,,2036,,,,,,49.32
FixedCost,NDCcond,CR,TRNTAXGSL,,,,2037,,,,,,49.32
FixedCost,NDCcond,CR,TRNTAXGSL,,,,2038,,,,,,49.32
FixedCost,NDCcond,CR,TRNTAXGSL,,,,2039,,,,,,49.32
FixedCost,NDCcond,CR,TRNTAXGSL,,,,2040,,,,,,49.32
FixedCost,NDCcond,CR,TRNTAXGSL,,,,2041,,,,,,49.32
FixedCost,NDCcond,CR,TRNTAXGSL,,,,2042,,,,,,49.32
FixedCost,NDCcond,CR,TRNTAXGSL,,,,2043,,,,,,49.32
FixedCost,NDCcond,CR,TRNTAXGSL,,,,2044,,,,,,49.32
FixedCost,NDCcond,CR,TRNTAXGSL,,,,2045,,,,,,49.32
FixedCost,NDCcond,CR,TRNTAXGSL,,,,2046,,,,,,49.32
FixedCost,NDCcond,CR,TRNTAXGSL,,,,2047,,,,,,49.32
FixedCost,NDCcond,CR,TRNTAXGSL,,,,2048,,,,,,49.32
FixedCost,NDCcond,CR,TRNTAXGSL,,,,2049,,,,,,49.32
FixedCost,NDCcond,CR,TRNTAXGSL,,,,2050,,,,,,49.32
FixedCost,NDCcond,CR,TRNMOTELE,,,,2018,,,,,,1.7853
FixedCost,NDCcond,CR,TRNMOTELE,,,,2019,,,,,,1.7853
FixedCost,NDCcond,CR,TRNMOTELE,,,,2020,,,,,,1.7853
FixedCost,NDCcond,CR,TRNMOTELE,,,,2021,,,,,,1.7853
FixedCost,NDCcond,CR,TRNMOTELE,,,,2022,,,,,,1.7853
FixedCost,NDCcond,CR,TRNMOTELE,,,,2023,,,,,,1.7853
FixedCost,NDCcond,CR,TRNMOTELE,,,,2024,,,,,,1.7853
FixedCost,NDCcond,CR,TRNMOTELE,,,,2025,,,,,,1.7853
FixedCost,NDCcond,CR,TRNMOTELE,,,,2026,,,,,,1.7853
FixedCost,NDCcond,CR,TRNMOTELE,,,,2027,,,,,,1.7853
FixedCost,NDCcond,CR,TRNMOTELE,,,,2028,,,,,,1.7853
FixedCost,NDCcond,CR,TRNMOTELE,,,,2029,,,,,,1.7853
FixedCost,NDCcond,CR,TRNMOTELE,,,,2030,,,,,,1.7853
FixedCost,NDCcond,CR,TRNMOTELE,,,,2031,,,,,,1.7853
FixedCost,NDCcond,CR,TRNMOTELE,,,,2032,,,,,,1.7853
FixedCost,NDCcond,CR,TRNMOTELE,,,,2033,,,,,,1.7853
FixedCost,NDCcond,CR,TRNMOTELE,,,,2034,,,,,,1.7853
FixedCost,NDCcond,CR,TRNMOTELE,,,,2035,,,,,,1.7853
FixedCost,NDCcond,CR,TRNMOTELE,,,,2036,,,,,,1.7853
FixedCost,NDCcond,CR,TRNMOTELE,,,,2037,,,,,,1.7853
FixedCost,NDCcond,CR,TRNMOTELE,,,,2038,,,,,,1.7853
FixedCost,NDCcond,CR,TRNMOTELE,,,,2039,,,,,,1.7853
FixedCost,NDCcond,CR,TRNMOTELE,,,,2040,,,,,,1.7853
FixedCost,NDCcond,CR,TRNMOTELE,,,,2041,,,,,,1.7853
FixedCost,NDCcond,CR,TRNMOTELE,,,,2042,,,,,,1.7853
FixedCost,NDCcond,CR,TRNMOTELE,,,,2043,,,,,,1.7853
FixedCost,NDCcond,CR,TRNMOTELE,,,,2044,,,,,,1.7853
FixedCost,NDCcond,CR,TRNMOTELE,,,,2045,,,,,,1.7853
FixedCost,NDCcond,CR,TRNMOTELE,,,,2046,,,,,,1.7853
FixedCost,NDCcond,CR,TRNMOTELE,,,,2047,,,,,,1.7853
FixedCost,NDCcond,CR,TRNMOTELE,,,,2048,,,,,,1.7853
FixedCost,NDCcond,CR,TRNMOTELE,,,,2049,,,,,,1.7853
FixedCost,NDCcond,CR,TRNMOTELE,,,,2050,,,,,,1.7853
FixedCost,NDCcond,CR,TRNMOTGSL,,,,2018,,,,,,5.41
FixedCost,NDCcond,CR,TRNMOTGSL,,,,2019,,,,,,5.41
FixedCost,NDCcond,CR,TRNMOTGSL,,,,2020,,,,,,5.41
FixedCost,NDCcond,CR,TRNMOTGSL,,,,2021,,,,,,5.41
FixedCost,NDCcond,CR,TRNMOTGSL,,,,2022,,,,,,5.41
FixedCost,NDCcond,CR,TRNMOTGSL,,,,2023,,,,,,5.41
FixedCost,NDCcond,CR,TRNMOTGSL,,,,2024,,,,,,5.41
FixedCost,NDCcond,CR,TRNMOTGSL,,,,2025,,,,,,5.41
FixedCost,NDCcond,CR,TRNMOTGSL,,,,2026,,,,,,5.41
FixedCost,NDCcond,CR,TRNMOTGSL,,,,2027,,,,,,5.41
FixedCost,NDCcond,CR,TRNMOTGSL,,,,2028,,,,,,5.41
FixedCost,NDCcond,CR,TRNMOTGSL,,,,2029,,,,,,5.41
FixedCost,NDCcond,CR,TRNMOTGSL,,,,2030,,,,,,5.41
FixedCost,NDCcond,CR,TRNMOTGSL,,,,2031,,,,,,5.41
FixedCost,NDCcond,CR,TRNMOTGSL,,,,2032,,,,,,5.41
FixedCost,NDCcond,CR,TRNMOTGSL,,,,2033,,,,,,5.41
FixedCost,NDCcond,CR,TRNMOTGSL,,,,2034,,,,,,5.41
FixedCost,NDCcond,CR,TRNMOTGSL,,,,2035,,,,,,5.41
FixedCost,NDCcond,CR,TRNMOTGSL,,,,2036,,,,,,5.41
FixedCost,NDCcond,CR,TRNMOTGSL,,,,2037,,,,,,5.41
FixedCost,NDCcond,CR,TRNMOTGSL,,,,2038,,,,,,5.41
FixedCost,NDCcond,CR,TRNMOTGSL,,,,2039,,,,,,5.41
FixedCost,NDCcond,CR,TRNMOTGSL,,,,2040,,,,,,5.41
FixedCost,NDCcond,CR,TRNMOTGSL,,,,2041,,,,,,5.41
FixedCost,NDCcond,CR,TRNMOTGSL,,,,2042,,,,,,5.41
FixedCost,NDCcond,CR,TRNMOTGSL,,,,2043,,,,,,5.41
FixedCost,NDCcond,CR,TRNMOTGSL,,,,2044,,,,,,5.41
FixedCost,NDCcond,CR,TRNMOTGSL,,,,2045,,,,,,5.41
FixedCost,NDCcond,CR,TRNMOTGSL,,,,2046,,,,,,5.41
FixedCost,NDCcond,CR,TRNMOTGSL,,,,2047,,,,,,5.41
FixedCost,NDCcond,CR,TRNMOTGSL,,,,2048,,,,,,5.41
FixedCost,NDCcond,CR,TRNMOTGSL,,,,2049,,,,,,5.41
FixedCost,NDCcond,CR,TRNMOTGSL,,,,2050,,,,,,5.41
FixedCost,NDCcond,CR,TRNSEDELE,,,,2018,,,,,,16.2756
FixedCost,NDCcond,CR,TRNSEDELE,,,,2019,,,,,,16.2756
FixedCost,NDCcond,CR,TRNSEDELE,,,,2020,,,,,,16.2756
FixedCost,NDCcond,CR,TRNSEDELE,,,,2021,,,,,,16.2756
FixedCost,NDCcond,CR,TRNSEDELE,,,,2022,,,,,,16.2756
FixedCost,NDCcond,CR,TRNSEDELE,,,,2023,,,,,,16.2756
FixedCost,NDCcond,CR,TRNSEDELE,,,,2024,,,,,,16.2756
FixedCost,NDCcond,CR,TRNSEDELE,,,,2025,,,,,,16.2756
FixedCost,NDCcond,CR,TRNSEDELE,,,,2026,,,,,,16.2756
FixedCost,NDCcond,CR,TRNSEDELE,,,,2027,,,,,,16.2756
FixedCost,NDCcond,CR,TRNSEDELE,,,,2028,,,,,,16.2756
FixedCost,NDCcond,CR,TRNSEDELE,,,,2029,,,,,,16.2756
FixedCost,NDCcond,CR,TRNSEDELE,,,,2030,,,,,,16.2756
FixedCost,NDCcond,CR,TRNSEDELE,,,,2031,,,,,,16.2756
FixedCost,NDCcond,CR,TRNSEDELE,,,,2032,,,,,,16.2756
FixedCost,NDCcond,CR,TRNSEDELE,,,,2033,,,,,,16.2756
FixedCost,NDCcond,CR,TRNSEDELE,,,,2034,,,,,,16.2756
FixedCost,NDCcond,CR,TRNSEDELE,,,,2035,,,,,,16.2756
FixedCost,NDCcond,CR,TRNSEDELE,,,,2036,,,,,,16.2756
FixedCost,NDCcond,CR,TRNSEDELE,,,,2037,,,,,,16.2756
FixedCost,NDCcond,CR,TRNSEDELE,,,,2038,,,,,,16.2756
FixedCost,NDCcond,CR,TRNSEDELE,,,,2039,,,,,,16.2756
FixedCost,NDCcond,CR,TRNSEDELE,,,,2040,,,,,,16.2756
FixedCost,NDCcond,CR,TRNSEDELE,,,,2041,,,,,,16.2756
FixedCost,NDCcond,CR,TRNSEDELE,,,,2042,,,,,,16.2756
FixedCost,NDCcond,CR,TRNSEDELE,,,,2043,,,,,,16.2756
FixedCost,NDCcond,CR,TRNSEDELE,,,,2044,,,,,,16.2756
FixedCost,NDCcond,CR,TRNSEDELE,,,,2045,,,,,,16.2756
FixedCost,NDCcond,CR,TRNSEDELE,,,,2046,,,,,,16.2756
FixedCost,NDCcond,CR,TRNSEDELE,,,,2047,,,,,,16.2756
FixedCost,NDCcond,CR,TRNSEDELE,,,,2048,,,,,,16.2756
FixedCost,NDCcond,CR,TRNSEDELE,,,,2049,,,,,,16.2756
FixedCost,NDCcond,CR,TRNSEDELE,,,,2050,,,,,,16.2756
FixedCost,NDCcond,CR,TRNSEDHYBGSL,,,,2018,,,,,,24.66
FixedCost,NDCcond,CR,TRNSEDHYBGSL,,,,2019,,,,,,24.66
FixedCost,NDCcond,CR,TRNSEDHYBGSL,,,,2020,,,,,,24.66
FixedCost,NDCcond,CR,TRNSEDHYBGSL,,,,2021,,,,,,24.66
FixedCost,NDCcond,CR,TRNSEDHYBGSL,,,,2022,,,,,,24.66
FixedCost,NDCcond,CR,TRNSEDHYBGSL,,,,2023,,,,,,24.66
FixedCost,NDCcond,CR,TRNSEDHYBGSL,,,,2024,,,,,,24.66
FixedCost,NDCcond,CR,TRNSEDHYBGSL,,,,2025,,,,,,24.66
FixedCost,NDCcond,CR,TRNSEDHYBGSL,,,,2026,,,,,,24.66
FixedCost,NDCcond,CR,TRNSEDHYBGSL,,,,2027,,,,,,24.66
FixedCost,NDCcond,CR,TRNSEDHYBGSL,,,,2028,,,,,,24.66
FixedCost,NDCcond,CR,TRNSEDHYBGSL,,,,2029,,,,,,24.66
FixedCost,NDCcond,CR,TRNSEDHYBGSL,,,,2030,,,,,,24.66
FixedCost,NDCcond,CR,TRNSEDHYBGSL,,,,2031,,,,,,24.66
FixedCost,NDCcond,CR,TRNSEDHYBGSL,,,,2032,,,,,,24.66
FixedCost,NDCcond,CR,TRNSEDHYBGSL,,,,2033,,,,,,24.66
FixedCost,NDCcond,CR,TRNSEDHYBGSL,,,,2034,,,,,,24.66
FixedCost,NDCcond,CR,TRNSEDHYBGSL,,,,2035,,,,,,24.66
FixedCost,NDCcond,CR,TRNSEDHYBGSL,,,,2036,,,,,,24.66
FixedCost,NDCcond,CR,TRNSEDHYBGSL,,,,2037,,,,,,24.66
FixedCost,NDCcond,CR,TRNSEDHYBGSL,,,,2038,,,,,,24.66
FixedCost,NDCcond,CR,TRNSEDHYBGSL,,,,2039,,,,,,24.66
FixedCost,NDCcond,CR,TRNSEDHYBGSL,,,,2040,,,,,,24.66
FixedCost,NDCcond,CR,TRNSEDHYBGSL,,,,2041,,,,,,24.66
FixedCost,NDCcond,CR,TRNSEDHYBGSL,,,,2042,,,,,,24.66
FixedCost,NDCcond,CR,TRNSEDHYBGSL,,,,2043,,,,,,24.66
FixedCost,NDCcond,CR,TRNSEDHYBGSL,,,,2044,,,,,,24.66
FixedCost,NDCcond,CR,TRNSEDHYBGSL,,,,2045,,,,,,24.66
FixedCost,NDCcond,CR,TRNSEDHYBGSL,,,,2046,,,,,,24.66
FixedCost,NDCcond,CR,TRNSEDHYBGSL,,,,2047,,,,,,24.66
FixedCost,NDCcond,CR,TRNSEDHYBGSL,,,,2048,,,,,,24.66
FixedCost,NDCcond,CR,TRNSEDHYBGSL,,,,2049,,,,,,24.66
FixedCost,NDCcond,CR,TRNSEDHYBGSL,,,,2050,,,,,,24.66
FixedCost,NDCcond,CR,TRNSEDGSL,,,,2018,,,,,,49.32
FixedCost,NDCcond,CR,TRNSEDGSL,,,,2019,,,,,,49.32
FixedCost,NDCcond,CR,TRNSEDGSL,,,,2020,,,,,,49.32
FixedCost,NDCcond,CR,TRNSEDGSL,,,,2021,,,,,,49.32
FixedCost,NDCcond,CR,TRNSEDGSL,,,,2022,,,,,,49.32
FixedCost,NDCcond,CR,TRNSEDGSL,,,,2023,,,,,,49.32
FixedCost,NDCcond,CR,TRNSEDGSL,,,,2024,,,,,,49.32
FixedCost,NDCcond,CR,TRNSEDGSL,,,,2025,,,,,,49.32
FixedCost,NDCcond,CR,TRNSEDGSL,,,,2026,,,,,,49.32
FixedCost,NDCcond,CR,TRNSEDGSL,,,,2027,,,,,,49.32
FixedCost,NDCcond,CR,TRNSEDGSL,,,,2028,,,,,,49.32
FixedCost,NDCcond,CR,TRNSEDGSL,,,,2029,,,,,,49.32
FixedCost,NDCcond,CR,TRNSEDGSL,,,,2030,,,,,,49.32
FixedCost,NDCcond,CR,TRNSEDGSL,,,,2031,,,,,,49.32
FixedCost,NDCcond,CR,TRNSEDGSL,,,,2032,,,,,,49.32
FixedCost,NDCcond,CR,TRNSEDGSL,,,,2033,,,,,,49.32
FixedCost,NDCcond,CR,TRNSEDGSL,,,,2034,,,,,,49.32
FixedCost,NDCcond,CR,TRNSEDGSL,,,,2035,,,,,,49.32
FixedCost,NDCcond,CR,TRNSEDGSL,,,,2036,,,,,,49.32
FixedCost,NDCcond,CR,TRNSEDGSL,,,,2037,,,,,,49.32
FixedCost,NDCcond,CR,TRNSEDGSL,,,,2038,,,,,,49.32
FixedCost,NDCcond,CR,TRNSEDGSL,,,,2039,,,,,,49.32
FixedCost,NDCcond,CR,TRNSEDGSL,,,,2040,,,,,,49.32
FixedCost,NDCcond,CR,TRNSEDGSL,,,,2041,,,,,,49.32
FixedCost,NDCcond,CR,TRNSEDGSL,,,,2042,,,,,,49.32
FixedCost,NDCcond,CR,TRNSEDGSL,,,,2043,,,,,,49.32
FixedCost,NDCcond,CR,TRNSEDGSL,,,,2044,,,,,,49.32
FixedCost,NDCcond,CR,TRNSEDGSL,,,,2045,,,,,,49.32
FixedCost,NDCcond,CR,TRNSEDGSL,,,,2046,,,,,,49.32
FixedCost,NDCcond,CR,TRNSEDGSL,,,,2047,,,,,,49.32
FixedCost,NDCcond,CR,TRNSEDGSL,,,,2048,,,,,,49.32
FixedCost,NDCcond,CR,TRNSEDGSL,,,,2049,,,,,,49.32
FixedCost,NDCcond,CR,TRNSEDGSL,,,,2050,,,,,,49.32
FixedCost,NDCcond,CR,TRNSUVHYBDSL,,,,2018,,,,,,30.825
FixedCost,NDCcond,CR,TRNSUVHYBDSL,,,,2019,,,,,,30.825
FixedCost,NDCcond,CR,TRNSUVHYBDSL,,,,2020,,,,,,30.825
FixedCost,NDCcond,CR,TRNSUVHYBDSL,,,,2021,,,,,,30.825
FixedCost,NDCcond,CR,TRNSUVHYBDSL,,,,2022,,,,,,30.825
FixedCost,NDCcond,CR,TRNSUVHYBDSL,,,,2023,,,,,,30.825
FixedCost,NDCcond,CR,TRNSUVHYBDSL,,,,2024,,,,,,30.825
FixedCost,NDCcond,CR,TRNSUVHYBDSL,,,,2025,,,,,,30.825
FixedCost,NDCcond,CR,TRNSUVHYBDSL,,,,2026,,,,,,30.825
FixedCost,NDCcond,CR,TRNSUVHYBDSL,,,,2027,,,,,,30.825
FixedCost,NDCcond,CR,TRNSUVHYBDSL,,,,2028,,,,,,30.825
FixedCost,NDCcond,CR,TRNSUVHYBDSL,,,,2029,,,,,,30.825
FixedCost,NDCcond,CR,TRNSUVHYBDSL,,,,2030,,,,,,30.825
FixedCost,NDCcond,CR,TRNSUVHYBDSL,,,,2031,,,,,,30.825
FixedCost,NDCcond,CR,TRNSUVHYBDSL,,,,2032,,,,,,30.825
FixedCost,NDCcond,CR,TRNSUVHYBDSL,,,,2033,,,,,,30.825
FixedCost,NDCcond,CR,TRNSUVHYBDSL,,,,2034,,,,,,30.825
FixedCost,NDCcond,CR,TRNSUVHYBDSL,,,,2035,,,,,,30.825
FixedCost,NDCcond,CR,TRNSUVHYBDSL,,,,2036,,,,,,30.825
FixedCost,NDCcond,CR,TRNSUVHYBDSL,,,,2037,,,,,,30.825
FixedCost,NDCcond,CR,TRNSUVHYBDSL,,,,2038,,,,,,30.825
FixedCost,NDCcond,CR,TRNSUVHYBDSL,,,,2039,,,,,,30.825
FixedCost,NDCcond,CR,TRNSUVHYBDSL,,,,2040,,,,,,30.825
FixedCost,NDCcond,CR,TRNSUVHYBDSL,,,,2041,,,,,,30.825
FixedCost,NDCcond,CR,TRNSUVHYBDSL,,,,2042,,,,,,30.825
FixedCost,NDCcond,CR,TRNSUVHYBDSL,,,,2043,,,,,,30.825
FixedCost,NDCcond,CR,TRNSUVHYBDSL,,,,2044,,,,,,30.825
FixedCost,NDCcond,CR,TRNSUVHYBDSL,,,,2045,,,,,,30.825
FixedCost,NDCcond,CR,TRNSUVHYBDSL,,,,2046,,,,,,30.825
FixedCost,NDCcond,CR,TRNSUVHYBDSL,,,,2047,,,,,,30.825
FixedCost,NDCcond,CR,TRNSUVHYBDSL,,,,2048,,,,,,30.825
FixedCost,NDCcond,CR,TRNSUVHYBDSL,,,,2049,,,,,,30.825
FixedCost,NDCcond,CR,TRNSUVHYBDSL,,,,2050,,,,,,30.825
FixedCost,NDCcond,CR,TRNSUVELE,,,,2018,,,,,,20.3445
FixedCost,NDCcond,CR,TRNSUVELE,,,,2019,,,,,,20.3445
FixedCost,NDCcond,CR,TRNSUVELE,,,,2020,,,,,,20.3445
FixedCost,NDCcond,CR,TRNSUVELE,,,,2021,,,,,,20.3445
FixedCost,NDCcond,CR,TRNSUVELE,,,,2022,,,,,,20.3445
FixedCost,NDCcond,CR,TRNSUVELE,,,,2023,,,,,,20.3445
FixedCost,NDCcond,CR,TRNSUVELE,,,,2024,,,,,,20.3445
FixedCost,NDCcond,CR,TRNSUVELE,,,,2025,,,,,,20.3445
FixedCost,NDCcond,CR,TRNSUVELE,,,,2026,,,,,,20.3445
FixedCost,NDCcond,CR,TRNSUVELE,,,,2027,,,,,,20.3445
FixedCost,NDCcond,CR,TRNSUVELE,,,,2028,,,,,,20.3445
FixedCost,NDCcond,CR,TRNSUVELE,,,,2029,,,,,,20.3445
FixedCost,NDCcond,CR,TRNSUVELE,,,,2030,,,,,,20.3445
FixedCost,NDCcond,CR,TRNSUVELE,,,,2031,,,,,,20.3445
FixedCost,NDCcond,CR,TRNSUVELE,,,,2032,,,,,,20.3445
FixedCost,NDCcond,CR,TRNSUVELE,,,,2033,,,,,,20.3445
FixedCost,NDCcond,CR,TRNSUVELE,,,,2034,,,,,,20.3445
FixedCost,NDCcond,CR,TRNSUVELE,,,,2035,,,,,,20.3445
FixedCost,NDCcond,CR,TRNSUVELE,,,,2036,,,,,,20.3445
FixedCost,NDCcond,CR,TRNSUVELE,,,,2037,,,,,,20.3445
FixedCost,NDCcond,CR,TRNSUVELE,,,,2038,,,,,,20.3445
FixedCost,NDCcond,CR,TRNSUVELE,,,,2039,,,,,,20.3445
FixedCost,NDCcond,CR,TRNSUVELE,,,,2040,,,,,,20.3445
FixedCost,NDCcond,CR,TRNSUVELE,,,,2041,,,,,,20.3445
FixedCost,NDCcond,CR,TRNSUVELE,,,,2042,,,,,,20.3445
FixedCost,NDCcond,CR,TRNSUVELE,,,,2043,,,,,,20.3445
FixedCost,NDCcond,CR,TRNSUVELE,,,,2044,,,,,,20.3445
FixedCost,NDCcond,CR,TRNSUVELE,,,,2045,,,,,,20.3445
FixedCost,NDCcond,CR,TRNSUVELE,,,,2046,,,,,,20.3445
FixedCost,NDCcond,CR,TRNSUVELE,,,,2047,,,,,,20.3445
FixedCost,NDCcond,CR,TRNSUVELE,,,,2048,,,,,,20.3445
FixedCost,NDCcond,CR,TRNSUVELE,,,,2049,,,,,,20.3445
FixedCost,NDCcond,CR,TRNSUVELE,,,,2050,,,,,,20.3445
FixedCost,NDCcond,CR,TRNSUVDSL,,,,2018,,,,,,61.65
FixedCost,NDCcond,CR,TRNSUVDSL,,,,2019,,,,,,61.65
FixedCost,NDCcond,CR,TRNSUVDSL,,,,2020,,,,,,61.65
FixedCost,NDCcond,CR,TRNSUVDSL,,,,2021,,,,,,61.65
FixedCost,NDCcond,CR,TRNSUVDSL,,,,2022,,,,,,61.65
FixedCost,NDCcond,CR,TRNSUVDSL,,,,2023,,,,,,61.65
FixedCost,NDCcond,CR,TRNSUVDSL,,,,2024,,,,,,61.65
FixedCost,NDCcond,CR,TRNSUVDSL,,,,2025,,,,,,61.65
FixedCost,NDCcond,CR,TRNSUVDSL,,,,2026,,,,,,61.65
FixedCost,NDCcond,CR,TRNSUVDSL,,,,2027,,,,,,61.65
FixedCost,NDCcond,CR,TRNSUVDSL,,,,2028,,,,,,61.65
FixedCost,NDCcond,CR,TRNSUVDSL,,,,2029,,,,,,61.65
FixedCost,NDCcond,CR,TRNSUVDSL,,,,2030,,,,,,61.65
FixedCost,NDCcond,CR,TRNSUVDSL,,,,2031,,,,,,61.65
FixedCost,NDCcond,CR,TRNSUVDSL,,,,2032,,,,,,61.65
FixedCost,NDCcond,CR,TRNSUVDSL,,,,2033,,,,,,61.65
FixedCost,NDCcond,CR,TRNSUVDSL,,,,2034,,,,,,61.65
FixedCost,NDCcond,CR,TRNSUVDSL,,,,2035,,,,,,61.65
FixedCost,NDCcond,CR,TRNSUVDSL,,,,2036,,,,,,61.65
FixedCost,NDCcond,CR,TRNSUVDSL,,,,2037,,,,,,61.65
FixedCost,NDCcond,CR,TRNSUVDSL,,,,2038,,,,,,61.65
FixedCost,NDCcond,CR,TRNSUVDSL,,,,2039,,,,,,61.65
FixedCost,NDCcond,CR,TRNSUVDSL,,,,2040,,,,,,61.65
FixedCost,NDCcond,CR,TRNSUVDSL,,,,2041,,,,,,61.65
FixedCost,NDCcond,CR,TRNSUVDSL,,,,2042,,,,,,61.65
FixedCost,NDCcond,CR,TRNSUVDSL,,,,2043,,,,,,61.65
FixedCost,NDCcond,CR,TRNSUVDSL,,,,2044,,,,,,61.65
FixedCost,NDCcond,CR,TRNSUVDSL,,,,2045,,,,,,61.65
FixedCost,NDCcond,CR,TRNSUVDSL,,,,2046,,,,,,61.65
FixedCost,NDCcond,CR,TRNSUVDSL,,,,2047,,,,,,61.65
FixedCost,NDCcond,CR,TRNSUVDSL,,,,2048,,,,,,61.65
FixedCost,NDCcond,CR,TRNSUVDSL,,,,2049,,,,,,61.65
FixedCost,NDCcond,CR,TRNSUVDSL,,,,2050,,,,,,61.65
FixedCost,NDCcond,CR,TRNSUVHYBGSL,,,,2018,,,,,,30.825
FixedCost,NDCcond,CR,TRNSUVHYBGSL,,,,2019,,,,,,30.825
FixedCost,NDCcond,CR,TRNSUVHYBGSL,,,,2020,,,,,,30.825
FixedCost,NDCcond,CR,TRNSUVHYBGSL,,,,2021,,,,,,30.825
FixedCost,NDCcond,CR,TRNSUVHYBGSL,,,,2022,,,,,,30.825
FixedCost,NDCcond,CR,TRNSUVHYBGSL,,,,2023,,,,,,30.825
FixedCost,NDCcond,CR,TRNSUVHYBGSL,,,,2024,,,,,,30.825
FixedCost,NDCcond,CR,TRNSUVHYBGSL,,,,2025,,,,,,30.825
FixedCost,NDCcond,CR,TRNSUVHYBGSL,,,,2026,,,,,,30.825
FixedCost,NDCcond,CR,TRNSUVHYBGSL,,,,2027,,,,,,30.825
FixedCost,NDCcond,CR,TRNSUVHYBGSL,,,,2028,,,,,,30.825
FixedCost,NDCcond,CR,TRNSUVHYBGSL,,,,2029,,,,,,30.825
FixedCost,NDCcond,CR,TRNSUVHYBGSL,,,,2030,,,,,,30.825
FixedCost,NDCcond,CR,TRNSUVHYBGSL,,,,2031,,,,,,30.825
FixedCost,NDCcond,CR,TRNSUVHYBGSL,,,,2032,,,,,,30.825
FixedCost,NDCcond,CR,TRNSUVHYBGSL,,,,2033,,,,,,30.825
FixedCost,NDCcond,CR,TRNSUVHYBGSL,,,,2034,,,,,,30.825
FixedCost,NDCcond,CR,TRNSUVHYBGSL,,,,2035,,,,,,30.825
FixedCost,NDCcond,CR,TRNSUVHYBGSL,,,,2036,,,,,,30.825
FixedCost,NDCcond,CR,TRNSUVHYBGSL,,,,2037,,,,,,30.825
FixedCost,NDCcond,CR,TRNSUVHYBGSL,,,,2038,,,,,,30.825
FixedCost,NDCcond,CR,TRNSUVHYBGSL,,,,2039,,,,,,30.825
FixedCost,NDCcond,CR,TRNSUVHYBGSL,,,,2040,,,,,,30.825
FixedCost,NDCcond,CR,TRNSUVHYBGSL,,,,2041,,,,,,30.825
FixedCost,NDCcond,CR,TRNSUVHYBGSL,,,,2042,,,,,,30.825
FixedCost,NDCcond,CR,TRNSUVHYBGSL,,,,2043,,,,,,30.825
FixedCost,NDCcond,CR,TRNSUVHYBGSL,,,,2044,,,,,,30.825
FixedCost,NDCcond,CR,TRNSUVHYBGSL,,,,2045,,,,,,30.825
FixedCost,NDCcond,CR,TRNSUVHYBGSL,,,,2046,,,,,,30.825
FixedCost,NDCcond,CR,TRNSUVHYBGSL,,,,2047,,,,,,30.825
FixedCost,NDCcond,CR,TRNSUVHYBGSL,,,,2048,,,,,,30.825
FixedCost,NDCcond,CR,TRNSUVHYBGSL,,,,2049,,,,,,30.825
FixedCost,NDCcond,CR,TRNSUVHYBGSL,,,,2050,,,,,,30.825
FixedCost,NDCcond,CR,TRNSUVGSL,,,,2018,,,,,,61.65
FixedCost,NDCcond,CR,TRNSUVGSL,,,,2019,,,,,,61.65
FixedCost,NDCcond,CR,TRNSUVGSL,,,,2020,,,,,,61.65
FixedCost,NDCcond,CR,TRNSUVGSL,,,,2021,,,,,,61.65
FixedCost,NDCcond,CR,TRNSUVGSL,,,,2022,,,,,,61.65
FixedCost,NDCcond,CR,TRNSUVGSL,,,,2023,,,,,,61.65
FixedCost,NDCcond,CR,TRNSUVGSL,,,,2024,,,,,,61.65
FixedCost,NDCcond,CR,TRNSUVGSL,,,,2025,,,,,,61.65
FixedCost,NDCcond,CR,TRNSUVGSL,,,,2026,,,,,,61.65
FixedCost,NDCcond,CR,TRNSUVGSL,,,,2027,,,,,,61.65
FixedCost,NDCcond,CR,TRNSUVGSL,,,,2028,,,,,,61.65
FixedCost,NDCcond,CR,TRNSUVGSL,,,,2029,,,,,,61.65
FixedCost,NDCcond,CR,TRNSUVGSL,,,,2030,,,,,,61.65
FixedCost,NDCcond,CR,TRNSUVGSL,,,,2031,,,,,,61.65
FixedCost,NDCcond,CR,TRNSUVGSL,,,,2032,,,,,,61.65
FixedCost,NDCcond,CR,TRNSUVGSL,,,,2033,,,,,,61.65
FixedCost,NDCcond,CR,TRNSUVGSL,,,,2034,,,,,,61.65
FixedCost,NDCcond,CR,TRNSUVGSL,,,,2035,,,,,,61.65
FixedCost,NDCcond,CR,TRNSUVGSL,,,,2036,,,,,,61.65
FixedCost,NDCcond,CR,TRNSUVGSL,,,,2037,,,,,,61.65
FixedCost,NDCcond,CR,TRNSUVGSL,,,,2038,,,,,,61.65
FixedCost,NDCcond,CR,TRNSUVGSL,,,,2039,,,,,,61.65
FixedCost,NDCcond,CR,TRNSUVGSL,,,,2040,,,,,,61.65
FixedCost,NDCcond,CR,TRNSUVGSL,,,,2041,,,,,,61.65
FixedCost,NDCcond,CR,TRNSUVGSL,,,,2042,,,,,,61.65
FixedCost,NDCcond,CR,TRNSUVGSL,,,,2043,,,,,,61.65
FixedCost,NDCcond,CR,TRNSUVGSL,,,,2044,,,,,,61.65
FixedCost,NDCcond,CR,TRNSUVGSL,,,,2045,,,,,,61.65
FixedCost,NDCcond,CR,TRNSUVGSL,,,,2046,,,,,,61.65
FixedCost,NDCcond,CR,TRNSUVGSL,,,,2047,,,,,,61.65
FixedCost,NDCcond,CR,TRNSUVGSL,,,,2048,,,,,,61.65
FixedCost,NDCcond,CR,TRNSUVGSL,,,,2049,,,,,,61.65
FixedCost,NDCcond,CR,TRNSUVGSL,,,,2050,,,,,,61.65
FixedCost,NDCcond,CR,TRNSUVLPG,,,,2018,,,,,,61.65
FixedCost,NDCcond,CR,TRNSUVLPG,,,,2019,,,,,,61.65
FixedCost,NDCcond,CR,TRNSUVLPG,,,,2020,,,,,,61.65
FixedCost,NDCcond,CR,TRNSUVLPG,,,,2021,,,,,,61.65
FixedCost,NDCcond,CR,TRNSUVLPG,,,,2022,,,,,,61.65
FixedCost,NDCcond,CR,TRNSUVLPG,,,,2023,,,,,,61.65
FixedCost,NDCcond,CR,TRNSUVLPG,,,,2024,,,,,,61.65
FixedCost,NDCcond,CR,TRNSUVLPG,,,,2025,,,,,,61.65
FixedCost,NDCcond,CR,TRNSUVLPG,,,,2026,,,,,,61.65
FixedCost,NDCcond,CR,TRNSUVLPG,,,,2027,,,,,,61.65
FixedCost,NDCcond,CR,TRNSUVLPG,,,,2028,,,,,,61.65
FixedCost,NDCcond,CR,TRNSUVLPG,,,,2029,,,,,,61.65
FixedCost,NDCcond,CR,TRNSUVLPG,,,,2030,,,,,,61.65
FixedCost,NDCcond,CR,TRNSUVLPG,,,,2031,,,,,,61.65
FixedCost,NDCcond,CR,TRNSUVLPG,,,,2032,,,,,,61.65
FixedCost,NDCcond,CR,TRNSUVLPG,,,,2033,,,,,,61.65
FixedCost,NDCcond,CR,TRNSUVLPG,,,,2034,,,,,,61.65
FixedCost,NDCcond,CR,TRNSUVLPG,,,,2035,,,,,,61.65
FixedCost,NDCcond,CR,TRNSUVLPG,,,,2036,,,,,,61.65
FixedCost,NDCcond,CR,TRNSUVLPG,,,,2037,,,,,,61.65
FixedCost,NDCcond,CR,TRNSUVLPG,,,,2038,,,,,,61.65
FixedCost,NDCcond,CR,TRNSUVLPG,,,,2039,,,,,,61.65
FixedCost,NDCcond,CR,TRNSUVLPG,,,,2040,,,,,,61.65
FixedCost,NDCcond,CR,TRNSUVLPG,,,,2041,,,,,,61.65
FixedCost,NDCcond,CR,TRNSUVLPG,,,,2042,,,,,,61.65
FixedCost,NDCcond,CR,TRNSUVLPG,,,,2043,,,,,,61.65
FixedCost,NDCcond,CR,TRNSUVLPG,,,,2044,,,,,,61.65
FixedCost,NDCcond,CR,TRNSUVLPG,,,,2045,,,,,,61.65
FixedCost,NDCcond,CR,TRNSUVLPG,,,,2046,,,,,,61.65
FixedCost,NDCcond,CR,TRNSUVLPG,,,,2047,,,,,,61.65
FixedCost,NDCcond,CR,TRNSUVLPG,,,,2048,,,,,,61.65
FixedCost,NDCcond,CR,TRNSUVLPG,,,,2049,,,,,,61.65
FixedCost,NDCcond,CR,TRNSUVLPG,,,,2050,,,,,,61.65
FixedCost,NDCcond,CR,TRNFREHEAHYBDSL,,,,2018,,,,,,232.395
FixedCost,NDCcond,CR,TRNFREHEAHYBDSL,,,,2019,,,,,,232.395
FixedCost,NDCcond,CR,TRNFREHEAHYBDSL,,,,2020,,,,,,232.395
FixedCost,NDCcond,CR,TRNFREHEAHYBDSL,,,,2021,,,,,,232.395
FixedCost,NDCcond,CR,TRNFREHEAHYBDSL,,,,2022,,,,,,232.395
FixedCost,NDCcond,CR,TRNFREHEAHYBDSL,,,,2023,,,,,,232.395
FixedCost,NDCcond,CR,TRNFREHEAHYBDSL,,,,2024,,,,,,232.395
FixedCost,NDCcond,CR,TRNFREHEAHYBDSL,,,,2025,,,,,,232.395
FixedCost,NDCcond,CR,TRNFREHEAHYBDSL,,,,2026,,,,,,232.395
FixedCost,NDCcond,CR,TRNFREHEAHYBDSL,,,,2027,,,,,,232.395
FixedCost,NDCcond,CR,TRNFREHEAHYBDSL,,,,2028,,,,,,232.395
FixedCost,NDCcond,CR,TRNFREHEAHYBDSL,,,,2029,,,,,,232.395
FixedCost,NDCcond,CR,TRNFREHEAHYBDSL,,,,2030,,,,,,232.395
FixedCost,NDCcond,CR,TRNFREHEAHYBDSL,,,,2031,,,,,,232.395
FixedCost,NDCcond,CR,TRNFREHEAHYBDSL,,,,2032,,,,,,232.395
FixedCost,NDCcond,CR,TRNFREHEAHYBDSL,,,,2033,,,,,,232.395
FixedCost,NDCcond,CR,TRNFREHEAHYBDSL,,,,2034,,,,,,232.395
FixedCost,NDCcond,CR,TRNFREHEAHYBDSL,,,,2035,,,,,,232.395
FixedCost,NDCcond,CR,TRNFREHEAHYBDSL,,,,2036,,,,,,232.395
FixedCost,NDCcond,CR,TRNFREHEAHYBDSL,,,,2037,,,,,,232.395
FixedCost,NDCcond,CR,TRNFREHEAHYBDSL,,,,2038,,,,,,232.395
FixedCost,NDCcond,CR,TRNFREHEAHYBDSL,,,,2039,,,,,,232.395
FixedCost,NDCcond,CR,TRNFREHEAHYBDSL,,,,2040,,,,,,232.395
FixedCost,NDCcond,CR,TRNFREHEAHYBDSL,,,,2041,,,,,,232.395
FixedCost,NDCcond,CR,TRNFREHEAHYBDSL,,,,2042,,,,,,232.395
FixedCost,NDCcond,CR,TRNFREHEAHYBDSL,,,,2043,,,,,,232.395
FixedCost,NDCcond,CR,TRNFREHEAHYBDSL,,,,2044,,,,,,232.395
FixedCost,NDCcond,CR,TRNFREHEAHYBDSL,,,,2045,,,,,,232.395
FixedCost,NDCcond,CR,TRNFREHEAHYBDSL,,,,2046,,,,,,232.395
FixedCost,NDCcond,CR,TRNFREHEAHYBDSL,,,,2047,,,,,,232.395
FixedCost,NDCcond,CR,TRNFREHEAHYBDSL,,,,2048,,,,,,232.395
FixedCost,NDCcond,CR,TRNFREHEAHYBDSL,,,,2049,,,,,,232.395
FixedCost,NDCcond,CR,TRNFREHEAHYBDSL,,,,2050,,,,,,232.395
FixedCost,NDCcond,CR,TRNFREHEAHYD,,,,2018,,,,,,153.3807
FixedCost,NDCcond,CR,TRNFREHEAHYD,,,,2019,,,,,,153.3807
FixedCost,NDCcond,CR,TRNFREHEAHYD,,,,2020,,,,,,153.3807
FixedCost,NDCcond,CR,TRNFREHEAHYD,,,,2021,,,,,,153.3807
FixedCost,NDCcond,CR,TRNFREHEAHYD,,,,2022,,,,,,153.3807
FixedCost,NDCcond,CR,TRNFREHEAHYD,,,,2023,,,,,,153.3807
FixedCost,NDCcond,CR,TRNFREHEAHYD,,,,2024,,,,,,153.3807
FixedCost,NDCcond,CR,TRNFREHEAHYD,,,,2025,,,,,,153.3807
FixedCost,NDCcond,CR,TRNFREHEAHYD,,,,2026,,,,,,153.3807
FixedCost,NDCcond,CR,TRNFREHEAHYD,,,,2027,,,,,,153.3807
FixedCost,NDCcond,CR,TRNFREHEAHYD,,,,2028,,,,,,153.3807
FixedCost,NDCcond,CR,TRNFREHEAHYD,,,,2029,,,,,,153.3807
FixedCost,NDCcond,CR,TRNFREHEAHYD,,,,2030,,,,,,153.3807
FixedCost,NDCcond,CR,TRNFREHEAHYD,,,,2031,,,,,,153.3807
FixedCost,NDCcond,CR,TRNFREHEAHYD,,,,2032,,,,,,153.3807
FixedCost,NDCcond,CR,TRNFREHEAHYD,,,,2033,,,,,,153.3807
FixedCost,NDCcond,CR,TRNFREHEAHYD,,,,2034,,,,,,153.3807
FixedCost,NDCcond,CR,TRNFREHEAHYD,,,,2035,,,,,,153.3807
FixedCost,NDCcond,CR,TRNFREHEAHYD,,,,2036,,,,,,153.3807
FixedCost,NDCcond,CR,TRNFREHEAHYD,,,,2037,,,,,,153.3807
FixedCost,NDCcond,CR,TRNFREHEAHYD,,,,2038,,,,,,153.3807
FixedCost,NDCcond,CR,TRNFREHEAHYD,,,,2039,,,,,,153.3807
FixedCost,NDCcond,CR,TRNFREHEAHYD,,,,2040,,,,,,153.3807
FixedCost,NDCcond,CR,TRNFREHEAHYD,,,,2041,,,,,,153.3807
FixedCost,NDCcond,CR,TRNFREHEAHYD,,,,2042,,,,,,153.3807
FixedCost,NDCcond,CR,TRNFREHEAHYD,,,,2043,,,,,,153.3807
FixedCost,NDCcond,CR,TRNFREHEAHYD,,,,2044,,,,,,153.3807
FixedCost,NDCcond,CR,TRNFREHEAHYD,,,,2045,,,,,,153.3807
FixedCost,NDCcond,CR,TRNFREHEAHYD,,,,2046,,,,,,153.3807
FixedCost,NDCcond,CR,TRNFREHEAHYD,,,,2047,,,,,,153.3807
FixedCost,NDCcond,CR,TRNFREHEAHYD,,,,2048,,,,,,153.3807
FixedCost,NDCcond,CR,TRNFREHEAHYD,,,,2049,,,,,,153.3807
FixedCost,NDCcond,CR,TRNFREHEAHYD,,,,2050,,,,,,153.3807
FixedCost,NDCcond,CR,TRNFREHEAELE,,,,2018,,,,,,153.3807
FixedCost,NDCcond,CR,TRNFREHEAELE,,,,2019,,,,,,153.3807
FixedCost,NDCcond,CR,TRNFREHEAELE,,,,2020,,,,,,153.3807
FixedCost,NDCcond,CR,TRNFREHEAELE,,,,2021,,,,,,153.3807
FixedCost,NDCcond,CR,TRNFREHEAELE,,,,2022,,,,,,153.3807
FixedCost,NDCcond,CR,TRNFREHEAELE,,,,2023,,,,,,153.3807
FixedCost,NDCcond,CR,TRNFREHEAELE,,,,2024,,,,,,153.3807
FixedCost,NDCcond,CR,TRNFREHEAELE,,,,2025,,,,,,153.3807
FixedCost,NDCcond,CR,TRNFREHEAELE,,,,2026,,,,,,153.3807
FixedCost,NDCcond,CR,TRNFREHEAELE,,,,2027,,,,,,153.3807
FixedCost,NDCcond,CR,TRNFREHEAELE,,,,2028,,,,,,153.3807
FixedCost,NDCcond,CR,TRNFREHEAELE,,,,2029,,,,,,153.3807
FixedCost,NDCcond,CR,TRNFREHEAELE,,,,2030,,,,,,153.3807
FixedCost,NDCcond,CR,TRNFREHEAELE,,,,2031,,,,,,153.3807
FixedCost,NDCcond,CR,TRNFREHEAELE,,,,2032,,,,,,153.3807
FixedCost,NDCcond,CR,TRNFREHEAELE,,,,2033,,,,,,153.3807
FixedCost,NDCcond,CR,TRNFREHEAELE,,,,2034,,,,,,153.3807
FixedCost,NDCcond,CR,TRNFREHEAELE,,,,2035,,,,,,153.3807
FixedCost,NDCcond,CR,TRNFREHEAELE,,,,2036,,,,,,153.3807
FixedCost,NDCcond,CR,TRNFREHEAELE,,,,2037,,,,,,153.3807
FixedCost,NDCcond,CR,TRNFREHEAELE,,,,2038,,,,,,153.3807
FixedCost,NDCcond,CR,TRNFREHEAELE,,,,2039,,,,,,153.3807
FixedCost,NDCcond,CR,TRNFREHEAELE,,,,2040,,,,,,153.3807
FixedCost,NDCcond,CR,TRNFREHEAELE,,,,2041,,,,,,153.3807
FixedCost,NDCcond,CR,TRNFREHEAELE,,,,2042,,,,,,153.3807
FixedCost,NDCcond,CR,TRNFREHEAELE,,,,2043,,,,,,153.3807
FixedCost,NDCcond,CR,TRNFREHEAELE,,,,2044,,,,,,153.3807
FixedCost,NDCcond,CR,TRNFREHEAELE,,,,2045,,,,,,153.3807
FixedCost,NDCcond,CR,TRNFREHEAELE,,,,2046,,,,,,153.3807
FixedCost,NDCcond,CR,TRNFREHEAELE,,,,2047,,,,,,153.3807
FixedCost,NDCcond,CR,TRNFREHEAELE,,,,2048,,,,,,153.3807
FixedCost,NDCcond,CR,TRNFREHEAELE,,,,2049,,,,,,153.3807
FixedCost,NDCcond,CR,TRNFREHEAELE,,,,2050,,,,,,153.3807
FixedCost,NDCcond,CR,TRNFREHEADSL,,,,2018,,,,,,464.79
FixedCost,NDCcond,CR,TRNFREHEADSL,,,,2019,,,,,,464.79
FixedCost,NDCcond,CR,TRNFREHEADSL,,,,2020,,,,,,464.79
FixedCost,NDCcond,CR,TRNFREHEADSL,,,,2021,,,,,,464.79
FixedCost,NDCcond,CR,TRNFREHEADSL,,,,2022,,,,,,464.79
FixedCost,NDCcond,CR,TRNFREHEADSL,,,,2023,,,,,,464.79
FixedCost,NDCcond,CR,TRNFREHEADSL,,,,2024,,,,,,464.79
FixedCost,NDCcond,CR,TRNFREHEADSL,,,,2025,,,,,,464.79
FixedCost,NDCcond,CR,TRNFREHEADSL,,,,2026,,,,,,464.79
FixedCost,NDCcond,CR,TRNFREHEADSL,,,,2027,,,,,,464.79
FixedCost,NDCcond,CR,TRNFREHEADSL,,,,2028,,,,,,464.79
FixedCost,NDCcond,CR,TRNFREHEADSL,,,,2029,,,,,,464.79
FixedCost,NDCcond,CR,TRNFREHEADSL,,,,2030,,,,,,464.79
FixedCost,NDCcond,CR,TRNFREHEADSL,,,,2031,,,,,,464.79
FixedCost,NDCcond,CR,TRNFREHEADSL,,,,2032,,,,,,464.79
FixedCost,NDCcond,CR,TRNFREHEADSL,,,,2033,,,,,,464.79
FixedCost,NDCcond,CR,TRNFREHEADSL,,,,2034,,,,,,464.79
FixedCost,NDCcond,CR,TRNFREHEADSL,,,,2035,,,,,,464.79
FixedCost,NDCcond,CR,TRNFREHEADSL,,,,2036,,,,,,464.79
FixedCost,NDCcond,CR,TRNFREHEADSL,,,,2037,,,,,,464.79
FixedCost,NDCcond,CR,TRNFREHEADSL,,,,2038,,,,,,464.79
FixedCost,NDCcond,CR,TRNFREHEADSL,,,,2039,,,,,,464.79
FixedCost,NDCcond,CR,TRNFREHEADSL,,,,2040,,,,,,464.79
FixedCost,NDCcond,CR,TRNFREHEADSL,,,,2041,,,,,,464.79
FixedCost,NDCcond,CR,TRNFREHEADSL,,,,2042,,,,,,464.79
FixedCost,NDCcond,CR,TRNFREHEADSL,,,,2043,,,,,,464.79
FixedCost,NDCcond,CR,TRNFREHEADSL,,,,2044,,,,,,464.79
FixedCost,NDCcond,CR,TRNFREHEADSL,,,,2045,,,,,,464.79
FixedCost,NDCcond,CR,TRNFREHEADSL,,,,2046,,,,,,464.79
FixedCost,NDCcond,CR,TRNFREHEADSL,,,,2047,,,,,,464.79
FixedCost,NDCcond,CR,TRNFREHEADSL,,,,2048,,,,,,464.79
FixedCost,NDCcond,CR,TRNFREHEADSL,,,,2049,,,,,,464.79
FixedCost,NDCcond,CR,TRNFREHEADSL,,,,2050,,,,,,464.79
FixedCost,NDCcond,CR,TRNFREHEALPG,,,,2018,,,,,,387.84
FixedCost,NDCcond,CR,TRNFREHEALPG,,,,2019,,,,,,387.84
FixedCost,NDCcond,CR,TRNFREHEALPG,,,,2020,,,,,,387.84
FixedCost,NDCcond,CR,TRNFREHEALPG,,,,2021,,,,,,387.84
FixedCost,NDCcond,CR,TRNFREHEALPG,,,,2022,,,,,,387.84
FixedCost,NDCcond,CR,TRNFREHEALPG,,,,2023,,,,,,387.84
FixedCost,NDCcond,CR,TRNFREHEALPG,,,,2024,,,,,,387.84
FixedCost,NDCcond,CR,TRNFREHEALPG,,,,2025,,,,,,387.84
FixedCost,NDCcond,CR,TRNFREHEALPG,,,,2026,,,,,,387.84
FixedCost,NDCcond,CR,TRNFREHEALPG,,,,2027,,,,,,387.84
FixedCost,NDCcond,CR,TRNFREHEALPG,,,,2028,,,,,,387.84
FixedCost,NDCcond,CR,TRNFREHEALPG,,,,2029,,,,,,387.84
FixedCost,NDCcond,CR,TRNFREHEALPG,,,,2030,,,,,,387.84
FixedCost,NDCcond,CR,TRNFREHEALPG,,,,2031,,,,,,387.84
FixedCost,NDCcond,CR,TRNFREHEALPG,,,,2032,,,,,,387.84
FixedCost,NDCcond,CR,TRNFREHEALPG,,,,2033,,,,,,387.84
FixedCost,NDCcond,CR,TRNFREHEALPG,,,,2034,,,,,,387.84
FixedCost,NDCcond,CR,TRNFREHEALPG,,,,2035,,,,,,387.84
FixedCost,NDCcond,CR,TRNFREHEALPG,,,,2036,,,,,,387.84
FixedCost,NDCcond,CR,TRNFREHEALPG,,,,2037,,,,,,387.84
FixedCost,NDCcond,CR,TRNFREHEALPG,,,,2038,,,,,,387.84
FixedCost,NDCcond,CR,TRNFREHEALPG,,,,2039,,,,,,387.84
FixedCost,NDCcond,CR,TRNFREHEALPG,,,,2040,,,,,,387.84
FixedCost,NDCcond,CR,TRNFREHEALPG,,,,2041,,,,,,387.84
FixedCost,NDCcond,CR,TRNFREHEALPG,,,,2042,,,,,,387.84
FixedCost,NDCcond,CR,TRNFREHEALPG,,,,2043,,,,,,387.84
FixedCost,NDCcond,CR,TRNFREHEALPG,,,,2044,,,,,,387.84
FixedCost,NDCcond,CR,TRNFREHEALPG,,,,2045,,,,,,387.84
FixedCost,NDCcond,CR,TRNFREHEALPG,,,,2046,,,,,,387.84
FixedCost,NDCcond,CR,TRNFREHEALPG,,,,2047,,,,,,387.84
FixedCost,NDCcond,CR,TRNFREHEALPG,,,,2048,,,,,,387.84
FixedCost,NDCcond,CR,TRNFREHEALPG,,,,2049,,,,,,387.84
FixedCost,NDCcond,CR,TRNFREHEALPG,,,,2050,,,,,,387.84
FixedCost,NDCcond,CR,TRNFRELIGHYBDSL,,,,2018,,,,,,118.415
FixedCost,NDCcond,CR,TRNFRELIGHYBDSL,,,,2019,,,,,,118.415
FixedCost,NDCcond,CR,TRNFRELIGHYBDSL,,,,2020,,,,,,118.415
FixedCost,NDCcond,CR,TRNFRELIGHYBDSL,,,,2021,,,,,,118.415
FixedCost,NDCcond,CR,TRNFRELIGHYBDSL,,,,2022,,,,,,118.415
FixedCost,NDCcond,CR,TRNFRELIGHYBDSL,,,,2023,,,,,,118.415
FixedCost,NDCcond,CR,TRNFRELIGHYBDSL,,,,2024,,,,,,118.415
FixedCost,NDCcond,CR,TRNFRELIGHYBDSL,,,,2025,,,,,,118.415
FixedCost,NDCcond,CR,TRNFRELIGHYBDSL,,,,2026,,,,,,118.415
FixedCost,NDCcond,CR,TRNFRELIGHYBDSL,,,,2027,,,,,,118.415
FixedCost,NDCcond,CR,TRNFRELIGHYBDSL,,,,2028,,,,,,118.415
FixedCost,NDCcond,CR,TRNFRELIGHYBDSL,,,,2029,,,,,,118.415
FixedCost,NDCcond,CR,TRNFRELIGHYBDSL,,,,2030,,,,,,118.415
FixedCost,NDCcond,CR,TRNFRELIGHYBDSL,,,,2031,,,,,,118.415
FixedCost,NDCcond,CR,TRNFRELIGHYBDSL,,,,2032,,,,,,118.415
FixedCost,NDCcond,CR,TRNFRELIGHYBDSL,,,,2033,,,,,,118.415
FixedCost,NDCcond,CR,TRNFRELIGHYBDSL,,,,2034,,,,,,118.415
FixedCost,NDCcond,CR,TRNFRELIGHYBDSL,,,,2035,,,,,,118.415
FixedCost,NDCcond,CR,TRNFRELIGHYBDSL,,,,2036,,,,,,118.415
FixedCost,NDCcond,CR,TRNFRELIGHYBDSL,,,,2037,,,,,,118.415
FixedCost,NDCcond,CR,TRNFRELIGHYBDSL,,,,2038,,,,,,118.415
FixedCost,NDCcond,CR,TRNFRELIGHYBDSL,,,,2039,,,,,,118.415
FixedCost,NDCcond,CR,TRNFRELIGHYBDSL,,,,2040,,,,,,118.415
FixedCost,NDCcond,CR,TRNFRELIGHYBDSL,,,,2041,,,,,,118.415
FixedCost,NDCcond,CR,TRNFRELIGHYBDSL,,,,2042,,,,,,118.415
FixedCost,NDCcond,CR,TRNFRELIGHYBDSL,,,,2043,,,,,,118.415
FixedCost,NDCcond,CR,TRNFRELIGHYBDSL,,,,2044,,,,,,118.415
FixedCost,NDCcond,CR,TRNFRELIGHYBDSL,,,,2045,,,,,,118.415
FixedCost,NDCcond,CR,TRNFRELIGHYBDSL,,,,2046,,,,,,118.415
FixedCost,NDCcond,CR,TRNFRELIGHYBDSL,,,,2047,,,,,,118.415
FixedCost,NDCcond,CR,TRNFRELIGHYBDSL,,,,2048,,,,,,118.415
FixedCost,NDCcond,CR,TRNFRELIGHYBDSL,,,,2049,,,,,,118.415
FixedCost,NDCcond,CR,TRNFRELIGHYBDSL,,,,2050,,,,,,118.415
FixedCost,NDCcond,CR,TRNFRELIGELE,,,,2018,,,,,,78.1539
FixedCost,NDCcond,CR,TRNFRELIGELE,,,,2019,,,,,,78.1539
FixedCost,NDCcond,CR,TRNFRELIGELE,,,,2020,,,,,,78.1539
FixedCost,NDCcond,CR,TRNFRELIGELE,,,,2021,,,,,,78.1539
FixedCost,NDCcond,CR,TRNFRELIGELE,,,,2022,,,,,,78.1539
FixedCost,NDCcond,CR,TRNFRELIGELE,,,,2023,,,,,,78.1539
FixedCost,NDCcond,CR,TRNFRELIGELE,,,,2024,,,,,,78.1539
FixedCost,NDCcond,CR,TRNFRELIGELE,,,,2025,,,,,,78.1539
FixedCost,NDCcond,CR,TRNFRELIGELE,,,,2026,,,,,,78.1539
FixedCost,NDCcond,CR,TRNFRELIGELE,,,,2027,,,,,,78.1539
FixedCost,NDCcond,CR,TRNFRELIGELE,,,,2028,,,,,,78.1539
FixedCost,NDCcond,CR,TRNFRELIGELE,,,,2029,,,,,,78.1539
FixedCost,NDCcond,CR,TRNFRELIGELE,,,,2030,,,,,,78.1539
FixedCost,NDCcond,CR,TRNFRELIGELE,,,,2031,,,,,,78.1539
FixedCost,NDCcond,CR,TRNFRELIGELE,,,,2032,,,,,,78.1539
FixedCost,NDCcond,CR,TRNFRELIGELE,,,,2033,,,,,,78.1539
FixedCost,NDCcond,CR,TRNFRELIGELE,,,,2034,,,,,,78.1539
FixedCost,NDCcond,CR,TRNFRELIGELE,,,,2035,,,,,,78.1539
FixedCost,NDCcond,CR,TRNFRELIGELE,,,,2036,,,,,,78.1539
FixedCost,NDCcond,CR,TRNFRELIGELE,,,,2037,,,,,,78.1539
FixedCost,NDCcond,CR,TRNFRELIGELE,,,,2038,,,,,,78.1539
FixedCost,NDCcond,CR,TRNFRELIGELE,,,,2039,,,,,,78.1539
FixedCost,NDCcond,CR,TRNFRELIGELE,,,,2040,,,,,,78.1539
FixedCost,NDCcond,CR,TRNFRELIGELE,,,,2041,,,,,,78.1539
FixedCost,NDCcond,CR,TRNFRELIGELE,,,,2042,,,,,,78.1539
FixedCost,NDCcond,CR,TRNFRELIGELE,,,,2043,,,,,,78.1539
FixedCost,NDCcond,CR,TRNFRELIGELE,,,,2044,,,,,,78.1539
FixedCost,NDCcond,CR,TRNFRELIGELE,,,,2045,,,,,,78.1539
FixedCost,NDCcond,CR,TRNFRELIGELE,,,,2046,,,,,,78.1539
FixedCost,NDCcond,CR,TRNFRELIGELE,,,,2047,,,,,,78.1539
FixedCost,NDCcond,CR,TRNFRELIGELE,,,,2048,,,,,,78.1539
FixedCost,NDCcond,CR,TRNFRELIGELE,,,,2049,,,,,,78.1539
FixedCost,NDCcond,CR,TRNFRELIGELE,,,,2050,,,,,,78.1539
FixedCost,NDCcond,CR,TRNFRELIGDSL,,,,2018,,,,,,236.83
FixedCost,NDCcond,CR,TRNFRELIGDSL,,,,2019,,,,,,236.83
FixedCost,NDCcond,CR,TRNFRELIGDSL,,,,2020,,,,,,236.83
FixedCost,NDCcond,CR,TRNFRELIGDSL,,,,2021,,,,,,236.83
FixedCost,NDCcond,CR,TRNFRELIGDSL,,,,2022,,,,,,236.83
FixedCost,NDCcond,CR,TRNFRELIGDSL,,,,2023,,,,,,236.83
FixedCost,NDCcond,CR,TRNFRELIGDSL,,,,2024,,,,,,236.83
FixedCost,NDCcond,CR,TRNFRELIGDSL,,,,2025,,,,,,236.83
FixedCost,NDCcond,CR,TRNFRELIGDSL,,,,2026,,,,,,236.83
FixedCost,NDCcond,CR,TRNFRELIGDSL,,,,2027,,,,,,236.83
FixedCost,NDCcond,CR,TRNFRELIGDSL,,,,2028,,,,,,236.83
FixedCost,NDCcond,CR,TRNFRELIGDSL,,,,2029,,,,,,236.83
FixedCost,NDCcond,CR,TRNFRELIGDSL,,,,2030,,,,,,236.83
FixedCost,NDCcond,CR,TRNFRELIGDSL,,,,2031,,,,,,236.83
FixedCost,NDCcond,CR,TRNFRELIGDSL,,,,2032,,,,,,236.83
FixedCost,NDCcond,CR,TRNFRELIGDSL,,,,2033,,,,,,236.83
FixedCost,NDCcond,CR,TRNFRELIGDSL,,,,2034,,,,,,236.83
FixedCost,NDCcond,CR,TRNFRELIGDSL,,,,2035,,,,,,236.83
FixedCost,NDCcond,CR,TRNFRELIGDSL,,,,2036,,,,,,236.83
FixedCost,NDCcond,CR,TRNFRELIGDSL,,,,2037,,,,,,236.83
FixedCost,NDCcond,CR,TRNFRELIGDSL,,,,2038,,,,,,236.83
FixedCost,NDCcond,CR,TRNFRELIGDSL,,,,2039,,,,,,236.83
FixedCost,NDCcond,CR,TRNFRELIGDSL,,,,2040,,,,,,236.83
FixedCost,NDCcond,CR,TRNFRELIGDSL,,,,2041,,,,,,236.83
FixedCost,NDCcond,CR,TRNFRELIGDSL,,,,2042,,,,,,236.83
FixedCost,NDCcond,CR,TRNFRELIGDSL,,,,2043,,,,,,236.83
FixedCost,NDCcond,CR,TRNFRELIGDSL,,,,2044,,,,,,236.83
FixedCost,NDCcond,CR,TRNFRELIGDSL,,,,2045,,,,,,236.83
FixedCost,NDCcond,CR,TRNFRELIGDSL,,,,2046,,,,,,236.83
FixedCost,NDCcond,CR,TRNFRELIGDSL,,,,2047,,,,,,236.83
FixedCost,NDCcond,CR,TRNFRELIGDSL,,,,2048,,,,,,236.83
FixedCost,NDCcond,CR,TRNFRELIGDSL,,,,2049,,,,,,236.83
FixedCost,NDCcond,CR,TRNFRELIGDSL,,,,2050,,,,,,236.83
FixedCost,NDCcond,CR,TRNFRELIGHYBGSL,,,,2018,,,,,,118.415
FixedCost,NDCcond,CR,TRNFRELIGHYBGSL,,,,2019,,,,,,118.415
FixedCost,NDCcond,CR,TRNFRELIGHYBGSL,,,,2020,,,,,,118.415
FixedCost,NDCcond,CR,TRNFRELIGHYBGSL,,,,2021,,,,,,118.415
FixedCost,NDCcond,CR,TRNFRELIGHYBGSL,,,,2022,,,,,,118.415
FixedCost,NDCcond,CR,TRNFRELIGHYBGSL,,,,2023,,,,,,118.415
FixedCost,NDCcond,CR,TRNFRELIGHYBGSL,,,,2024,,,,,,118.415
FixedCost,NDCcond,CR,TRNFRELIGHYBGSL,,,,2025,,,,,,118.415
FixedCost,NDCcond,CR,TRNFRELIGHYBGSL,,,,2026,,,,,,118.415
FixedCost,NDCcond,CR,TRNFRELIGHYBGSL,,,,2027,,,,,,118.415
FixedCost,NDCcond,CR,TRNFRELIGHYBGSL,,,,2028,,,,,,118.415
FixedCost,NDCcond,CR,TRNFRELIGHYBGSL,,,,2029,,,,,,118.415
FixedCost,NDCcond,CR,TRNFRELIGHYBGSL,,,,2030,,,,,,118.415
FixedCost,NDCcond,CR,TRNFRELIGHYBGSL,,,,2031,,,,,,118.415
FixedCost,NDCcond,CR,TRNFRELIGHYBGSL,,,,2032,,,,,,118.415
FixedCost,NDCcond,CR,TRNFRELIGHYBGSL,,,,2033,,,,,,118.415
FixedCost,NDCcond,CR,TRNFRELIGHYBGSL,,,,2034,,,,,,118.415
FixedCost,NDCcond,CR,TRNFRELIGHYBGSL,,,,2035,,,,,,118.415
FixedCost,NDCcond,CR,TRNFRELIGHYBGSL,,,,2036,,,,,,118.415
FixedCost,NDCcond,CR,TRNFRELIGHYBGSL,,,,2037,,,,,,118.415
FixedCost,NDCcond,CR,TRNFRELIGHYBGSL,,,,2038,,,,,,118.415
FixedCost,NDCcond,CR,TRNFRELIGHYBGSL,,,,2039,,,,,,118.415
FixedCost,NDCcond,CR,TRNFRELIGHYBGSL,,,,2040,,,,,,118.415
FixedCost,NDCcond,CR,TRNFRELIGHYBGSL,,,,2041,,,,,,118.415
FixedCost,NDCcond,CR,TRNFRELIGHYBGSL,,,,2042,,,,,,118.415
FixedCost,NDCcond,CR,TRNFRELIGHYBGSL,,,,2043,,,,,,118.415
FixedCost,NDCcond,CR,TRNFRELIGHYBGSL,,,,2044,,,,,,118.415
FixedCost,NDCcond,CR,TRNFRELIGHYBGSL,,,,2045,,,,,,118.415
FixedCost,NDCcond,CR,TRNFRELIGHYBGSL,,,,2046,,,,,,118.415
FixedCost,NDCcond,CR,TRNFRELIGHYBGSL,,,,2047,,,,,,118.415
FixedCost,NDCcond,CR,TRNFRELIGHYBGSL,,,,2048,,,,,,118.415
FixedCost,NDCcond,CR,TRNFRELIGHYBGSL,,,,2049,,,,,,118.415
FixedCost,NDCcond,CR,TRNFRELIGHYBGSL,,,,2050,,,,,,118.415
FixedCost,NDCcond,CR,TRNFRELIGGSL,,,,2018,,,,,,236.83
FixedCost,NDCcond,CR,TRNFRELIGGSL,,,,2019,,,,,,236.83
FixedCost,NDCcond,CR,TRNFRELIGGSL,,,,2020,,,,,,236.83
FixedCost,NDCcond,CR,TRNFRELIGGSL,,,,2021,,,,,,236.83
FixedCost,NDCcond,CR,TRNFRELIGGSL,,,,2022,,,,,,236.83
FixedCost,NDCcond,CR,TRNFRELIGGSL,,,,2023,,,,,,236.83
FixedCost,NDCcond,CR,TRNFRELIGGSL,,,,2024,,,,,,236.83
FixedCost,NDCcond,CR,TRNFRELIGGSL,,,,2025,,,,,,236.83
FixedCost,NDCcond,CR,TRNFRELIGGSL,,,,2026,,,,,,236.83
FixedCost,NDCcond,CR,TRNFRELIGGSL,,,,2027,,,,,,236.83
FixedCost,NDCcond,CR,TRNFRELIGGSL,,,,2028,,,,,,236.83
FixedCost,NDCcond,CR,TRNFRELIGGSL,,,,2029,,,,,,236.83
FixedCost,NDCcond,CR,TRNFRELIGGSL,,,,2030,,,,,,236.83
FixedCost,NDCcond,CR,TRNFRELIGGSL,,,,2031,,,,,,236.83
FixedCost,NDCcond,CR,TRNFRELIGGSL,,,,2032,,,,,,236.83
FixedCost,NDCcond,CR,TRNFRELIGGSL,,,,2033,,,,,,236.83
FixedCost,NDCcond,CR,TRNFRELIGGSL,,,,2034,,,,,,236.83
FixedCost,NDCcond,CR,TRNFRELIGGSL,,,,2035,,,,,,236.83
FixedCost,NDCcond,CR,TRNFRELIGGSL,,,,2036,,,,,,236.83
FixedCost,NDCcond,CR,TRNFRELIGGSL,,,,2037,,,,,,236.83
FixedCost,NDCcond,CR,TRNFRELIGGSL,,,,2038,,,,,,236.83
FixedCost,NDCcond,CR,TRNFRELIGGSL,,,,2039,,,,,,236.83
FixedCost,NDCcond,CR,TRNFRELIGGSL,,,,2040,,,,,,236.83
FixedCost,NDCcond,CR,TRNFRELIGGSL,,,,2041,,,,,,236.83
FixedCost,NDCcond,CR,TRNFRELIGGSL,,,,2042,,,,,,236.83
FixedCost,NDCcond,CR,TRNFRELIGGSL,,,,2043,,,,,,236.83
FixedCost,NDCcond,CR,TRNFRELIGGSL,,,,2044,,,,,,236.83
FixedCost,NDCcond,CR,TRNFRELIGGSL,,,,2045,,,,,,236.83
FixedCost,NDCcond,CR,TRNFRELIGGSL,,,,2046,,,,,,236.83
FixedCost,NDCcond,CR,TRNFRELIGGSL,,,,2047,,,,,,236.83
FixedCost,NDCcond,CR,TRNFRELIGGSL,,,,2048,,,,,,236.83
FixedCost,NDCcond,CR,TRNFRELIGGSL,,,,2049,,,,,,236.83
FixedCost,NDCcond,CR,TRNFRELIGGSL,,,,2050,,,,,,236.83
FixedCost,NDCcond,CR,TRNFRELIGLPG,,,,2018,,,,,,236.83
FixedCost,NDCcond,CR,TRNFRELIGLPG,,,,2019,,,,,,236.83
FixedCost,NDCcond,CR,TRNFRELIGLPG,,,,2020,,,,,,236.83
FixedCost,NDCcond,CR,TRNFRELIGLPG,,,,2021,,,,,,236.83
FixedCost,NDCcond,CR,TRNFRELIGLPG,,,,2022,,,,,,236.83
FixedCost,NDCcond,CR,TRNFRELIGLPG,,,,2023,,,,,,236.83
FixedCost,NDCcond,CR,TRNFRELIGLPG,,,,2024,,,,,,236.83
FixedCost,NDCcond,CR,TRNFRELIGLPG,,,,2025,,,,,,236.83
FixedCost,NDCcond,CR,TRNFRELIGLPG,,,,2026,,,,,,236.83
FixedCost,NDCcond,CR,TRNFRELIGLPG,,,,2027,,,,,,236.83
FixedCost,NDCcond,CR,TRNFRELIGLPG,,,,2028,,,,,,236.83
FixedCost,NDCcond,CR,TRNFRELIGLPG,,,,2029,,,,,,236.83
FixedCost,NDCcond,CR,TRNFRELIGLPG,,,,2030,,,,,,236.83
FixedCost,NDCcond,CR,TRNFRELIGLPG,,,,2031,,,,,,236.83
FixedCost,NDCcond,CR,TRNFRELIGLPG,,,,2032,,,,,,236.83
FixedCost,NDCcond,CR,TRNFRELIGLPG,,,,2033,,,,,,236.83
FixedCost,NDCcond,CR,TRNFRELIGLPG,,,,2034,,,,,,236.83
FixedCost,NDCcond,CR,TRNFRELIGLPG,,,,2035,,,,,,236.83
FixedCost,NDCcond,CR,TRNFRELIGLPG,,,,2036,,,,,,236.83
FixedCost,NDCcond,CR,TRNFRELIGLPG,,,,2037,,,,,,236.83
FixedCost,NDCcond,CR,TRNFRELIGLPG,,,,2038,,,,,,236.83
FixedCost,NDCcond,CR,TRNFRELIGLPG,,,,2039,,,,,,236.83
FixedCost,NDCcond,CR,TRNFRELIGLPG,,,,2040,,,,,,236.83
FixedCost,NDCcond,CR,TRNFRELIGLPG,,,,2041,,,,,,236.83
FixedCost,NDCcond,CR,TRNFRELIGLPG,,,,2042,,,,,,236.83
FixedCost,NDCcond,CR,TRNFRELIGLPG,,,,2043,,,,,,236.83
FixedCost,NDCcond,CR,TRNFRELIGLPG,,,,2044,,,,,,236.83
FixedCost,NDCcond,CR,TRNFRELIGLPG,,,,2045,,,,,,236.83
FixedCost,NDCcond,CR,TRNFRELIGLPG,,,,2046,,,,,,236.83
FixedCost,NDCcond,CR,TRNFRELIGLPG,,,,2047,,,,,,236.83
FixedCost,NDCcond,CR,TRNFRELIGLPG,,,,2048,,,,,,236.83
FixedCost,NDCcond,CR,TRNFRELIGLPG,,,,2049,,,,,,236.83
FixedCost,NDCcond,CR,TRNFRELIGLPG,,,,2050,,,,,,236.83
FixedCost,NDCcond,CR,T4ELE_PUB,,,,2018,,,,,,6.4423
FixedCost,NDCcond,CR,T4ELE_PUB,,,,2019,,,,,,6.4423
FixedCost,NDCcond,CR,T4ELE_PUB,,,,2020,,,,,,6.4423
FixedCost,NDCcond,CR,T4ELE_PUB,,,,2021,,,,,,6.0423
FixedCost,NDCcond,CR,T4ELE_PUB,,,,2022,,,,,,5.6424
FixedCost,NDCcond,CR,T4ELE_PUB,,,,2023,,,,,,5.2424
FixedCost,NDCcond,CR,T4ELE_PUB,,,,2024,,,,,,4.8425
FixedCost,NDCcond,CR,T4ELE_PUB,,,,2025,,,,,,4.4425
FixedCost,NDCcond,CR,T4ELE_PUB,,,,2026,,,,,,4.1942
FixedCost,NDCcond,CR,T4ELE_PUB,,,,2027,,,,,,3.9458
FixedCost,NDCcond,CR,T4ELE_PUB,,,,2028,,,,,,3.6974
FixedCost,NDCcond,CR,T4ELE_PUB,,,,2029,,,,,,3.449
FixedCost,NDCcond,CR,T4ELE_PUB,,,,2030,,,,,,3.2007
FixedCost,NDCcond,CR,T4ELE_PUB,,,,2031,,,,,,3.2007
FixedCost,NDCcond,CR,T4ELE_PUB,,,,2032,,,,,,3.2007
FixedCost,NDCcond,CR,T4ELE_PUB,,,,2033,,,,,,3.2007
FixedCost,NDCcond,CR,T4ELE_PUB,,,,2034,,,,,,3.2007
FixedCost,NDCcond,CR,T4ELE_PUB,,,,2035,,,,,,3.2007
FixedCost,NDCcond,CR,T4ELE_PUB,,,,2036,,,,,,3.2007
FixedCost,NDCcond,CR,T4ELE_PUB,,,,2037,,,,,,3.2007
FixedCost,NDCcond,CR,T4ELE_PUB,,,,2038,,,,,,3.2007
FixedCost,NDCcond,CR,T4ELE_PUB,,,,2039,,,,,,3.2007
FixedCost,NDCcond,CR,T4ELE_PUB,,,,2040,,,,,,3.2007
FixedCost,NDCcond,CR,T4ELE_PUB,,,,2041,,,,,,3.2007
FixedCost,NDCcond,CR,T4ELE_PUB,,,,2042,,,,,,3.2007
FixedCost,NDCcond,CR,T4ELE_PUB,,,,2043,,,,,,3.2007
FixedCost,NDCcond,CR,T4ELE_PUB,,,,2044,,,,,,3.2007
FixedCost,NDCcond,CR,T4ELE_PUB,,,,2045,,,,,,3.2007
FixedCost,NDCcond,CR,T4ELE_PUB,,,,2046,,,,,,3.2007
FixedCost,NDCcond,CR,T4ELE_PUB,,,,2047,,,,,,3.2007
FixedCost,NDCcond,CR,T4ELE_PUB,,,,2048,,,,,,3.2007
FixedCost,NDCcond,CR,T4ELE_PUB,,,,2049,,,,,,3.2007
FixedCost,NDCcond,CR,T4ELE_PUB,,,,2050,,,,,,3.2007
FixedCost,NDCcond,CR,T4ELE_HEA,,,,2018,,,,,,1.412
FixedCost,NDCcond,CR,T4ELE_HEA,,,,2019,,,,,,1.412
FixedCost,NDCcond,CR,T4ELE_HEA,,,,2020,,,,,,1.412
FixedCost,NDCcond,CR,T4ELE_HEA,,,,2021,,,,,,1.3243
FixedCost,NDCcond,CR,T4ELE_HEA,,,,2022,,,,,,1.2367
FixedCost,NDCcond,CR,T4ELE_HEA,,,,2023,,,,,,1.149
FixedCost,NDCcond,CR,T4ELE_HEA,,,,2024,,,,,,1.0613
FixedCost,NDCcond,CR,T4ELE_HEA,,,,2025,,,,,,0.9737
FixedCost,NDCcond,CR,T4ELE_HEA,,,,2026,,,,,,0.9193
FixedCost,NDCcond,CR,T4ELE_HEA,,,,2027,,,,,,0.8648
FixedCost,NDCcond,CR,T4ELE_HEA,,,,2028,,,,,,0.8104
FixedCost,NDCcond,CR,T4ELE_HEA,,,,2029,,,,,,0.7559
FixedCost,NDCcond,CR,T4ELE_HEA,,,,2030,,,,,,0.7015
FixedCost,NDCcond,CR,T4ELE_HEA,,,,2031,,,,,,0.7015
FixedCost,NDCcond,CR,T4ELE_HEA,,,,2032,,,,,,0.7015
FixedCost,NDCcond,CR,T4ELE_HEA,,,,2033,,,,,,0.7015
FixedCost,NDCcond,CR,T4ELE_HEA,,,,2034,,,,,,0.7015
FixedCost,NDCcond,CR,T4ELE_HEA,,,,2035,,,,,,0.7015
FixedCost,NDCcond,CR,T4ELE_HEA,,,,2036,,,,,,0.7015
FixedCost,NDCcond,CR,T4ELE_HEA,,,,2037,,,,,,0.7015
FixedCost,NDCcond,CR,T4ELE_HEA,,,,2038,,,,,,0.7015
FixedCost,NDCcond,CR,T4ELE_HEA,,,,2039,,,,,,0.7015
FixedCost,NDCcond,CR,T4ELE_HEA,,,,2040,,,,,,0.7015
FixedCost,NDCcond,CR,T4ELE_HEA,,,,2041,,,,,,0.7015
FixedCost,NDCcond,CR,T4ELE_HEA,,,,2042,,,,,,0.7015
FixedCost,NDCcond,CR,T4ELE_HEA,,,,2043,,,,,,0.7015
FixedCost,NDCcond,CR,T4ELE_HEA,,,,2044,,,,,,0.7015
FixedCost,NDCcond,CR,T4ELE_HEA,,,,2045,,,,,,0.7015
FixedCost,NDCcond,CR,T4ELE_HEA,,,,2046,,,,,,0.7015
FixedCost,NDCcond,CR,T4ELE_HEA,,,,2047,,,,,,0.7015
FixedCost,NDCcond,CR,T4ELE_HEA,,,,2048,,,,,,0.7015
FixedCost,NDCcond,CR,T4ELE_HEA,,,,2049,,,,,,0.7015
FixedCost,NDCcond,CR,T4ELE_HEA,,,,2050,,,,,,0.7015
FixedCost,NDCcond,CR,T4ELE_LIG,,,,2018,,,,,,1.412
FixedCost,NDCcond,CR,T4ELE_LIG,,,,2019,,,,,,1.412
FixedCost,NDCcond,CR,T4ELE_LIG,,,,2020,,,,,,1.412
FixedCost,NDCcond,CR,T4ELE_LIG,,,,2021,,,,,,1.3243
FixedCost,NDCcond,CR,T4ELE_LIG,,,,2022,,,,,,1.2367
FixedCost,NDCcond,CR,T4ELE_LIG,,,,2023,,,,,,1.149
FixedCost,NDCcond,CR,T4ELE_LIG,,,,2024,,,,,,1.0613
FixedCost,NDCcond,CR,T4ELE_LIG,,,,2025,,,,,,0.9737
FixedCost,NDCcond,CR,T4ELE_LIG,,,,2026,,,,,,0.9193
FixedCost,NDCcond,CR,T4ELE_LIG,,,,2027,,,,,,0.8648
FixedCost,NDCcond,CR,T4ELE_LIG,,,,2028,,,,,,0.8104
FixedCost,NDCcond,CR,T4ELE_LIG,,,,2029,,,,,,0.7559
FixedCost,NDCcond,CR,T4ELE_LIG,,,,2030,,,,,,0.7015
FixedCost,NDCcond,CR,T4ELE_LIG,,,,2031,,,,,,0.7015
FixedCost,NDCcond,CR,T4ELE_LIG,,,,2032,,,,,,0.7015
FixedCost,NDCcond,CR,T4ELE_LIG,,,,2033,,,,,,0.7015
FixedCost,NDCcond,CR,T4ELE_LIG,,,,2034,,,,,,0.7015
FixedCost,NDCcond,CR,T4ELE_LIG,,,,2035,,,,,,0.7015
FixedCost,NDCcond,CR,T4ELE_LIG,,,,2036,,,,,,0.7015
FixedCost,NDCcond,CR,T4ELE_LIG,,,,2037,,,,,,0.7015
FixedCost,NDCcond,CR,T4ELE_LIG,,,,2038,,,,,,0.7015
FixedCost,NDCcond,CR,T4ELE_LIG,,,,2039,,,,,,0.7015
FixedCost,NDCcond,CR,T4ELE_LIG,,,,2040,,,,,,0.7015
FixedCost,NDCcond,CR,T4ELE_LIG,,,,2041,,,,,,0.7015
FixedCost,NDCcond,CR,T4ELE_LIG,,,,2042,,,,,,0.7015
FixedCost,NDCcond,CR,T4ELE_LIG,,,,2043,,,,,,0.7015
FixedCost,NDCcond,CR,T4ELE_LIG,,,,2044,,,,,,0.7015
FixedCost,NDCcond,CR,T4ELE_LIG,,,,2045,,,,,,0.7015
FixedCost,NDCcond,CR,T4ELE_LIG,,,,2046,,,,,,0.7015
FixedCost,NDCcond,CR,T4ELE_LIG,,,,2047,,,,,,0.7015
FixedCost,NDCcond,CR,T4ELE_LIG,,,,2048,,,,,,0.7015
FixedCost,NDCcond,CR,T4ELE_LIG,,,,2049,,,,,,0.7015
FixedCost,NDCcond,CR,T4ELE_LIG,,,,2050,,,,,,0.7015
